[2026-07-20 11:27:58] [INFO] [EasyAIStudio] Logger initialized.
[2026-07-20 11:27:58] [INFO] [EasyAIStudio] Logger initialized.
[2026-07-20 11:33:07] [INFO] [EasyAIStudio] Logger initialized.
[2026-07-20 11:33:07] [INFO] [EasyAIStudio] Bootstrap completed.
[2026-07-20 11:33:07] [INFO] [EasyAIStudio] Providers : 4
[2026-07-20 11:33:07] [INFO] [EasyAIStudio] Models    : 2
[2026-07-20 11:33:07] [INFO] [EasyAIStudio] Services  : 10
[2026-07-20 11:33:40] [INFO] [EasyAIStudio] GET / 200 7.93ms
[2026-07-20 11:33:40] [INFO] [EasyAIStudio] GET /favicon.ico 404 0.44ms
[2026-07-20 11:33:57] [INFO] [EasyAIStudio] GET /health 200 0.63ms
[2026-07-20 11:34:08] [INFO] [EasyAIStudio] GET /version 200 0.56ms
[2026-07-21 02:07:31] [INFO] [EasyAIStudio] Logger initialized.
[2026-07-21 02:07:31] [INFO] [EasyAIStudio] Bootstrap completed.
[2026-07-21 02:07:31] [INFO] [EasyAIStudio] Providers : 4
[2026-07-21 02:07:31] [INFO] [EasyAIStudio] Models    : 2
[2026-07-21 02:07:31] [INFO] [EasyAIStudio] Services  : 10
[2026-07-21 02:08:17] [INFO] [EasyAIStudio] GET /health 200 22.72ms
[2026-07-21 02:08:21] [INFO] [EasyAIStudio] GET /health 200 0.39ms
[2026-07-21 09:56:50] [INFO] [EasyAIStudio] Logger initialized.
[2026-07-21 09:56:50] [INFO] [EasyAIStudio] Bootstrap completed.
[2026-07-21 09:56:50] [INFO] [EasyAIStudio] Providers : 4
[2026-07-21 09:56:50] [INFO] [EasyAIStudio] Models    : 2
[2026-07-21 09:56:50] [INFO] [EasyAIStudio] Services  : 10
[2026-07-21 09:57:43] [INFO] [EasyAIStudio] GET /docs 200 0.20ms
[2026-07-21 09:57:43] [INFO] [EasyAIStudio] GET /openapi.json 200 16.69ms
[2026-07-21 09:59:43] [INFO] [EasyAIStudio] GET /docs 200 0.25ms
[2026-07-21 09:59:43] [INFO] [EasyAIStudio] GET /openapi.json 200 0.48ms
[2026-07-21 10:05:13] [ERROR] [EasyAIStudio] Unhandled Exception
[2026-07-21 10:05:13] [ERROR] [EasyAIStudio] Provider 'Mock' not found.
[2026-07-21 10:05:13] [ERROR] [EasyAIStudio]   + Exception Group Traceback (most recent call last):
  |   File "C:\Users\murat\AppData\Local\Programs\Python\Python312\Lib\site-packages\starlette\_utils.py", line 85, in create_collapsing_task_group
  |     async with anyio.create_task_group() as tg:
  |                ^^^^^^^^^^^^^^^^^^^^^^^^^
  |   File "C:\Users\murat\AppData\Local\Programs\Python\Python312\Lib\site-packages\anyio\_backends\_asyncio.py", line 799, in __aexit__
  |     raise BaseExceptionGroup(
  | ExceptionGroup: unhandled errors in a TaskGroup (1 sub-exception)
  +-+---------------- 1 ----------------
    | Traceback (most recent call last):
    |   File "C:\Users\murat\Desktop\EasyAIStudio\backend\middleware\error_handler.py", line 22, in dispatch
    |     return await call_next(request)
    |            ^^^^^^^^^^^^^^^^^^^^^^^^
    |   File "C:\Users\murat\AppData\Local\Programs\Python\Python312\Lib\site-packages\starlette\middleware\base.py", line 168, in call_next
    |     raise app_exc from app_exc.__cause__ or app_exc.__context__
    |   File "C:\Users\murat\AppData\Local\Programs\Python\Python312\Lib\site-packages\starlette\middleware\base.py", line 144, in coro
    |     await self.app(scope, receive_or_disconnect, send_no_error)
    |   File "C:\Users\murat\AppData\Local\Programs\Python\Python312\Lib\site-packages\starlette\middleware\base.py", line 193, in __call__
    |     response = await self.dispatch_func(request, call_next)
    |                ^^^^^^^^^^^^^^^^^^^^^^^^^^^^^^^^^^^^^^^^^^^^
    |   File "C:\Users\murat\Desktop\EasyAIStudio\backend\middleware\request_logger.py", line 21, in dispatch
    |     response = await call_next(request)
    |                ^^^^^^^^^^^^^^^^^^^^^^^^
    |   File "C:\Users\murat\AppData\Local\Programs\Python\Python312\Lib\site-packages\starlette\middleware\base.py", line 168, in call_next
    |     raise app_exc from app_exc.__cause__ or app_exc.__context__
    |   File "C:\Users\murat\AppData\Local\Programs\Python\Python312\Lib\site-packages\starlette\middleware\base.py", line 144, in coro
    |     await self.app(scope, receive_or_disconnect, send_no_error)
    |   File "C:\Users\murat\AppData\Local\Programs\Python\Python312\Lib\site-packages\starlette\middleware\cors.py", line 96, in __call__
    |     await self.simple_response(scope, receive, send, request_headers=headers)
    |   File "C:\Users\murat\AppData\Local\Programs\Python\Python312\Lib\site-packages\starlette\middleware\cors.py", line 154, in simple_response
    |     await self.app(scope, receive, send)
    |   File "C:\Users\murat\AppData\Local\Programs\Python\Python312\Lib\site-packages\starlette\middleware\exceptions.py", line 63, in __call__
    |     await wrap_app_handling_exceptions(self.app, conn)(scope, receive, send)
    |   File "C:\Users\murat\AppData\Local\Programs\Python\Python312\Lib\site-packages\starlette\_exception_handler.py", line 53, in wrapped_app
    |     raise exc
    |   File "C:\Users\murat\AppData\Local\Programs\Python\Python312\Lib\site-packages\starlette\_exception_handler.py", line 42, in wrapped_app
    |     await app(scope, receive, sender)
    |   File "C:\Users\murat\AppData\Local\Programs\Python\Python312\Lib\site-packages\fastapi\middleware\asyncexitstack.py", line 18, in __call__
    |     await self.app(scope, receive, send)
    |   File "C:\Users\murat\AppData\Local\Programs\Python\Python312\Lib\site-packages\starlette\routing.py", line 660, in __call__
    |     await self.middleware_stack(scope, receive, send)
    |   File "C:\Users\murat\AppData\Local\Programs\Python\Python312\Lib\site-packages\fastapi\routing.py", line 2683, in app
    |     await route.handle(scope, receive, send)
    |   File "C:\Users\murat\AppData\Local\Programs\Python\Python312\Lib\site-packages\fastapi\routing.py", line 1753, in handle
    |     await self.original_router.handle(scope, receive, send)
    |   File "C:\Users\murat\AppData\Local\Programs\Python\Python312\Lib\site-packages\fastapi\routing.py", line 2738, in handle
    |     await included_router._handle_selected(scope, receive, send)
    |   File "C:\Users\murat\AppData\Local\Programs\Python\Python312\Lib\site-packages\fastapi\routing.py", line 1764, in _handle_selected
    |     await route.handle(scope, receive, send)
    |   File "C:\Users\murat\AppData\Local\Programs\Python\Python312\Lib\site-packages\fastapi\routing.py", line 1753, in handle
    |     await self.original_router.handle(scope, receive, send)
    |   File "C:\Users\murat\AppData\Local\Programs\Python\Python312\Lib\site-packages\fastapi\routing.py", line 2738, in handle
    |     await included_router._handle_selected(scope, receive, send)
    |   File "C:\Users\murat\AppData\Local\Programs\Python\Python312\Lib\site-packages\fastapi\routing.py", line 1773, in _handle_selected
    |     await original_route.handle(scope, receive, send)
    |   File "C:\Users\murat\AppData\Local\Programs\Python\Python312\Lib\site-packages\fastapi\routing.py", line 1264, in handle
    |     await app(scope, receive, send)
    |   File "C:\Users\murat\AppData\Local\Programs\Python\Python312\Lib\site-packages\fastapi\routing.py", line 150, in app
    |     await wrap_app_handling_exceptions(app, request)(scope, receive, send)
    |   File "C:\Users\murat\AppData\Local\Programs\Python\Python312\Lib\site-packages\starlette\_exception_handler.py", line 53, in wrapped_app
    |     raise exc
    |   File "C:\Users\murat\AppData\Local\Programs\Python\Python312\Lib\site-packages\starlette\_exception_handler.py", line 42, in wrapped_app
    |     await app(scope, receive, sender)
    |   File "C:\Users\murat\AppData\Local\Programs\Python\Python312\Lib\site-packages\fastapi\routing.py", line 136, in app
    |     response = await f(request)
    |                ^^^^^^^^^^^^^^^^
    |   File "C:\Users\murat\AppData\Local\Programs\Python\Python312\Lib\site-packages\fastapi\routing.py", line 690, in app
    |     raw_response = await run_endpoint_function(
    |                    ^^^^^^^^^^^^^^^^^^^^^^^^^^^^
    |   File "C:\Users\murat\AppData\Local\Programs\Python\Python312\Lib\site-packages\fastapi\routing.py", line 344, in run_endpoint_function
    |     return await dependant.call(**values)
    |            ^^^^^^^^^^^^^^^^^^^^^^^^^^^^^^
    |   File "C:\Users\murat\Desktop\EasyAIStudio\backend\api\endpoints\images.py", line 28, in generate_image
    |     return await image_service.generate(request)
    |            ^^^^^^^^^^^^^^^^^^^^^^^^^^^^^^^^^^^^^
    |   File "C:\Users\murat\Desktop\EasyAIStudio\backend\services\image_service.py", line 24, in generate
    |     provider = provider_service.manager().get(
    |                ^^^^^^^^^^^^^^^^^^^^^^^^^^^^^^^
    |   File "C:\Users\murat\Desktop\EasyAIStudio\backend\providers\provider_manager.py", line 67, in get
    |     raise ValueError(
    | ValueError: Provider 'Mock' not found.
    +------------------------------------

The above exception was the direct cause of the following exception:

Traceback (most recent call last):
  File "C:\Users\murat\Desktop\EasyAIStudio\backend\middleware\error_handler.py", line 22, in dispatch
    return await call_next(request)
           ^^^^^^^^^^^^^^^^^^^^^^^^
  File "C:\Users\murat\AppData\Local\Programs\Python\Python312\Lib\site-packages\starlette\middleware\base.py", line 168, in call_next
    raise app_exc from app_exc.__cause__ or app_exc.__context__
  File "C:\Users\murat\AppData\Local\Programs\Python\Python312\Lib\site-packages\starlette\middleware\base.py", line 144, in coro
    await self.app(scope, receive_or_disconnect, send_no_error)
  File "C:\Users\murat\AppData\Local\Programs\Python\Python312\Lib\site-packages\starlette\middleware\base.py", line 193, in __call__
    response = await self.dispatch_func(request, call_next)
               ^^^^^^^^^^^^^^^^^^^^^^^^^^^^^^^^^^^^^^^^^^^^
  File "C:\Users\murat\Desktop\EasyAIStudio\backend\middleware\request_logger.py", line 21, in dispatch
    response = await call_next(request)
               ^^^^^^^^^^^^^^^^^^^^^^^^
  File "C:\Users\murat\AppData\Local\Programs\Python\Python312\Lib\site-packages\starlette\middleware\base.py", line 168, in call_next
    raise app_exc from app_exc.__cause__ or app_exc.__context__
  File "C:\Users\murat\AppData\Local\Programs\Python\Python312\Lib\site-packages\starlette\middleware\base.py", line 144, in coro
    await self.app(scope, receive_or_disconnect, send_no_error)
  File "C:\Users\murat\AppData\Local\Programs\Python\Python312\Lib\site-packages\starlette\middleware\cors.py", line 96, in __call__
    await self.simple_response(scope, receive, send, request_headers=headers)
  File "C:\Users\murat\AppData\Local\Programs\Python\Python312\Lib\site-packages\starlette\middleware\cors.py", line 154, in simple_response
    await self.app(scope, receive, send)
  File "C:\Users\murat\AppData\Local\Programs\Python\Python312\Lib\site-packages\starlette\middleware\exceptions.py", line 63, in __call__
    await wrap_app_handling_exceptions(self.app, conn)(scope, receive, send)
  File "C:\Users\murat\AppData\Local\Programs\Python\Python312\Lib\site-packages\starlette\_exception_handler.py", line 53, in wrapped_app
    raise exc
  File "C:\Users\murat\AppData\Local\Programs\Python\Python312\Lib\site-packages\starlette\_exception_handler.py", line 42, in wrapped_app
    await app(scope, receive, sender)
  File "C:\Users\murat\AppData\Local\Programs\Python\Python312\Lib\site-packages\fastapi\middleware\asyncexitstack.py", line 18, in __call__
    await self.app(scope, receive, send)
  File "C:\Users\murat\AppData\Local\Programs\Python\Python312\Lib\site-packages\starlette\routing.py", line 660, in __call__
    await self.middleware_stack(scope, receive, send)
  File "C:\Users\murat\AppData\Local\Programs\Python\Python312\Lib\site-packages\fastapi\routing.py", line 2683, in app
    await route.handle(scope, receive, send)
  File "C:\Users\murat\AppData\Local\Programs\Python\Python312\Lib\site-packages\fastapi\routing.py", line 1753, in handle
    await self.original_router.handle(scope, receive, send)
  File "C:\Users\murat\AppData\Local\Programs\Python\Python312\Lib\site-packages\fastapi\routing.py", line 2738, in handle
    await included_router._handle_selected(scope, receive, send)
  File "C:\Users\murat\AppData\Local\Programs\Python\Python312\Lib\site-packages\fastapi\routing.py", line 1764, in _handle_selected
    await route.handle(scope, receive, send)
  File "C:\Users\murat\AppData\Local\Programs\Python\Python312\Lib\site-packages\fastapi\routing.py", line 1753, in handle
    await self.original_router.handle(scope, receive, send)
  File "C:\Users\murat\AppData\Local\Programs\Python\Python312\Lib\site-packages\fastapi\routing.py", line 2738, in handle
    await included_router._handle_selected(scope, receive, send)
  File "C:\Users\murat\AppData\Local\Programs\Python\Python312\Lib\site-packages\fastapi\routing.py", line 1773, in _handle_selected
    await original_route.handle(scope, receive, send)
  File "C:\Users\murat\AppData\Local\Programs\Python\Python312\Lib\site-packages\fastapi\routing.py", line 1264, in handle
    await app(scope, receive, send)
  File "C:\Users\murat\AppData\Local\Programs\Python\Python312\Lib\site-packages\fastapi\routing.py", line 150, in app
    await wrap_app_handling_exceptions(app, request)(scope, receive, send)
  File "C:\Users\murat\AppData\Local\Programs\Python\Python312\Lib\site-packages\starlette\_exception_handler.py", line 53, in wrapped_app
    raise exc
  File "C:\Users\murat\AppData\Local\Programs\Python\Python312\Lib\site-packages\starlette\_exception_handler.py", line 42, in wrapped_app
    await app(scope, receive, sender)
  File "C:\Users\murat\AppData\Local\Programs\Python\Python312\Lib\site-packages\fastapi\routing.py", line 136, in app
    response = await f(request)
               ^^^^^^^^^^^^^^^^
  File "C:\Users\murat\AppData\Local\Programs\Python\Python312\Lib\site-packages\fastapi\routing.py", line 690, in app
    raw_response = await run_endpoint_function(
                   ^^^^^^^^^^^^^^^^^^^^^^^^^^^^
  File "C:\Users\murat\AppData\Local\Programs\Python\Python312\Lib\site-packages\fastapi\routing.py", line 344, in run_endpoint_function
    return await dependant.call(**values)
           ^^^^^^^^^^^^^^^^^^^^^^^^^^^^^^
  File "C:\Users\murat\Desktop\EasyAIStudio\backend\api\endpoints\images.py", line 28, in generate_image
    return await image_service.generate(request)
           ^^^^^^^^^^^^^^^^^^^^^^^^^^^^^^^^^^^^^
  File "C:\Users\murat\Desktop\EasyAIStudio\backend\services\image_service.py", line 24, in generate
    provider = provider_service.manager().get(
               ^^^^^^^^^^^^^^^^^^^^^^^^^^^^^^^
  File "C:\Users\murat\Desktop\EasyAIStudio\backend\providers\provider_manager.py", line 67, in get
    raise ValueError(
ValueError: Provider 'Mock' not found.

[2026-07-21 10:05:17] [ERROR] [EasyAIStudio] Unhandled Exception
[2026-07-21 10:05:17] [ERROR] [EasyAIStudio] Provider 'Mock' not found.
[2026-07-21 10:05:17] [ERROR] [EasyAIStudio]   + Exception Group Traceback (most recent call last):
  |   File "C:\Users\murat\AppData\Local\Programs\Python\Python312\Lib\site-packages\starlette\_utils.py", line 85, in create_collapsing_task_group
  |     async with anyio.create_task_group() as tg:
  |                ^^^^^^^^^^^^^^^^^^^^^^^^^
  |   File "C:\Users\murat\AppData\Local\Programs\Python\Python312\Lib\site-packages\anyio\_backends\_asyncio.py", line 799, in __aexit__
  |     raise BaseExceptionGroup(
  | ExceptionGroup: unhandled errors in a TaskGroup (1 sub-exception)
  +-+---------------- 1 ----------------
    | Traceback (most recent call last):
    |   File "C:\Users\murat\Desktop\EasyAIStudio\backend\middleware\error_handler.py", line 22, in dispatch
    |     return await call_next(request)
    |            ^^^^^^^^^^^^^^^^^^^^^^^^
    |   File "C:\Users\murat\AppData\Local\Programs\Python\Python312\Lib\site-packages\starlette\middleware\base.py", line 168, in call_next
    |     raise app_exc from app_exc.__cause__ or app_exc.__context__
    |   File "C:\Users\murat\AppData\Local\Programs\Python\Python312\Lib\site-packages\starlette\middleware\base.py", line 144, in coro
    |     await self.app(scope, receive_or_disconnect, send_no_error)
    |   File "C:\Users\murat\AppData\Local\Programs\Python\Python312\Lib\site-packages\starlette\middleware\base.py", line 193, in __call__
    |     response = await self.dispatch_func(request, call_next)
    |                ^^^^^^^^^^^^^^^^^^^^^^^^^^^^^^^^^^^^^^^^^^^^
    |   File "C:\Users\murat\Desktop\EasyAIStudio\backend\middleware\request_logger.py", line 21, in dispatch
    |     response = await call_next(request)
    |                ^^^^^^^^^^^^^^^^^^^^^^^^
    |   File "C:\Users\murat\AppData\Local\Programs\Python\Python312\Lib\site-packages\starlette\middleware\base.py", line 168, in call_next
    |     raise app_exc from app_exc.__cause__ or app_exc.__context__
    |   File "C:\Users\murat\AppData\Local\Programs\Python\Python312\Lib\site-packages\starlette\middleware\base.py", line 144, in coro
    |     await self.app(scope, receive_or_disconnect, send_no_error)
    |   File "C:\Users\murat\AppData\Local\Programs\Python\Python312\Lib\site-packages\starlette\middleware\cors.py", line 96, in __call__
    |     await self.simple_response(scope, receive, send, request_headers=headers)
    |   File "C:\Users\murat\AppData\Local\Programs\Python\Python312\Lib\site-packages\starlette\middleware\cors.py", line 154, in simple_response
    |     await self.app(scope, receive, send)
    |   File "C:\Users\murat\AppData\Local\Programs\Python\Python312\Lib\site-packages\starlette\middleware\exceptions.py", line 63, in __call__
    |     await wrap_app_handling_exceptions(self.app, conn)(scope, receive, send)
    |   File "C:\Users\murat\AppData\Local\Programs\Python\Python312\Lib\site-packages\starlette\_exception_handler.py", line 53, in wrapped_app
    |     raise exc
    |   File "C:\Users\murat\AppData\Local\Programs\Python\Python312\Lib\site-packages\starlette\_exception_handler.py", line 42, in wrapped_app
    |     await app(scope, receive, sender)
    |   File "C:\Users\murat\AppData\Local\Programs\Python\Python312\Lib\site-packages\fastapi\middleware\asyncexitstack.py", line 18, in __call__
    |     await self.app(scope, receive, send)
    |   File "C:\Users\murat\AppData\Local\Programs\Python\Python312\Lib\site-packages\starlette\routing.py", line 660, in __call__
    |     await self.middleware_stack(scope, receive, send)
    |   File "C:\Users\murat\AppData\Local\Programs\Python\Python312\Lib\site-packages\fastapi\routing.py", line 2683, in app
    |     await route.handle(scope, receive, send)
    |   File "C:\Users\murat\AppData\Local\Programs\Python\Python312\Lib\site-packages\fastapi\routing.py", line 1753, in handle
    |     await self.original_router.handle(scope, receive, send)
    |   File "C:\Users\murat\AppData\Local\Programs\Python\Python312\Lib\site-packages\fastapi\routing.py", line 2738, in handle
    |     await included_router._handle_selected(scope, receive, send)
    |   File "C:\Users\murat\AppData\Local\Programs\Python\Python312\Lib\site-packages\fastapi\routing.py", line 1764, in _handle_selected
    |     await route.handle(scope, receive, send)
    |   File "C:\Users\murat\AppData\Local\Programs\Python\Python312\Lib\site-packages\fastapi\routing.py", line 1753, in handle
    |     await self.original_router.handle(scope, receive, send)
    |   File "C:\Users\murat\AppData\Local\Programs\Python\Python312\Lib\site-packages\fastapi\routing.py", line 2738, in handle
    |     await included_router._handle_selected(scope, receive, send)
    |   File "C:\Users\murat\AppData\Local\Programs\Python\Python312\Lib\site-packages\fastapi\routing.py", line 1773, in _handle_selected
    |     await original_route.handle(scope, receive, send)
    |   File "C:\Users\murat\AppData\Local\Programs\Python\Python312\Lib\site-packages\fastapi\routing.py", line 1264, in handle
    |     await app(scope, receive, send)
    |   File "C:\Users\murat\AppData\Local\Programs\Python\Python312\Lib\site-packages\fastapi\routing.py", line 150, in app
    |     await wrap_app_handling_exceptions(app, request)(scope, receive, send)
    |   File "C:\Users\murat\AppData\Local\Programs\Python\Python312\Lib\site-packages\starlette\_exception_handler.py", line 53, in wrapped_app
    |     raise exc
    |   File "C:\Users\murat\AppData\Local\Programs\Python\Python312\Lib\site-packages\starlette\_exception_handler.py", line 42, in wrapped_app
    |     await app(scope, receive, sender)
    |   File "C:\Users\murat\AppData\Local\Programs\Python\Python312\Lib\site-packages\fastapi\routing.py", line 136, in app
    |     response = await f(request)
    |                ^^^^^^^^^^^^^^^^
    |   File "C:\Users\murat\AppData\Local\Programs\Python\Python312\Lib\site-packages\fastapi\routing.py", line 690, in app
    |     raw_response = await run_endpoint_function(
    |                    ^^^^^^^^^^^^^^^^^^^^^^^^^^^^
    |   File "C:\Users\murat\AppData\Local\Programs\Python\Python312\Lib\site-packages\fastapi\routing.py", line 344, in run_endpoint_function
    |     return await dependant.call(**values)
    |            ^^^^^^^^^^^^^^^^^^^^^^^^^^^^^^
    |   File "C:\Users\murat\Desktop\EasyAIStudio\backend\api\endpoints\images.py", line 28, in generate_image
    |     return await image_service.generate(request)
    |            ^^^^^^^^^^^^^^^^^^^^^^^^^^^^^^^^^^^^^
    |   File "C:\Users\murat\Desktop\EasyAIStudio\backend\services\image_service.py", line 24, in generate
    |     provider = provider_service.manager().get(
    |                ^^^^^^^^^^^^^^^^^^^^^^^^^^^^^^^
    |   File "C:\Users\murat\Desktop\EasyAIStudio\backend\providers\provider_manager.py", line 67, in get
    |     raise ValueError(
    | ValueError: Provider 'Mock' not found.
    +------------------------------------

The above exception was the direct cause of the following exception:

Traceback (most recent call last):
  File "C:\Users\murat\Desktop\EasyAIStudio\backend\middleware\error_handler.py", line 22, in dispatch
    return await call_next(request)
           ^^^^^^^^^^^^^^^^^^^^^^^^
  File "C:\Users\murat\AppData\Local\Programs\Python\Python312\Lib\site-packages\starlette\middleware\base.py", line 168, in call_next
    raise app_exc from app_exc.__cause__ or app_exc.__context__
  File "C:\Users\murat\AppData\Local\Programs\Python\Python312\Lib\site-packages\starlette\middleware\base.py", line 144, in coro
    await self.app(scope, receive_or_disconnect, send_no_error)
  File "C:\Users\murat\AppData\Local\Programs\Python\Python312\Lib\site-packages\starlette\middleware\base.py", line 193, in __call__
    response = await self.dispatch_func(request, call_next)
               ^^^^^^^^^^^^^^^^^^^^^^^^^^^^^^^^^^^^^^^^^^^^
  File "C:\Users\murat\Desktop\EasyAIStudio\backend\middleware\request_logger.py", line 21, in dispatch
    response = await call_next(request)
               ^^^^^^^^^^^^^^^^^^^^^^^^
  File "C:\Users\murat\AppData\Local\Programs\Python\Python312\Lib\site-packages\starlette\middleware\base.py", line 168, in call_next
    raise app_exc from app_exc.__cause__ or app_exc.__context__
  File "C:\Users\murat\AppData\Local\Programs\Python\Python312\Lib\site-packages\starlette\middleware\base.py", line 144, in coro
    await self.app(scope, receive_or_disconnect, send_no_error)
  File "C:\Users\murat\AppData\Local\Programs\Python\Python312\Lib\site-packages\starlette\middleware\cors.py", line 96, in __call__
    await self.simple_response(scope, receive, send, request_headers=headers)
  File "C:\Users\murat\AppData\Local\Programs\Python\Python312\Lib\site-packages\starlette\middleware\cors.py", line 154, in simple_response
    await self.app(scope, receive, send)
  File "C:\Users\murat\AppData\Local\Programs\Python\Python312\Lib\site-packages\starlette\middleware\exceptions.py", line 63, in __call__
    await wrap_app_handling_exceptions(self.app, conn)(scope, receive, send)
  File "C:\Users\murat\AppData\Local\Programs\Python\Python312\Lib\site-packages\starlette\_exception_handler.py", line 53, in wrapped_app
    raise exc
  File "C:\Users\murat\AppData\Local\Programs\Python\Python312\Lib\site-packages\starlette\_exception_handler.py", line 42, in wrapped_app
    await app(scope, receive, sender)
  File "C:\Users\murat\AppData\Local\Programs\Python\Python312\Lib\site-packages\fastapi\middleware\asyncexitstack.py", line 18, in __call__
    await self.app(scope, receive, send)
  File "C:\Users\murat\AppData\Local\Programs\Python\Python312\Lib\site-packages\starlette\routing.py", line 660, in __call__
    await self.middleware_stack(scope, receive, send)
  File "C:\Users\murat\AppData\Local\Programs\Python\Python312\Lib\site-packages\fastapi\routing.py", line 2683, in app
    await route.handle(scope, receive, send)
  File "C:\Users\murat\AppData\Local\Programs\Python\Python312\Lib\site-packages\fastapi\routing.py", line 1753, in handle
    await self.original_router.handle(scope, receive, send)
  File "C:\Users\murat\AppData\Local\Programs\Python\Python312\Lib\site-packages\fastapi\routing.py", line 2738, in handle
    await included_router._handle_selected(scope, receive, send)
  File "C:\Users\murat\AppData\Local\Programs\Python\Python312\Lib\site-packages\fastapi\routing.py", line 1764, in _handle_selected
    await route.handle(scope, receive, send)
  File "C:\Users\murat\AppData\Local\Programs\Python\Python312\Lib\site-packages\fastapi\routing.py", line 1753, in handle
    await self.original_router.handle(scope, receive, send)
  File "C:\Users\murat\AppData\Local\Programs\Python\Python312\Lib\site-packages\fastapi\routing.py", line 2738, in handle
    await included_router._handle_selected(scope, receive, send)
  File "C:\Users\murat\AppData\Local\Programs\Python\Python312\Lib\site-packages\fastapi\routing.py", line 1773, in _handle_selected
    await original_route.handle(scope, receive, send)
  File "C:\Users\murat\AppData\Local\Programs\Python\Python312\Lib\site-packages\fastapi\routing.py", line 1264, in handle
    await app(scope, receive, send)
  File "C:\Users\murat\AppData\Local\Programs\Python\Python312\Lib\site-packages\fastapi\routing.py", line 150, in app
    await wrap_app_handling_exceptions(app, request)(scope, receive, send)
  File "C:\Users\murat\AppData\Local\Programs\Python\Python312\Lib\site-packages\starlette\_exception_handler.py", line 53, in wrapped_app
    raise exc
  File "C:\Users\murat\AppData\Local\Programs\Python\Python312\Lib\site-packages\starlette\_exception_handler.py", line 42, in wrapped_app
    await app(scope, receive, sender)
  File "C:\Users\murat\AppData\Local\Programs\Python\Python312\Lib\site-packages\fastapi\routing.py", line 136, in app
    response = await f(request)
               ^^^^^^^^^^^^^^^^
  File "C:\Users\murat\AppData\Local\Programs\Python\Python312\Lib\site-packages\fastapi\routing.py", line 690, in app
    raw_response = await run_endpoint_function(
                   ^^^^^^^^^^^^^^^^^^^^^^^^^^^^
  File "C:\Users\murat\AppData\Local\Programs\Python\Python312\Lib\site-packages\fastapi\routing.py", line 344, in run_endpoint_function
    return await dependant.call(**values)
           ^^^^^^^^^^^^^^^^^^^^^^^^^^^^^^
  File "C:\Users\murat\Desktop\EasyAIStudio\backend\api\endpoints\images.py", line 28, in generate_image
    return await image_service.generate(request)
           ^^^^^^^^^^^^^^^^^^^^^^^^^^^^^^^^^^^^^
  File "C:\Users\murat\Desktop\EasyAIStudio\backend\services\image_service.py", line 24, in generate
    provider = provider_service.manager().get(
               ^^^^^^^^^^^^^^^^^^^^^^^^^^^^^^^
  File "C:\Users\murat\Desktop\EasyAIStudio\backend\providers\provider_manager.py", line 67, in get
    raise ValueError(
ValueError: Provider 'Mock' not found.

[2026-07-21 10:10:16] [INFO] [EasyAIStudio] GET /docs 200 0.21ms
[2026-07-21 10:10:16] [INFO] [EasyAIStudio] GET /openapi.json 200 0.44ms
[2026-07-21 11:55:12] [INFO] [EasyAIStudio] Logger initialized.
[2026-07-21 11:55:12] [INFO] [EasyAIStudio] Bootstrap completed.
[2026-07-21 11:55:12] [INFO] [EasyAIStudio] Providers : 4
[2026-07-21 11:55:12] [INFO] [EasyAIStudio] Models    : 2
[2026-07-21 11:55:12] [INFO] [EasyAIStudio] Services  : 10
[2026-07-21 11:56:32] [INFO] [EasyAIStudio] Logger initialized.
[2026-07-21 11:56:32] [INFO] [EasyAIStudio] Bootstrap completed.
[2026-07-21 11:56:32] [INFO] [EasyAIStudio] Providers : 4
[2026-07-21 11:56:32] [INFO] [EasyAIStudio] Models    : 2
[2026-07-21 11:56:32] [INFO] [EasyAIStudio] Services  : 10
[2026-07-21 11:57:11] [INFO] [EasyAIStudio] GET /docs 200 0.17ms
[2026-07-21 11:57:11] [INFO] [EasyAIStudio] GET /openapi.json 200 18.25ms
[2026-07-21 11:59:12] [INFO] [EasyAIStudio] GET /docs 200 0.17ms
[2026-07-21 11:59:12] [INFO] [EasyAIStudio] GET /openapi.json 200 0.44ms
[2026-07-21 12:00:38] [ERROR] [EasyAIStudio] Unhandled Exception
[2026-07-21 12:00:38] [ERROR] [EasyAIStudio] 2 validation errors for ImageResponse
image
  Field required [type=missing, input_value={'success': True, 'provid...'Mock image generated.'}, input_type=dict]
    For further information visit https://errors.pydantic.dev/2.13/v/missing
prompt
  Field required [type=missing, input_value={'success': True, 'provid...'Mock image generated.'}, input_type=dict]
    For further information visit https://errors.pydantic.dev/2.13/v/missing
[2026-07-21 12:00:38] [ERROR] [EasyAIStudio]   + Exception Group Traceback (most recent call last):
  |   File "C:\Users\murat\AppData\Local\Programs\Python\Python312\Lib\site-packages\starlette\_utils.py", line 85, in create_collapsing_task_group
  |     async with anyio.create_task_group() as tg:
  |                ^^^^^^^^^^^^^^^^^^^^^^^^^
  |   File "C:\Users\murat\AppData\Local\Programs\Python\Python312\Lib\site-packages\anyio\_backends\_asyncio.py", line 799, in __aexit__
  |     raise BaseExceptionGroup(
  | ExceptionGroup: unhandled errors in a TaskGroup (1 sub-exception)
  +-+---------------- 1 ----------------
    | Traceback (most recent call last):
    |   File "C:\Users\murat\Desktop\EasyAIStudio\backend\middleware\error_handler.py", line 22, in dispatch
    |     return await call_next(request)
    |            ^^^^^^^^^^^^^^^^^^^^^^^^
    |   File "C:\Users\murat\AppData\Local\Programs\Python\Python312\Lib\site-packages\starlette\middleware\base.py", line 168, in call_next
    |     raise app_exc from app_exc.__cause__ or app_exc.__context__
    |   File "C:\Users\murat\AppData\Local\Programs\Python\Python312\Lib\site-packages\starlette\middleware\base.py", line 144, in coro
    |     await self.app(scope, receive_or_disconnect, send_no_error)
    |   File "C:\Users\murat\AppData\Local\Programs\Python\Python312\Lib\site-packages\starlette\middleware\base.py", line 193, in __call__
    |     response = await self.dispatch_func(request, call_next)
    |                ^^^^^^^^^^^^^^^^^^^^^^^^^^^^^^^^^^^^^^^^^^^^
    |   File "C:\Users\murat\Desktop\EasyAIStudio\backend\middleware\request_logger.py", line 21, in dispatch
    |     response = await call_next(request)
    |                ^^^^^^^^^^^^^^^^^^^^^^^^
    |   File "C:\Users\murat\AppData\Local\Programs\Python\Python312\Lib\site-packages\starlette\middleware\base.py", line 168, in call_next
    |     raise app_exc from app_exc.__cause__ or app_exc.__context__
    |   File "C:\Users\murat\AppData\Local\Programs\Python\Python312\Lib\site-packages\starlette\middleware\base.py", line 144, in coro
    |     await self.app(scope, receive_or_disconnect, send_no_error)
    |   File "C:\Users\murat\AppData\Local\Programs\Python\Python312\Lib\site-packages\starlette\middleware\cors.py", line 96, in __call__
    |     await self.simple_response(scope, receive, send, request_headers=headers)
    |   File "C:\Users\murat\AppData\Local\Programs\Python\Python312\Lib\site-packages\starlette\middleware\cors.py", line 154, in simple_response
    |     await self.app(scope, receive, send)
    |   File "C:\Users\murat\AppData\Local\Programs\Python\Python312\Lib\site-packages\starlette\middleware\exceptions.py", line 63, in __call__
    |     await wrap_app_handling_exceptions(self.app, conn)(scope, receive, send)
    |   File "C:\Users\murat\AppData\Local\Programs\Python\Python312\Lib\site-packages\starlette\_exception_handler.py", line 53, in wrapped_app
    |     raise exc
    |   File "C:\Users\murat\AppData\Local\Programs\Python\Python312\Lib\site-packages\starlette\_exception_handler.py", line 42, in wrapped_app
    |     await app(scope, receive, sender)
    |   File "C:\Users\murat\AppData\Local\Programs\Python\Python312\Lib\site-packages\fastapi\middleware\asyncexitstack.py", line 18, in __call__
    |     await self.app(scope, receive, send)
    |   File "C:\Users\murat\AppData\Local\Programs\Python\Python312\Lib\site-packages\starlette\routing.py", line 660, in __call__
    |     await self.middleware_stack(scope, receive, send)
    |   File "C:\Users\murat\AppData\Local\Programs\Python\Python312\Lib\site-packages\fastapi\routing.py", line 2683, in app
    |     await route.handle(scope, receive, send)
    |   File "C:\Users\murat\AppData\Local\Programs\Python\Python312\Lib\site-packages\fastapi\routing.py", line 1753, in handle
    |     await self.original_router.handle(scope, receive, send)
    |   File "C:\Users\murat\AppData\Local\Programs\Python\Python312\Lib\site-packages\fastapi\routing.py", line 2738, in handle
    |     await included_router._handle_selected(scope, receive, send)
    |   File "C:\Users\murat\AppData\Local\Programs\Python\Python312\Lib\site-packages\fastapi\routing.py", line 1764, in _handle_selected
    |     await route.handle(scope, receive, send)
    |   File "C:\Users\murat\AppData\Local\Programs\Python\Python312\Lib\site-packages\fastapi\routing.py", line 1753, in handle
    |     await self.original_router.handle(scope, receive, send)
    |   File "C:\Users\murat\AppData\Local\Programs\Python\Python312\Lib\site-packages\fastapi\routing.py", line 2738, in handle
    |     await included_router._handle_selected(scope, receive, send)
    |   File "C:\Users\murat\AppData\Local\Programs\Python\Python312\Lib\site-packages\fastapi\routing.py", line 1773, in _handle_selected
    |     await original_route.handle(scope, receive, send)
    |   File "C:\Users\murat\AppData\Local\Programs\Python\Python312\Lib\site-packages\fastapi\routing.py", line 1264, in handle
    |     await app(scope, receive, send)
    |   File "C:\Users\murat\AppData\Local\Programs\Python\Python312\Lib\site-packages\fastapi\routing.py", line 150, in app
    |     await wrap_app_handling_exceptions(app, request)(scope, receive, send)
    |   File "C:\Users\murat\AppData\Local\Programs\Python\Python312\Lib\site-packages\starlette\_exception_handler.py", line 53, in wrapped_app
    |     raise exc
    |   File "C:\Users\murat\AppData\Local\Programs\Python\Python312\Lib\site-packages\starlette\_exception_handler.py", line 42, in wrapped_app
    |     await app(scope, receive, sender)
    |   File "C:\Users\murat\AppData\Local\Programs\Python\Python312\Lib\site-packages\fastapi\routing.py", line 136, in app
    |     response = await f(request)
    |                ^^^^^^^^^^^^^^^^
    |   File "C:\Users\murat\AppData\Local\Programs\Python\Python312\Lib\site-packages\fastapi\routing.py", line 690, in app
    |     raw_response = await run_endpoint_function(
    |                    ^^^^^^^^^^^^^^^^^^^^^^^^^^^^
    |   File "C:\Users\murat\AppData\Local\Programs\Python\Python312\Lib\site-packages\fastapi\routing.py", line 344, in run_endpoint_function
    |     return await dependant.call(**values)
    |            ^^^^^^^^^^^^^^^^^^^^^^^^^^^^^^
    |   File "C:\Users\murat\Desktop\EasyAIStudio\backend\api\endpoints\images.py", line 28, in generate_image
    |     return await image_service.generate(request)
    |            ^^^^^^^^^^^^^^^^^^^^^^^^^^^^^^^^^^^^^
    |   File "C:\Users\murat\Desktop\EasyAIStudio\backend\services\image_service.py", line 28, in generate
    |     return await provider.generate_image(
    |            ^^^^^^^^^^^^^^^^^^^^^^^^^^^^^^
    |   File "C:\Users\murat\Desktop\EasyAIStudio\backend\providers\mock_provider.py", line 32, in generate_image
    |     return ImageResponse(
    |            ^^^^^^^^^^^^^^
    |   File "C:\Users\murat\AppData\Local\Programs\Python\Python312\Lib\site-packages\pydantic\main.py", line 263, in __init__
    |     validated_self = self.__pydantic_validator__.validate_python(data, self_instance=self)
    |                      ^^^^^^^^^^^^^^^^^^^^^^^^^^^^^^^^^^^^^^^^^^^^^^^^^^^^^^^^^^^^^^^^^^^^^
    | pydantic_core._pydantic_core.ValidationError: 2 validation errors for ImageResponse
    | image
    |   Field required [type=missing, input_value={'success': True, 'provid...'Mock image generated.'}, input_type=dict]
    |     For further information visit https://errors.pydantic.dev/2.13/v/missing
    | prompt
    |   Field required [type=missing, input_value={'success': True, 'provid...'Mock image generated.'}, input_type=dict]
    |     For further information visit https://errors.pydantic.dev/2.13/v/missing
    +------------------------------------

The above exception was the direct cause of the following exception:

Traceback (most recent call last):
  File "C:\Users\murat\Desktop\EasyAIStudio\backend\middleware\error_handler.py", line 22, in dispatch
    return await call_next(request)
           ^^^^^^^^^^^^^^^^^^^^^^^^
  File "C:\Users\murat\AppData\Local\Programs\Python\Python312\Lib\site-packages\starlette\middleware\base.py", line 168, in call_next
    raise app_exc from app_exc.__cause__ or app_exc.__context__
  File "C:\Users\murat\AppData\Local\Programs\Python\Python312\Lib\site-packages\starlette\middleware\base.py", line 144, in coro
    await self.app(scope, receive_or_disconnect, send_no_error)
  File "C:\Users\murat\AppData\Local\Programs\Python\Python312\Lib\site-packages\starlette\middleware\base.py", line 193, in __call__
    response = await self.dispatch_func(request, call_next)
               ^^^^^^^^^^^^^^^^^^^^^^^^^^^^^^^^^^^^^^^^^^^^
  File "C:\Users\murat\Desktop\EasyAIStudio\backend\middleware\request_logger.py", line 21, in dispatch
    response = await call_next(request)
               ^^^^^^^^^^^^^^^^^^^^^^^^
  File "C:\Users\murat\AppData\Local\Programs\Python\Python312\Lib\site-packages\starlette\middleware\base.py", line 168, in call_next
    raise app_exc from app_exc.__cause__ or app_exc.__context__
  File "C:\Users\murat\AppData\Local\Programs\Python\Python312\Lib\site-packages\starlette\middleware\base.py", line 144, in coro
    await self.app(scope, receive_or_disconnect, send_no_error)
  File "C:\Users\murat\AppData\Local\Programs\Python\Python312\Lib\site-packages\starlette\middleware\cors.py", line 96, in __call__
    await self.simple_response(scope, receive, send, request_headers=headers)
  File "C:\Users\murat\AppData\Local\Programs\Python\Python312\Lib\site-packages\starlette\middleware\cors.py", line 154, in simple_response
    await self.app(scope, receive, send)
  File "C:\Users\murat\AppData\Local\Programs\Python\Python312\Lib\site-packages\starlette\middleware\exceptions.py", line 63, in __call__
    await wrap_app_handling_exceptions(self.app, conn)(scope, receive, send)
  File "C:\Users\murat\AppData\Local\Programs\Python\Python312\Lib\site-packages\starlette\_exception_handler.py", line 53, in wrapped_app
    raise exc
  File "C:\Users\murat\AppData\Local\Programs\Python\Python312\Lib\site-packages\starlette\_exception_handler.py", line 42, in wrapped_app
    await app(scope, receive, sender)
  File "C:\Users\murat\AppData\Local\Programs\Python\Python312\Lib\site-packages\fastapi\middleware\asyncexitstack.py", line 18, in __call__
    await self.app(scope, receive, send)
  File "C:\Users\murat\AppData\Local\Programs\Python\Python312\Lib\site-packages\starlette\routing.py", line 660, in __call__
    await self.middleware_stack(scope, receive, send)
  File "C:\Users\murat\AppData\Local\Programs\Python\Python312\Lib\site-packages\fastapi\routing.py", line 2683, in app
    await route.handle(scope, receive, send)
  File "C:\Users\murat\AppData\Local\Programs\Python\Python312\Lib\site-packages\fastapi\routing.py", line 1753, in handle
    await self.original_router.handle(scope, receive, send)
  File "C:\Users\murat\AppData\Local\Programs\Python\Python312\Lib\site-packages\fastapi\routing.py", line 2738, in handle
    await included_router._handle_selected(scope, receive, send)
  File "C:\Users\murat\AppData\Local\Programs\Python\Python312\Lib\site-packages\fastapi\routing.py", line 1764, in _handle_selected
    await route.handle(scope, receive, send)
  File "C:\Users\murat\AppData\Local\Programs\Python\Python312\Lib\site-packages\fastapi\routing.py", line 1753, in handle
    await self.original_router.handle(scope, receive, send)
  File "C:\Users\murat\AppData\Local\Programs\Python\Python312\Lib\site-packages\fastapi\routing.py", line 2738, in handle
    await included_router._handle_selected(scope, receive, send)
  File "C:\Users\murat\AppData\Local\Programs\Python\Python312\Lib\site-packages\fastapi\routing.py", line 1773, in _handle_selected
    await original_route.handle(scope, receive, send)
  File "C:\Users\murat\AppData\Local\Programs\Python\Python312\Lib\site-packages\fastapi\routing.py", line 1264, in handle
    await app(scope, receive, send)
  File "C:\Users\murat\AppData\Local\Programs\Python\Python312\Lib\site-packages\fastapi\routing.py", line 150, in app
    await wrap_app_handling_exceptions(app, request)(scope, receive, send)
  File "C:\Users\murat\AppData\Local\Programs\Python\Python312\Lib\site-packages\starlette\_exception_handler.py", line 53, in wrapped_app
    raise exc
  File "C:\Users\murat\AppData\Local\Programs\Python\Python312\Lib\site-packages\starlette\_exception_handler.py", line 42, in wrapped_app
    await app(scope, receive, sender)
  File "C:\Users\murat\AppData\Local\Programs\Python\Python312\Lib\site-packages\fastapi\routing.py", line 136, in app
    response = await f(request)
               ^^^^^^^^^^^^^^^^
  File "C:\Users\murat\AppData\Local\Programs\Python\Python312\Lib\site-packages\fastapi\routing.py", line 690, in app
    raw_response = await run_endpoint_function(
                   ^^^^^^^^^^^^^^^^^^^^^^^^^^^^
  File "C:\Users\murat\AppData\Local\Programs\Python\Python312\Lib\site-packages\fastapi\routing.py", line 344, in run_endpoint_function
    return await dependant.call(**values)
           ^^^^^^^^^^^^^^^^^^^^^^^^^^^^^^
  File "C:\Users\murat\Desktop\EasyAIStudio\backend\api\endpoints\images.py", line 28, in generate_image
    return await image_service.generate(request)
           ^^^^^^^^^^^^^^^^^^^^^^^^^^^^^^^^^^^^^
  File "C:\Users\murat\Desktop\EasyAIStudio\backend\services\image_service.py", line 28, in generate
    return await provider.generate_image(
           ^^^^^^^^^^^^^^^^^^^^^^^^^^^^^^
  File "C:\Users\murat\Desktop\EasyAIStudio\backend\providers\mock_provider.py", line 32, in generate_image
    return ImageResponse(
           ^^^^^^^^^^^^^^
  File "C:\Users\murat\AppData\Local\Programs\Python\Python312\Lib\site-packages\pydantic\main.py", line 263, in __init__
    validated_self = self.__pydantic_validator__.validate_python(data, self_instance=self)
                     ^^^^^^^^^^^^^^^^^^^^^^^^^^^^^^^^^^^^^^^^^^^^^^^^^^^^^^^^^^^^^^^^^^^^^
pydantic_core._pydantic_core.ValidationError: 2 validation errors for ImageResponse
image
  Field required [type=missing, input_value={'success': True, 'provid...'Mock image generated.'}, input_type=dict]
    For further information visit https://errors.pydantic.dev/2.13/v/missing
prompt
  Field required [type=missing, input_value={'success': True, 'provid...'Mock image generated.'}, input_type=dict]
    For further information visit https://errors.pydantic.dev/2.13/v/missing

[2026-07-21 12:07:11] [INFO] [EasyAIStudio] Logger initialized.
[2026-07-21 12:07:11] [INFO] [EasyAIStudio] Bootstrap completed.
[2026-07-21 12:07:11] [INFO] [EasyAIStudio] Providers : 4
[2026-07-21 12:07:11] [INFO] [EasyAIStudio] Models    : 2
[2026-07-21 12:07:11] [INFO] [EasyAIStudio] Services  : 10
[2026-07-21 12:07:53] [INFO] [EasyAIStudio] Logger initialized.
[2026-07-21 12:07:53] [INFO] [EasyAIStudio] Bootstrap completed.
[2026-07-21 12:07:53] [INFO] [EasyAIStudio] Providers : 4
[2026-07-21 12:07:53] [INFO] [EasyAIStudio] Models    : 2
[2026-07-21 12:07:53] [INFO] [EasyAIStudio] Services  : 10
[2026-07-21 12:09:26] [INFO] [EasyAIStudio] GET /docs 200 0.18ms
[2026-07-21 12:09:26] [INFO] [EasyAIStudio] GET /openapi.json 200 15.33ms
[2026-07-21 12:09:27] [INFO] [EasyAIStudio] GET /docs 200 0.22ms
[2026-07-21 12:09:27] [INFO] [EasyAIStudio] GET /openapi.json 200 0.48ms
[2026-07-21 12:09:58] [INFO] [EasyAIStudio] POST /api/images/images/generate 200 2.37ms
[2026-07-22 13:47:10] [INFO] [EasyAIStudio] Logger initialized.
[2026-07-22 13:47:10] [INFO] [EasyAIStudio] Bootstrap completed.
[2026-07-22 13:47:10] [INFO] [EasyAIStudio] Providers : 4
[2026-07-22 13:47:10] [INFO] [EasyAIStudio] Models    : 2
[2026-07-22 13:47:10] [INFO] [EasyAIStudio] Services  : 10
[2026-07-22 13:48:51] [INFO] [EasyAIStudio] Logger initialized.
[2026-07-22 13:48:51] [INFO] [EasyAIStudio] Bootstrap completed.
[2026-07-22 13:48:51] [INFO] [EasyAIStudio] Providers : 4
[2026-07-22 13:48:51] [INFO] [EasyAIStudio] Models    : 2
[2026-07-22 13:48:51] [INFO] [EasyAIStudio] Services  : 10
[2026-07-22 13:49:26] [INFO] [EasyAIStudio] Logger initialized.
[2026-07-22 13:49:26] [INFO] [EasyAIStudio] Bootstrap completed.
[2026-07-22 13:49:26] [INFO] [EasyAIStudio] Providers : 4
[2026-07-22 13:49:26] [INFO] [EasyAIStudio] Models    : 2
[2026-07-22 13:49:26] [INFO] [EasyAIStudio] Services  : 10
[2026-07-22 13:51:14] [INFO] [EasyAIStudio] GET /docs 200 0.29ms
[2026-07-22 13:51:15] [INFO] [EasyAIStudio] GET /openapi.json 200 27.82ms
[2026-07-22 13:52:54] [INFO] [EasyAIStudio] POST /api/chat/ 200 44691.61ms
[2026-07-22 13:54:58] [INFO] [EasyAIStudio] POST /api/chat/ 200 2829.09ms
[2026-07-22 13:55:03] [INFO] [EasyAIStudio] POST /api/chat/ 200 1576.42ms
[2026-07-22 13:55:10] [INFO] [EasyAIStudio] POST /api/chat/ 200 2665.09ms
[2026-07-22 13:56:02] [INFO] [EasyAIStudio] GET /docs 200 0.16ms
[2026-07-22 13:56:02] [INFO] [EasyAIStudio] GET /openapi.json 200 0.46ms
[2026-07-22 13:56:27] [INFO] [EasyAIStudio] POST /api/chat/ 200 2762.16ms
[2026-07-22 14:25:00] [INFO] [EasyAIStudio] GET /docs 200 0.23ms
[2026-07-22 14:25:00] [INFO] [EasyAIStudio] GET /openapi.json 200 0.59ms
[2026-07-22 14:50:59] [INFO] [EasyAIStudio] OPTIONS /api/images/generate 200 0.38ms
[2026-07-22 14:50:59] [INFO] [EasyAIStudio] POST /api/images/generate 404 1.29ms
[2026-07-22 14:51:08] [INFO] [EasyAIStudio] POST /api/images/generate 404 0.51ms
[2026-07-22 14:51:13] [INFO] [EasyAIStudio] POST /api/images/generate 404 0.43ms
[2026-07-22 14:51:56] [INFO] [EasyAIStudio] POST /api/images/generate 404 0.72ms
[2026-07-22 14:53:05] [INFO] [EasyAIStudio] POST /api/images/generate 404 0.54ms
[2026-07-22 14:59:35] [INFO] [EasyAIStudio] Logger initialized.
[2026-07-22 14:59:35] [INFO] [EasyAIStudio] Bootstrap completed.
[2026-07-22 14:59:35] [INFO] [EasyAIStudio] Providers : 4
[2026-07-22 14:59:35] [INFO] [EasyAIStudio] Models    : 2
[2026-07-22 14:59:35] [INFO] [EasyAIStudio] Services  : 10
[2026-07-22 15:00:33] [INFO] [EasyAIStudio] POST /api/images/generate 200 8.87ms
[2026-07-23 01:04:25] [INFO] [EasyAIStudio] Logger initialized.
[2026-07-23 01:04:25] [INFO] [EasyAIStudio] Bootstrap completed.
[2026-07-23 01:04:25] [INFO] [EasyAIStudio] Providers : 4
[2026-07-23 01:04:25] [INFO] [EasyAIStudio] Models    : 2
[2026-07-23 01:04:25] [INFO] [EasyAIStudio] Services  : 10
[2026-07-24 18:02:10] [INFO] [EasyAIStudio] Logger initialized.
[2026-07-24 18:33:32] [INFO] [EasyAIStudio] Logger initialized.
[2026-07-24 18:33:32] [INFO] [EasyAIStudio] Bootstrap completed.
[2026-07-24 18:33:32] [INFO] [EasyAIStudio] Providers : 4
[2026-07-24 18:33:32] [INFO] [EasyAIStudio] Models    : 2
[2026-07-24 18:33:32] [INFO] [EasyAIStudio] Services  : 10
[2026-07-24 18:40:56] [INFO] [EasyAIStudio] OPTIONS /api/images/generate 200 0.13ms
[2026-07-24 18:40:58] [INFO] [EasyAIStudio] POST /api/images/generate 200 2280.04ms
[2026-07-25 09:46:21] [INFO] [EasyAIStudio] Logger initialized.
[2026-07-25 09:46:21] [INFO] [EasyAIStudio] Bootstrap completed.
[2026-07-25 09:46:21] [INFO] [EasyAIStudio] Providers : 4
[2026-07-25 09:46:21] [INFO] [EasyAIStudio] Models    : 2
[2026-07-25 09:46:21] [INFO] [EasyAIStudio] Services  : 10
[2026-07-25 09:47:14] [INFO] [EasyAIStudio] OPTIONS /api/images/generate 200 0.12ms
[2026-07-25 09:47:16] [INFO] [EasyAIStudio] POST /api/images/generate 200 2230.51ms
[2026-07-25 09:47:33] [INFO] [EasyAIStudio] POST /api/images/generate 200 2179.51ms
[2026-07-25 09:49:05] [INFO] [EasyAIStudio] POST /api/images/generate 200 2162.33ms
[2026-07-25 09:51:04] [INFO] [EasyAIStudio] POST /api/images/generate 200 168.82ms
[2026-07-25 09:51:14] [INFO] [EasyAIStudio] POST /api/images/generate 200 167.45ms
[2026-07-25 09:51:21] [INFO] [EasyAIStudio] POST /api/images/generate 200 164.32ms
[2026-07-25 09:51:29] [INFO] [EasyAIStudio] POST /api/images/generate 200 166.20ms
[2026-07-25 09:55:11] [INFO] [EasyAIStudio] POST /api/images/generate 200 64244.09ms
[2026-07-25 10:05:28] [INFO] [EasyAIStudio] Logger initialized.
[2026-07-25 10:05:28] [INFO] [EasyAIStudio] Bootstrap completed.
[2026-07-25 10:05:28] [INFO] [EasyAIStudio] Providers : 4
[2026-07-25 10:05:28] [INFO] [EasyAIStudio] Models    : 2
[2026-07-25 10:05:28] [INFO] [EasyAIStudio] Services  : 10
[2026-07-25 10:06:01] [INFO] [EasyAIStudio] Logger initialized.
[2026-07-25 10:06:01] [INFO] [EasyAIStudio] Bootstrap completed.
[2026-07-25 10:06:01] [INFO] [EasyAIStudio] Providers : 4
[2026-07-25 10:06:01] [INFO] [EasyAIStudio] Models    : 2
[2026-07-25 10:06:01] [INFO] [EasyAIStudio] Services  : 10
[2026-07-25 10:06:21] [INFO] [EasyAIStudio] OPTIONS /api/images/generate 200 0.13ms
[2026-07-25 10:06:21] [INFO] [EasyAIStudio] POST /api/images/generate 200 450.42ms
[2026-07-25 10:06:53] [INFO] [EasyAIStudio] POST /api/images/generate 200 393.69ms
[2026-07-25 10:06:56] [INFO] [EasyAIStudio] POST /api/images/generate 200 332.38ms
[2026-07-25 10:07:27] [INFO] [EasyAIStudio] POST /api/images/generate 200 410.10ms
[2026-07-25 10:21:57] [INFO] [EasyAIStudio] Logger initialized.
[2026-07-25 10:21:57] [INFO] [EasyAIStudio] Bootstrap completed.
[2026-07-25 10:21:57] [INFO] [EasyAIStudio] Providers : 4
[2026-07-25 10:21:57] [INFO] [EasyAIStudio] Models    : 2
[2026-07-25 10:21:57] [INFO] [EasyAIStudio] Services  : 10
[2026-07-25 10:24:10] [INFO] [EasyAIStudio] Logger initialized.
[2026-07-25 10:24:10] [INFO] [EasyAIStudio] Bootstrap completed.
[2026-07-25 10:24:10] [INFO] [EasyAIStudio] Providers : 4
[2026-07-25 10:24:10] [INFO] [EasyAIStudio] Models    : 2
[2026-07-25 10:24:10] [INFO] [EasyAIStudio] Services  : 10
[2026-07-25 10:25:19] [INFO] [EasyAIStudio] Logger initialized.
[2026-07-25 10:25:19] [INFO] [EasyAIStudio] Bootstrap completed.
[2026-07-25 10:25:19] [INFO] [EasyAIStudio] Providers : 4
[2026-07-25 10:25:19] [INFO] [EasyAIStudio] Models    : 2
[2026-07-25 10:25:19] [INFO] [EasyAIStudio] Services  : 10
[2026-07-25 10:35:13] [INFO] [EasyAIStudio] Logger initialized.
[2026-07-25 10:35:13] [INFO] [EasyAIStudio] Bootstrap completed.
[2026-07-25 10:35:13] [INFO] [EasyAIStudio] Providers : 4
[2026-07-25 10:35:13] [INFO] [EasyAIStudio] Models    : 2
[2026-07-25 10:35:13] [INFO] [EasyAIStudio] Services  : 10
[2026-07-25 10:35:56] [INFO] [EasyAIStudio] OPTIONS /api/images/generate 200 0.11ms
[2026-07-25 10:35:56] [INFO] [EasyAIStudio] POST /api/images/generate 200 611.04ms
[2026-07-25 11:07:42] [INFO] [EasyAIStudio] Logger initialized.
[2026-07-25 11:07:42] [INFO] [EasyAIStudio] Bootstrap completed.
[2026-07-25 11:07:42] [INFO] [EasyAIStudio] Providers : 4
[2026-07-25 11:07:42] [INFO] [EasyAIStudio] Models    : 2
[2026-07-25 11:07:42] [INFO] [EasyAIStudio] Services  : 10
[2026-07-25 11:08:24] [INFO] [EasyAIStudio] Logger initialized.
[2026-07-25 11:08:24] [INFO] [EasyAIStudio] Bootstrap completed.
[2026-07-25 11:08:24] [INFO] [EasyAIStudio] Providers : 4
[2026-07-25 11:08:24] [INFO] [EasyAIStudio] Models    : 2
[2026-07-25 11:08:24] [INFO] [EasyAIStudio] Services  : 10
[2026-07-25 11:09:45] [INFO] [EasyAIStudio] Logger initialized.
[2026-07-25 11:09:45] [INFO] [EasyAIStudio] Bootstrap completed.
[2026-07-25 11:09:45] [INFO] [EasyAIStudio] Providers : 4
[2026-07-25 11:09:45] [INFO] [EasyAIStudio] Models    : 2
[2026-07-25 11:09:45] [INFO] [EasyAIStudio] Services  : 10
[2026-07-25 11:10:41] [INFO] [EasyAIStudio] Logger initialized.
[2026-07-25 11:10:41] [INFO] [EasyAIStudio] Bootstrap completed.
[2026-07-25 11:10:41] [INFO] [EasyAIStudio] Providers : 4
[2026-07-25 11:10:41] [INFO] [EasyAIStudio] Models    : 2
[2026-07-25 11:10:41] [INFO] [EasyAIStudio] Services  : 10
[2026-07-25 11:17:58] [INFO] [EasyAIStudio] Logger initialized.
[2026-07-25 11:17:58] [INFO] [EasyAIStudio] Bootstrap completed.
[2026-07-25 11:17:58] [INFO] [EasyAIStudio] Providers : 4
[2026-07-25 11:17:58] [INFO] [EasyAIStudio] Models    : 2
[2026-07-25 11:17:58] [INFO] [EasyAIStudio] Services  : 10
[2026-07-25 11:18:40] [INFO] [EasyAIStudio] Logger initialized.
[2026-07-25 11:18:40] [INFO] [EasyAIStudio] Bootstrap completed.
[2026-07-25 11:18:40] [INFO] [EasyAIStudio] Providers : 4
[2026-07-25 11:18:40] [INFO] [EasyAIStudio] Models    : 2
[2026-07-25 11:18:40] [INFO] [EasyAIStudio] Services  : 10
[2026-07-25 11:19:09] [INFO] [EasyAIStudio] GET /api/gallery 200 6.33ms
[2026-07-25 11:19:10] [INFO] [EasyAIStudio] GET /favicon.ico 404 3.72ms
[2026-07-25 18:37:20] [INFO] [EasyAIStudio] Logger initialized.
[2026-07-25 18:37:20] [INFO] [EasyAIStudio] Bootstrap completed.
[2026-07-25 18:37:20] [INFO] [EasyAIStudio] Providers : 4
[2026-07-25 18:37:20] [INFO] [EasyAIStudio] Models    : 2
[2026-07-25 18:37:20] [INFO] [EasyAIStudio] Services  : 10
[2026-07-25 18:40:43] [INFO] [EasyAIStudio] GET /api/gallery 200 12.76ms
[2026-07-25 18:41:03] [INFO] [EasyAIStudio] GET /api/gallery 200 0.95ms
[2026-07-25 18:41:06] [INFO] [EasyAIStudio] GET /api/gallery 200 0.87ms
[2026-07-25 18:42:36] [INFO] [EasyAIStudio] GET /api/gallery 200 0.73ms
[2026-07-25 18:42:36] [INFO] [EasyAIStudio] GET /gallery/a1b7594c51c34eaeb5dfbf5aeaaa0d61.png 404 3.94ms
[2026-07-25 18:43:43] [INFO] [EasyAIStudio] Logger initialized.
[2026-07-25 18:43:43] [INFO] [EasyAIStudio] Bootstrap completed.
[2026-07-25 18:43:43] [INFO] [EasyAIStudio] Providers : 4
[2026-07-25 18:43:43] [INFO] [EasyAIStudio] Models    : 2
[2026-07-25 18:43:43] [INFO] [EasyAIStudio] Services  : 10
[2026-07-25 18:44:26] [INFO] [EasyAIStudio] Logger initialized.
[2026-07-25 18:44:26] [INFO] [EasyAIStudio] Bootstrap completed.
[2026-07-25 18:44:26] [INFO] [EasyAIStudio] Providers : 4
[2026-07-25 18:44:26] [INFO] [EasyAIStudio] Models    : 2
[2026-07-25 18:44:26] [INFO] [EasyAIStudio] Services  : 10
[2026-07-25 18:44:39] [INFO] [EasyAIStudio] GET /gallery/a1b7594c51c34eaeb5dfbf5aeaaa0d61.png 404 8.46ms
[2026-07-25 18:45:53] [INFO] [EasyAIStudio] GET /docs 200 0.21ms
[2026-07-25 18:45:54] [INFO] [EasyAIStudio] GET /openapi.json 200 13.66ms
[2026-07-25 18:47:33] [INFO] [EasyAIStudio] GET /gallery/... 404 0.51ms
[2026-07-25 18:47:45] [INFO] [EasyAIStudio] GET /api/gallery/a1b7594c51c34eaeb5dfbf5aeaaa0d61.png 404 1.36ms
[2026-07-25 18:53:45] [INFO] [EasyAIStudio] Logger initialized.
[2026-07-25 18:53:45] [INFO] [EasyAIStudio] Bootstrap completed.
[2026-07-25 18:53:45] [INFO] [EasyAIStudio] Providers : 4
[2026-07-25 18:53:45] [INFO] [EasyAIStudio] Models    : 2
[2026-07-25 18:53:45] [INFO] [EasyAIStudio] Services  : 10
[2026-07-25 18:54:12] [INFO] [EasyAIStudio] Logger initialized.
[2026-07-25 18:54:12] [INFO] [EasyAIStudio] Bootstrap completed.
[2026-07-25 18:54:12] [INFO] [EasyAIStudio] Providers : 4
[2026-07-25 18:54:12] [INFO] [EasyAIStudio] Models    : 2
[2026-07-25 18:54:12] [INFO] [EasyAIStudio] Services  : 10
[2026-07-25 18:54:25] [INFO] [EasyAIStudio] GET /api/gallery/a1b7594c51c34eaeb5dfbf5aeaaa0d61.png 200 31.69ms
[2026-07-25 18:55:03] [INFO] [EasyAIStudio] GET /api/gallery 200 1.44ms
[2026-07-25 18:55:03] [INFO] [EasyAIStudio] GET /gallery/a1b7594c51c34eaeb5dfbf5aeaaa0d61.png 404 4.77ms
[2026-07-25 19:00:51] [INFO] [EasyAIStudio] GET /api/gallery 200 0.87ms
[2026-07-25 19:00:51] [INFO] [EasyAIStudio] GET /api/gallery 200 0.73ms
[2026-07-25 19:00:51] [INFO] [EasyAIStudio] GET /api/gallery/a1b7594c51c34eaeb5dfbf5aeaaa0d61.png 200 1.03ms
[2026-07-25 19:01:09] [INFO] [EasyAIStudio] GET /gallery/... 404 0.40ms
[2026-07-25 19:01:18] [ERROR] [EasyAIStudio] Unhandled Exception
[2026-07-25 19:01:18] [ERROR] [EasyAIStudio] File at path C:\Users\murat\Desktop\EasyAIStudio\gallery\... is not a file.
[2026-07-25 19:01:18] [ERROR] [EasyAIStudio]   + Exception Group Traceback (most recent call last):
  |   File "C:\Users\murat\AppData\Local\Programs\Python\Python312\Lib\site-packages\starlette\_utils.py", line 85, in create_collapsing_task_group
  |     async with anyio.create_task_group() as tg:
  |                ^^^^^^^^^^^^^^^^^^^^^^^^^
  |   File "C:\Users\murat\AppData\Local\Programs\Python\Python312\Lib\site-packages\anyio\_backends\_asyncio.py", line 799, in __aexit__
  |     raise BaseExceptionGroup(
  | ExceptionGroup: unhandled errors in a TaskGroup (1 sub-exception)
  +-+---------------- 1 ----------------
    | Traceback (most recent call last):
    |   File "C:\Users\murat\Desktop\EasyAIStudio\backend\middleware\error_handler.py", line 22, in dispatch
    |     return await call_next(request)
    |            ^^^^^^^^^^^^^^^^^^^^^^^^
    |   File "C:\Users\murat\AppData\Local\Programs\Python\Python312\Lib\site-packages\starlette\middleware\base.py", line 168, in call_next
    |     raise app_exc from app_exc.__cause__ or app_exc.__context__
    |   File "C:\Users\murat\AppData\Local\Programs\Python\Python312\Lib\site-packages\starlette\middleware\base.py", line 144, in coro
    |     await self.app(scope, receive_or_disconnect, send_no_error)
    |   File "C:\Users\murat\AppData\Local\Programs\Python\Python312\Lib\site-packages\starlette\middleware\base.py", line 193, in __call__
    |     response = await self.dispatch_func(request, call_next)
    |                ^^^^^^^^^^^^^^^^^^^^^^^^^^^^^^^^^^^^^^^^^^^^
    |   File "C:\Users\murat\Desktop\EasyAIStudio\backend\middleware\request_logger.py", line 21, in dispatch
    |     response = await call_next(request)
    |                ^^^^^^^^^^^^^^^^^^^^^^^^
    |   File "C:\Users\murat\AppData\Local\Programs\Python\Python312\Lib\site-packages\starlette\middleware\base.py", line 168, in call_next
    |     raise app_exc from app_exc.__cause__ or app_exc.__context__
    |   File "C:\Users\murat\AppData\Local\Programs\Python\Python312\Lib\site-packages\starlette\middleware\base.py", line 144, in coro
    |     await self.app(scope, receive_or_disconnect, send_no_error)
    |   File "C:\Users\murat\AppData\Local\Programs\Python\Python312\Lib\site-packages\starlette\middleware\cors.py", line 88, in __call__
    |     await self.app(scope, receive, send)
    |   File "C:\Users\murat\AppData\Local\Programs\Python\Python312\Lib\site-packages\starlette\middleware\exceptions.py", line 63, in __call__
    |     await wrap_app_handling_exceptions(self.app, conn)(scope, receive, send)
    |   File "C:\Users\murat\AppData\Local\Programs\Python\Python312\Lib\site-packages\starlette\_exception_handler.py", line 53, in wrapped_app
    |     raise exc
    |   File "C:\Users\murat\AppData\Local\Programs\Python\Python312\Lib\site-packages\starlette\_exception_handler.py", line 42, in wrapped_app
    |     await app(scope, receive, sender)
    |   File "C:\Users\murat\AppData\Local\Programs\Python\Python312\Lib\site-packages\fastapi\middleware\asyncexitstack.py", line 18, in __call__
    |     await self.app(scope, receive, send)
    |   File "C:\Users\murat\AppData\Local\Programs\Python\Python312\Lib\site-packages\starlette\routing.py", line 660, in __call__
    |     await self.middleware_stack(scope, receive, send)
    |   File "C:\Users\murat\AppData\Local\Programs\Python\Python312\Lib\site-packages\fastapi\routing.py", line 2683, in app
    |     await route.handle(scope, receive, send)
    |   File "C:\Users\murat\AppData\Local\Programs\Python\Python312\Lib\site-packages\fastapi\routing.py", line 1753, in handle
    |     await self.original_router.handle(scope, receive, send)
    |   File "C:\Users\murat\AppData\Local\Programs\Python\Python312\Lib\site-packages\fastapi\routing.py", line 2738, in handle
    |     await included_router._handle_selected(scope, receive, send)
    |   File "C:\Users\murat\AppData\Local\Programs\Python\Python312\Lib\site-packages\fastapi\routing.py", line 1764, in _handle_selected
    |     await route.handle(scope, receive, send)
    |   File "C:\Users\murat\AppData\Local\Programs\Python\Python312\Lib\site-packages\fastapi\routing.py", line 1753, in handle
    |     await self.original_router.handle(scope, receive, send)
    |   File "C:\Users\murat\AppData\Local\Programs\Python\Python312\Lib\site-packages\fastapi\routing.py", line 2738, in handle
    |     await included_router._handle_selected(scope, receive, send)
    |   File "C:\Users\murat\AppData\Local\Programs\Python\Python312\Lib\site-packages\fastapi\routing.py", line 1773, in _handle_selected
    |     await original_route.handle(scope, receive, send)
    |   File "C:\Users\murat\AppData\Local\Programs\Python\Python312\Lib\site-packages\fastapi\routing.py", line 1264, in handle
    |     await app(scope, receive, send)
    |   File "C:\Users\murat\AppData\Local\Programs\Python\Python312\Lib\site-packages\fastapi\routing.py", line 150, in app
    |     await wrap_app_handling_exceptions(app, request)(scope, receive, send)
    |   File "C:\Users\murat\AppData\Local\Programs\Python\Python312\Lib\site-packages\starlette\_exception_handler.py", line 53, in wrapped_app
    |     raise exc
    |   File "C:\Users\murat\AppData\Local\Programs\Python\Python312\Lib\site-packages\starlette\_exception_handler.py", line 42, in wrapped_app
    |     await app(scope, receive, sender)
    |   File "C:\Users\murat\AppData\Local\Programs\Python\Python312\Lib\site-packages\fastapi\routing.py", line 137, in app
    |     await response(scope, receive, send)
    |   File "C:\Users\murat\AppData\Local\Programs\Python\Python312\Lib\site-packages\starlette\responses.py", line 356, in __call__
    |     raise RuntimeError(f"File at path {self.path} is not a file.")
    | RuntimeError: File at path C:\Users\murat\Desktop\EasyAIStudio\gallery\... is not a file.
    +------------------------------------

The above exception was the direct cause of the following exception:

Traceback (most recent call last):
  File "C:\Users\murat\Desktop\EasyAIStudio\backend\middleware\error_handler.py", line 22, in dispatch
    return await call_next(request)
           ^^^^^^^^^^^^^^^^^^^^^^^^
  File "C:\Users\murat\AppData\Local\Programs\Python\Python312\Lib\site-packages\starlette\middleware\base.py", line 168, in call_next
    raise app_exc from app_exc.__cause__ or app_exc.__context__
  File "C:\Users\murat\AppData\Local\Programs\Python\Python312\Lib\site-packages\starlette\middleware\base.py", line 144, in coro
    await self.app(scope, receive_or_disconnect, send_no_error)
  File "C:\Users\murat\AppData\Local\Programs\Python\Python312\Lib\site-packages\starlette\middleware\base.py", line 193, in __call__
    response = await self.dispatch_func(request, call_next)
               ^^^^^^^^^^^^^^^^^^^^^^^^^^^^^^^^^^^^^^^^^^^^
  File "C:\Users\murat\Desktop\EasyAIStudio\backend\middleware\request_logger.py", line 21, in dispatch
    response = await call_next(request)
               ^^^^^^^^^^^^^^^^^^^^^^^^
  File "C:\Users\murat\AppData\Local\Programs\Python\Python312\Lib\site-packages\starlette\middleware\base.py", line 168, in call_next
    raise app_exc from app_exc.__cause__ or app_exc.__context__
  File "C:\Users\murat\AppData\Local\Programs\Python\Python312\Lib\site-packages\starlette\middleware\base.py", line 144, in coro
    await self.app(scope, receive_or_disconnect, send_no_error)
  File "C:\Users\murat\AppData\Local\Programs\Python\Python312\Lib\site-packages\starlette\middleware\cors.py", line 88, in __call__
    await self.app(scope, receive, send)
  File "C:\Users\murat\AppData\Local\Programs\Python\Python312\Lib\site-packages\starlette\middleware\exceptions.py", line 63, in __call__
    await wrap_app_handling_exceptions(self.app, conn)(scope, receive, send)
  File "C:\Users\murat\AppData\Local\Programs\Python\Python312\Lib\site-packages\starlette\_exception_handler.py", line 53, in wrapped_app
    raise exc
  File "C:\Users\murat\AppData\Local\Programs\Python\Python312\Lib\site-packages\starlette\_exception_handler.py", line 42, in wrapped_app
    await app(scope, receive, sender)
  File "C:\Users\murat\AppData\Local\Programs\Python\Python312\Lib\site-packages\fastapi\middleware\asyncexitstack.py", line 18, in __call__
    await self.app(scope, receive, send)
  File "C:\Users\murat\AppData\Local\Programs\Python\Python312\Lib\site-packages\starlette\routing.py", line 660, in __call__
    await self.middleware_stack(scope, receive, send)
  File "C:\Users\murat\AppData\Local\Programs\Python\Python312\Lib\site-packages\fastapi\routing.py", line 2683, in app
    await route.handle(scope, receive, send)
  File "C:\Users\murat\AppData\Local\Programs\Python\Python312\Lib\site-packages\fastapi\routing.py", line 1753, in handle
    await self.original_router.handle(scope, receive, send)
  File "C:\Users\murat\AppData\Local\Programs\Python\Python312\Lib\site-packages\fastapi\routing.py", line 2738, in handle
    await included_router._handle_selected(scope, receive, send)
  File "C:\Users\murat\AppData\Local\Programs\Python\Python312\Lib\site-packages\fastapi\routing.py", line 1764, in _handle_selected
    await route.handle(scope, receive, send)
  File "C:\Users\murat\AppData\Local\Programs\Python\Python312\Lib\site-packages\fastapi\routing.py", line 1753, in handle
    await self.original_router.handle(scope, receive, send)
  File "C:\Users\murat\AppData\Local\Programs\Python\Python312\Lib\site-packages\fastapi\routing.py", line 2738, in handle
    await included_router._handle_selected(scope, receive, send)
  File "C:\Users\murat\AppData\Local\Programs\Python\Python312\Lib\site-packages\fastapi\routing.py", line 1773, in _handle_selected
    await original_route.handle(scope, receive, send)
  File "C:\Users\murat\AppData\Local\Programs\Python\Python312\Lib\site-packages\fastapi\routing.py", line 1264, in handle
    await app(scope, receive, send)
  File "C:\Users\murat\AppData\Local\Programs\Python\Python312\Lib\site-packages\fastapi\routing.py", line 150, in app
    await wrap_app_handling_exceptions(app, request)(scope, receive, send)
  File "C:\Users\murat\AppData\Local\Programs\Python\Python312\Lib\site-packages\starlette\_exception_handler.py", line 53, in wrapped_app
    raise exc
  File "C:\Users\murat\AppData\Local\Programs\Python\Python312\Lib\site-packages\starlette\_exception_handler.py", line 42, in wrapped_app
    await app(scope, receive, sender)
  File "C:\Users\murat\AppData\Local\Programs\Python\Python312\Lib\site-packages\fastapi\routing.py", line 137, in app
    await response(scope, receive, send)
  File "C:\Users\murat\AppData\Local\Programs\Python\Python312\Lib\site-packages\starlette\responses.py", line 356, in __call__
    raise RuntimeError(f"File at path {self.path} is not a file.")
RuntimeError: File at path C:\Users\murat\Desktop\EasyAIStudio\gallery\... is not a file.

[2026-07-25 19:05:28] [INFO] [EasyAIStudio] GET /api/gallery 200 0.89ms
[2026-07-25 19:06:43] [INFO] [EasyAIStudio] GET /api/gallery 200 2.88ms
[2026-07-25 19:13:44] [INFO] [EasyAIStudio] GET /api/gallery 200 0.74ms
[2026-07-25 19:16:24] [INFO] [EasyAIStudio] Logger initialized.
[2026-07-25 19:16:24] [INFO] [EasyAIStudio] Bootstrap completed.
[2026-07-25 19:16:24] [INFO] [EasyAIStudio] Providers : 4
[2026-07-25 19:16:24] [INFO] [EasyAIStudio] Models    : 2
[2026-07-25 19:16:24] [INFO] [EasyAIStudio] Services  : 10
[2026-07-25 19:17:16] [INFO] [EasyAIStudio] GET /api/gallery 200 6.57ms
[2026-07-25 19:17:18] [INFO] [EasyAIStudio] GET /api/gallery 200 0.81ms
[2026-07-25 19:34:15] [INFO] [EasyAIStudio] GET /api/gallery 200 0.76ms
[2026-07-25 19:36:26] [INFO] [EasyAIStudio] GET /api/gallery 200 0.94ms
[2026-07-25 19:40:26] [INFO] [EasyAIStudio] GET /api/gallery 200 1.15ms
[2026-07-25 20:01:37] [INFO] [EasyAIStudio] Logger initialized.
[2026-07-25 20:01:37] [INFO] [EasyAIStudio] Bootstrap completed.
[2026-07-25 20:01:37] [INFO] [EasyAIStudio] Providers : 4
[2026-07-25 20:01:37] [INFO] [EasyAIStudio] Models    : 2
[2026-07-25 20:01:37] [INFO] [EasyAIStudio] Services  : 10
[2026-07-25 20:03:56] [INFO] [EasyAIStudio] Logger initialized.
[2026-07-25 20:03:56] [INFO] [EasyAIStudio] Bootstrap completed.
[2026-07-25 20:03:56] [INFO] [EasyAIStudio] Providers : 4
[2026-07-25 20:03:56] [INFO] [EasyAIStudio] Models    : 2
[2026-07-25 20:03:56] [INFO] [EasyAIStudio] Services  : 10
[2026-07-25 20:12:26] [INFO] [EasyAIStudio] GET /api/gallery 200 6.17ms
[2026-07-25 20:14:18] [INFO] [EasyAIStudio] GET /api/gallery 200 0.92ms
[2026-07-25 20:14:18] [INFO] [EasyAIStudio] GET /api/gallery/a1b7594c51c34eaeb5dfbf5aeaaa0d61.png 200 28.21ms
[2026-07-25 20:14:19] [INFO] [EasyAIStudio] GET /api/gallery 200 1.02ms
[2026-07-25 20:14:19] [INFO] [EasyAIStudio] GET /api/gallery 200 1.14ms
[2026-07-25 20:14:19] [INFO] [EasyAIStudio] GET /api/gallery 200 0.83ms
[2026-07-25 20:14:19] [INFO] [EasyAIStudio] GET /api/gallery 200 0.78ms
[2026-07-25 20:14:20] [INFO] [EasyAIStudio] GET /api/gallery 200 0.90ms
[2026-07-25 20:14:35] [INFO] [EasyAIStudio] OPTIONS /api/gallery/a1b7594c51c34eaeb5dfbf5aeaaa0d61.png 200 0.13ms
[2026-07-25 20:14:35] [INFO] [EasyAIStudio] DELETE /api/gallery/a1b7594c51c34eaeb5dfbf5aeaaa0d61.png 200 1.53ms
[2026-07-25 20:14:35] [INFO] [EasyAIStudio] GET /api/gallery 200 0.78ms
[2026-07-25 20:15:19] [INFO] [EasyAIStudio] GET /api/gallery 200 0.88ms
[2026-07-25 20:48:16] [INFO] [EasyAIStudio] GET /api/gallery 200 0.70ms
[2026-07-25 20:50:53] [INFO] [EasyAIStudio] GET /api/gallery 200 0.99ms
[2026-07-25 20:50:54] [INFO] [EasyAIStudio] GET /api/gallery 200 0.80ms
[2026-07-25 20:50:54] [INFO] [EasyAIStudio] GET /api/gallery 200 2.18ms
[2026-07-25 20:50:54] [INFO] [EasyAIStudio] GET /api/gallery 200 0.80ms
[2026-07-25 20:50:55] [INFO] [EasyAIStudio] GET /api/gallery 200 0.70ms
[2026-07-25 20:50:55] [INFO] [EasyAIStudio] GET /api/gallery 200 0.63ms
[2026-07-25 20:50:55] [INFO] [EasyAIStudio] GET /api/gallery 200 0.58ms
[2026-07-25 20:50:58] [INFO] [EasyAIStudio] GET /api/gallery 200 0.76ms
[2026-07-25 20:50:58] [INFO] [EasyAIStudio] GET /api/gallery 200 0.73ms
[2026-07-26 00:05:51] [INFO] [EasyAIStudio] Logger initialized.
[2026-07-26 00:05:51] [INFO] [EasyAIStudio] Bootstrap completed.
[2026-07-26 00:05:51] [INFO] [EasyAIStudio] Providers : 4
[2026-07-26 00:05:51] [INFO] [EasyAIStudio] Models    : 2
[2026-07-26 00:05:51] [INFO] [EasyAIStudio] Services  : 10
[2026-07-26 00:06:05] [INFO] [EasyAIStudio] GET /api/gallery 200 14.65ms
[2026-07-26 00:06:06] [INFO] [EasyAIStudio] GET /api/gallery 200 0.83ms
[2026-07-26 00:30:15] [INFO] [EasyAIStudio] Logger initialized.
[2026-07-26 00:30:15] [INFO] [EasyAIStudio] Bootstrap completed.
[2026-07-26 00:30:15] [INFO] [EasyAIStudio] Providers : 4
[2026-07-26 00:30:15] [INFO] [EasyAIStudio] Models    : 2
[2026-07-26 00:30:15] [INFO] [EasyAIStudio] Services  : 10
[2026-07-26 19:51:50] [INFO] [EasyAIStudio] Logger initialized.
[2026-07-26 19:51:50] [INFO] [EasyAIStudio] Bootstrap completed.
[2026-07-26 19:51:50] [INFO] [EasyAIStudio] Providers : 4
[2026-07-26 19:51:50] [INFO] [EasyAIStudio] Models    : 2
[2026-07-26 19:51:50] [INFO] [EasyAIStudio] Services  : 10
[2026-07-26 19:53:50] [INFO] [EasyAIStudio] OPTIONS /api/images/generate 200 0.14ms
[2026-07-26 19:54:54] [INFO] [EasyAIStudio] POST /api/images/generate 200 63854.34ms
[2026-07-26 19:56:33] [INFO] [EasyAIStudio] POST /api/images/generate 200 55120.76ms
[2026-07-26 21:45:38] [INFO] [EasyAIStudio] GET /api/gallery 200 6.41ms
[2026-07-26 21:45:38] [INFO] [EasyAIStudio] GET /api/gallery/6c5fd48648e34f239adb2a9cf61bbc34.png 200 36.30ms
[2026-07-26 21:45:38] [INFO] [EasyAIStudio] GET /api/gallery/8c514d65321549ad8ceffd3e33fa4463.png 200 2.23ms
[2026-07-26 22:34:14] [INFO] [EasyAIStudio] GET /api/gallery 200 7.63ms
[2026-07-26 22:34:14] [INFO] [EasyAIStudio] GET /api/gallery/6c5fd48648e34f239adb2a9cf61bbc34.png 200 1.74ms
[2026-07-26 22:34:14] [INFO] [EasyAIStudio] GET /api/gallery/8c514d65321549ad8ceffd3e33fa4463.png 200 1.52ms
[2026-07-26 23:04:48] [INFO] [EasyAIStudio] OPTIONS /api/images/generate 200 0.31ms
[2026-07-26 23:04:48] [INFO] [EasyAIStudio] POST /api/images/generate 422 2.61ms
[2026-07-26 23:04:56] [INFO] [EasyAIStudio] POST /api/images/generate 422 1.66ms
[2026-07-26 23:07:53] [INFO] [EasyAIStudio] POST /api/images/generate 200 56417.69ms
[2026-07-26 23:10:18] [INFO] [EasyAIStudio] POST /api/images/generate 200 55217.20ms
[2026-07-26 23:20:14] [INFO] [EasyAIStudio] GET /gallery/17c82ffcd6284fb2887c27c7a43b4960.png 404 10.77ms
[2026-07-26 23:20:26] [INFO] [EasyAIStudio] OPTIONS /api/images/generate 200 0.11ms
[2026-07-26 23:21:23] [INFO] [EasyAIStudio] POST /api/images/generate 200 56628.60ms
[2026-07-26 23:21:28] [INFO] [EasyAIStudio] GET /gallery/854cb1a2f6bc44818fcaf32eeddabeec.png 404 0.51ms
[2026-07-26 23:23:25] [INFO] [EasyAIStudio] GET /gallery/17c82ffcd6284fb2887c27c7a43b4960.png 404 0.44ms
[2026-07-26 23:23:25] [INFO] [EasyAIStudio] GET /favicon.ico 404 0.40ms
[2026-07-26 23:30:00] [INFO] [EasyAIStudio] GET /openapi.json 200 22.91ms
[2026-07-26 23:33:03] [INFO] [EasyAIStudio] GET /api/gallery/854cb1a2f6bc44818fcaf32eeddabeec.png 200 1.72ms
[2026-07-26 23:33:12] [INFO] [EasyAIStudio] GET /api/gallery/17c82ffcd6284fb2887c27c7a43b4960.png 200 1.13ms
[2026-07-26 23:39:04] [INFO] [EasyAIStudio] GET /api/gallery/854cb1a2f6bc44818fcaf32eeddabeec.png 200 1.19ms
[2026-07-26 23:39:44] [INFO] [EasyAIStudio] GET /api/gallery/854cb1a2f6bc44818fcaf32eeddabeec.png 200 1.08ms
[2026-07-26 23:39:46] [INFO] [EasyAIStudio] GET /api/gallery/854cb1a2f6bc44818fcaf32eeddabeec.png 200 1.22ms
[2026-07-26 23:39:46] [INFO] [EasyAIStudio] GET /api/gallery/854cb1a2f6bc44818fcaf32eeddabeec.png 200 1.16ms
[2026-07-26 23:39:47] [INFO] [EasyAIStudio] GET /api/gallery/854cb1a2f6bc44818fcaf32eeddabeec.png 200 1.11ms
[2026-07-26 23:39:47] [INFO] [EasyAIStudio] GET /api/gallery/854cb1a2f6bc44818fcaf32eeddabeec.png 200 1.13ms
[2026-07-26 23:39:47] [INFO] [EasyAIStudio] GET /api/gallery/854cb1a2f6bc44818fcaf32eeddabeec.png 200 1.25ms
[2026-07-26 23:39:47] [INFO] [EasyAIStudio] GET /api/gallery/854cb1a2f6bc44818fcaf32eeddabeec.png 200 0.95ms
[2026-07-26 23:40:00] [INFO] [EasyAIStudio] GET /api/gallery/854cb1a2f6bc44818fcaf32eeddabeec.png 200 1.15ms
[2026-07-26 23:40:12] [INFO] [EasyAIStudio] GET /api/gallery/854cb1a2f6bc44818fcaf32eeddabeec.png 200 0.99ms
[2026-07-26 23:40:12] [INFO] [EasyAIStudio] GET /api/gallery/854cb1a2f6bc44818fcaf32eeddabeec.png 200 1.09ms
[2026-07-26 23:40:13] [INFO] [EasyAIStudio] GET /api/gallery/854cb1a2f6bc44818fcaf32eeddabeec.png 200 1.12ms
[2026-07-26 23:40:13] [INFO] [EasyAIStudio] GET /api/gallery/854cb1a2f6bc44818fcaf32eeddabeec.png 200 1.12ms
[2026-07-26 23:40:13] [INFO] [EasyAIStudio] GET /api/gallery/854cb1a2f6bc44818fcaf32eeddabeec.png 200 1.26ms
[2026-07-26 23:41:56] [INFO] [EasyAIStudio] OPTIONS /api/images/generate 200 0.12ms
[2026-07-26 23:42:53] [INFO] [EasyAIStudio] POST /api/images/generate 200 56342.18ms
[2026-07-26 23:43:16] [INFO] [EasyAIStudio] GET /api/gallery/59658b6d90404b3486b5aedadc957683.png 200 1.27ms
[2026-07-26 23:45:24] [INFO] [EasyAIStudio] OPTIONS /api/gallery/59658b6d90404b3486b5aedadc957683.png 200 0.11ms
[2026-07-26 23:45:24] [INFO] [EasyAIStudio] DELETE /api/gallery/59658b6d90404b3486b5aedadc957683.png 200 1.66ms
[2026-07-26 23:45:25] [INFO] [EasyAIStudio] GET /api/gallery/59658b6d90404b3486b5aedadc957683.png 404 0.75ms
[2026-07-26 23:45:28] [INFO] [EasyAIStudio] GET /api/gallery/59658b6d90404b3486b5aedadc957683.png 404 0.68ms
[2026-07-26 23:45:32] [INFO] [EasyAIStudio] DELETE /api/gallery/59658b6d90404b3486b5aedadc957683.png 404 0.75ms
[2026-07-26 23:45:37] [INFO] [EasyAIStudio] DELETE /api/gallery/59658b6d90404b3486b5aedadc957683.png 404 0.81ms
[2026-07-26 23:45:40] [INFO] [EasyAIStudio] GET /api/gallery/59658b6d90404b3486b5aedadc957683.png 404 0.77ms
[2026-07-26 23:46:50] [INFO] [EasyAIStudio] POST /api/images/generate 200 56666.56ms
[2026-07-26 23:51:47] [INFO] [EasyAIStudio] GET /api/gallery/8bd88803604e490ba56e037e01b26a05.png 200 1.21ms
[2026-07-26 23:52:00] [INFO] [EasyAIStudio] GET /api/gallery/8bd88803604e490ba56e037e01b26a05.png 200 1.02ms
[2026-07-27 00:02:31] [INFO] [EasyAIStudio] OPTIONS /api/images/generate 200 0.16ms
[2026-07-27 00:02:31] [INFO] [EasyAIStudio] POST /api/images/generate 422 1.05ms
[2026-07-27 00:14:11] [INFO] [EasyAIStudio] OPTIONS /api/images/generate 200 0.12ms
[2026-07-27 00:15:06] [INFO] [EasyAIStudio] GET /api/gallery/8c514d65321549ad8ceffd3e33fa4463.png 200 8.73ms
[2026-07-27 00:15:10] [INFO] [EasyAIStudio] GET /api/gallery/6c5fd48648e34f239adb2a9cf61bbc34.png 200 1.70ms
[2026-07-27 00:15:10] [INFO] [EasyAIStudio] GET /api/gallery/8c514d65321549ad8ceffd3e33fa4463.png 200 5.03ms
[2026-07-27 00:15:14] [INFO] [EasyAIStudio] OPTIONS /api/gallery/8c514d65321549ad8ceffd3e33fa4463.png 200 0.10ms
[2026-07-27 00:15:14] [INFO] [EasyAIStudio] DELETE /api/gallery/8c514d65321549ad8ceffd3e33fa4463.png 200 1.88ms
[2026-07-27 00:15:14] [INFO] [EasyAIStudio] GET /api/gallery 200 2.20ms
[2026-07-27 00:15:14] [INFO] [EasyAIStudio] GET /api/gallery/8bd88803604e490ba56e037e01b26a05.png 200 5.59ms
[2026-07-27 00:15:14] [INFO] [EasyAIStudio] GET /api/gallery/854cb1a2f6bc44818fcaf32eeddabeec.png 200 3.28ms
[2026-07-27 00:15:14] [INFO] [EasyAIStudio] GET /api/gallery/17c82ffcd6284fb2887c27c7a43b4960.png 200 3.20ms
[2026-07-27 00:15:14] [INFO] [EasyAIStudio] GET /api/gallery/28eda145d738423b861070e45d33fdfb.png 200 3.38ms
[2026-07-27 00:15:18] [INFO] [EasyAIStudio] OPTIONS /api/gallery/28eda145d738423b861070e45d33fdfb.png 200 0.15ms
[2026-07-27 00:15:18] [INFO] [EasyAIStudio] DELETE /api/gallery/28eda145d738423b861070e45d33fdfb.png 200 1.36ms
[2026-07-27 00:15:18] [INFO] [EasyAIStudio] GET /api/gallery 200 2.19ms
[2026-07-27 00:15:22] [INFO] [EasyAIStudio] OPTIONS /api/gallery/6c5fd48648e34f239adb2a9cf61bbc34.png 200 0.23ms
[2026-07-27 00:15:22] [INFO] [EasyAIStudio] DELETE /api/gallery/6c5fd48648e34f239adb2a9cf61bbc34.png 200 14.52ms
[2026-07-27 00:15:22] [INFO] [EasyAIStudio] GET /api/gallery 200 2.17ms
[2026-07-27 00:15:23] [INFO] [EasyAIStudio] POST /api/images/generate 200 71603.02ms
[2026-07-27 00:15:23] [INFO] [EasyAIStudio] GET /api/gallery/35669c685faf4461852a751386b91258.png 200 1.20ms
[2026-07-27 00:15:24] [INFO] [EasyAIStudio] OPTIONS /api/gallery/17c82ffcd6284fb2887c27c7a43b4960.png 200 0.13ms
[2026-07-27 00:15:24] [INFO] [EasyAIStudio] DELETE /api/gallery/17c82ffcd6284fb2887c27c7a43b4960.png 200 1.57ms
[2026-07-27 00:15:24] [INFO] [EasyAIStudio] GET /api/gallery 200 2.02ms
[2026-07-27 00:15:24] [INFO] [EasyAIStudio] GET /api/gallery/35669c685faf4461852a751386b91258.png 200 1.24ms
[2026-07-27 00:15:34] [INFO] [EasyAIStudio] OPTIONS /api/gallery/35669c685faf4461852a751386b91258.png 200 0.11ms
[2026-07-27 00:15:34] [INFO] [EasyAIStudio] DELETE /api/gallery/35669c685faf4461852a751386b91258.png 200 1.24ms
[2026-07-27 00:15:37] [INFO] [EasyAIStudio] DELETE /api/gallery/35669c685faf4461852a751386b91258.png 404 1.11ms
[2026-07-27 00:15:42] [INFO] [EasyAIStudio] DELETE /api/gallery/35669c685faf4461852a751386b91258.png 404 1.04ms
[2026-07-27 00:15:57] [INFO] [EasyAIStudio] GET /api/gallery/8bd88803604e490ba56e037e01b26a05.png 200 1.60ms
[2026-07-27 00:16:02] [INFO] [EasyAIStudio] GET /api/gallery/35669c685faf4461852a751386b91258.png 404 0.98ms
[2026-07-27 00:16:13] [INFO] [EasyAIStudio] GET /api/gallery/35669c685faf4461852a751386b91258.png 404 0.94ms
[2026-07-27 00:16:16] [INFO] [EasyAIStudio] GET /api/gallery/35669c685faf4461852a751386b91258.png 404 1.10ms
[2026-07-27 00:16:18] [INFO] [EasyAIStudio] DELETE /api/gallery/35669c685faf4461852a751386b91258.png 404 0.96ms
[2026-07-27 00:16:23] [INFO] [EasyAIStudio] DELETE /api/gallery/35669c685faf4461852a751386b91258.png 404 0.82ms
[2026-07-27 00:16:49] [INFO] [EasyAIStudio] GET /api/gallery/35669c685faf4461852a751386b91258.png 404 0.78ms
[2026-07-27 00:18:24] [INFO] [EasyAIStudio] DELETE /api/gallery/35669c685faf4461852a751386b91258.png 404 1.11ms
[2026-07-27 00:26:01] [INFO] [EasyAIStudio] Logger initialized.
[2026-07-27 00:26:01] [INFO] [EasyAIStudio] Bootstrap completed.
[2026-07-27 00:26:01] [INFO] [EasyAIStudio] Providers : 4
[2026-07-27 00:26:01] [INFO] [EasyAIStudio] Models    : 2
[2026-07-27 00:26:01] [INFO] [EasyAIStudio] Services  : 10
[2026-07-27 00:26:40] [INFO] [EasyAIStudio] Logger initialized.
[2026-07-27 00:26:40] [INFO] [EasyAIStudio] Bootstrap completed.
[2026-07-27 00:26:40] [INFO] [EasyAIStudio] Providers : 4
[2026-07-27 00:26:40] [INFO] [EasyAIStudio] Models    : 2
[2026-07-27 00:26:40] [INFO] [EasyAIStudio] Services  : 10
[2026-07-27 00:27:25] [INFO] [EasyAIStudio] OPTIONS /api/images/generate 200 0.12ms
[2026-07-27 00:28:36] [INFO] [EasyAIStudio] POST /api/images/generate 200 70171.44ms
[2026-07-27 00:28:39] [INFO] [EasyAIStudio] GET /api/gallery/e194745c85bb4fd78a924b75f695316d.png 200 40.31ms
[2026-07-27 00:28:46] [INFO] [EasyAIStudio] OPTIONS /api/gallery/e194745c85bb4fd78a924b75f695316d.png 200 0.12ms
[2026-07-27 00:28:46] [INFO] [EasyAIStudio] DELETE /api/gallery/e194745c85bb4fd78a924b75f695316d.png 200 1.70ms
[2026-07-27 00:35:17] [INFO] [EasyAIStudio] POST /api/images/generate 200 69024.69ms
[2026-07-27 00:35:17] [INFO] [EasyAIStudio] GET /api/gallery/74293abce7af46c3acaf909ce6564e55.png 200 1.96ms
[2026-07-27 00:35:32] [INFO] [EasyAIStudio] OPTIONS /api/gallery/74293abce7af46c3acaf909ce6564e55.png 200 0.14ms
[2026-07-27 00:35:32] [INFO] [EasyAIStudio] DELETE /api/gallery/74293abce7af46c3acaf909ce6564e55.png 200 1.36ms
[2026-07-27 00:35:49] [INFO] [EasyAIStudio] GET /api/gallery/74293abce7af46c3acaf909ce6564e55.png 404 0.98ms
[2026-07-27 00:35:54] [INFO] [EasyAIStudio] GET /api/gallery/74293abce7af46c3acaf909ce6564e55.png 404 1.12ms
[2026-07-27 00:35:55] [INFO] [EasyAIStudio] GET /api/gallery/74293abce7af46c3acaf909ce6564e55.png 404 7.81ms
[2026-07-27 00:35:57] [INFO] [EasyAIStudio] GET /api/gallery/74293abce7af46c3acaf909ce6564e55.png 404 1.16ms
[2026-07-27 00:35:59] [INFO] [EasyAIStudio] GET /api/gallery/74293abce7af46c3acaf909ce6564e55.png 404 1.44ms
[2026-07-27 00:36:05] [INFO] [EasyAIStudio] POST /api/images/generate 422 0.85ms
[2026-07-27 00:37:33] [INFO] [EasyAIStudio] POST /api/images/generate 200 81996.58ms
[2026-07-27 00:37:33] [INFO] [EasyAIStudio] GET /api/gallery/bd52b5e4a706454dbdc73dd863615e02.png 200 1.72ms
[2026-07-27 00:38:25] [INFO] [EasyAIStudio] OPTIONS /api/gallery/bd52b5e4a706454dbdc73dd863615e02.png 200 0.12ms
[2026-07-27 00:38:25] [INFO] [EasyAIStudio] DELETE /api/gallery/bd52b5e4a706454dbdc73dd863615e02.png 200 1.28ms
[2026-07-27 00:39:11] [INFO] [EasyAIStudio] DELETE /api/gallery/bd52b5e4a706454dbdc73dd863615e02.png 404 1.23ms
[2026-07-27 00:39:42] [INFO] [EasyAIStudio] GET /api/gallery/bd52b5e4a706454dbdc73dd863615e02.png 404 1.10ms
[2026-07-27 20:23:29] [INFO] [EasyAIStudio] Logger initialized.
[2026-07-27 20:23:29] [INFO] [EasyAIStudio] Bootstrap completed.
[2026-07-27 20:23:29] [INFO] [EasyAIStudio] Providers : 4
[2026-07-27 20:23:29] [INFO] [EasyAIStudio] Models    : 2
[2026-07-27 20:23:29] [INFO] [EasyAIStudio] Services  : 10
[2026-07-27 20:24:31] [INFO] [EasyAIStudio] OPTIONS /api/images/generate 200 0.13ms
[2026-07-27 20:25:33] [INFO] [EasyAIStudio] POST /api/images/generate 200 62677.74ms
[2026-07-27 20:29:54] [INFO] [EasyAIStudio] GET /api/gallery/4320d84a2c5142d19de155b6690e34cd.png 200 38.66ms
[2026-07-27 20:32:26] [INFO] [EasyAIStudio] OPTIONS /api/gallery/4320d84a2c5142d19de155b6690e34cd.png 200 0.12ms
[2026-07-27 20:32:26] [INFO] [EasyAIStudio] DELETE /api/gallery/4320d84a2c5142d19de155b6690e34cd.png 200 1.22ms
[2026-07-27 20:39:17] [INFO] [EasyAIStudio] OPTIONS /api/images/generate 200 0.14ms
[2026-07-27 20:40:10] [INFO] [EasyAIStudio] POST /api/images/generate 200 52857.71ms
[2026-07-27 20:40:13] [INFO] [EasyAIStudio] GET /api/gallery/4d8b42fd3bb3410fb0c008662a04be84.png 200 1.38ms
[2026-07-27 20:40:22] [INFO] [EasyAIStudio] GET /api/gallery/4d8b42fd3bb3410fb0c008662a04be84.png 200 1.27ms
[2026-07-27 20:52:50] [INFO] [EasyAIStudio] OPTIONS /api/images/generate 200 0.11ms
[2026-07-27 20:53:17] [INFO] [EasyAIStudio] GET /api/gallery 200 3.85ms
[2026-07-27 20:53:17] [INFO] [EasyAIStudio] GET /api/gallery/4d8b42fd3bb3410fb0c008662a04be84.png 200 2.01ms
[2026-07-27 20:53:17] [INFO] [EasyAIStudio] GET /api/gallery/8bd88803604e490ba56e037e01b26a05.png 200 4.17ms
[2026-07-27 20:53:17] [INFO] [EasyAIStudio] GET /api/gallery/854cb1a2f6bc44818fcaf32eeddabeec.png 200 2.30ms
[2026-07-27 20:53:44] [INFO] [EasyAIStudio] POST /api/images/generate 200 54360.90ms
[2026-07-27 20:53:50] [INFO] [EasyAIStudio] GET /api/gallery/d04c75b77b2c4f32ae5ce4df8850e1fe.png 200 1.49ms
[2026-07-27 20:54:58] [INFO] [EasyAIStudio] GET /api/gallery 200 2.61ms
[2026-07-27 20:54:58] [INFO] [EasyAIStudio] GET /api/gallery/d04c75b77b2c4f32ae5ce4df8850e1fe.png 200 2.48ms
[2026-07-27 20:54:58] [INFO] [EasyAIStudio] GET /api/gallery/4d8b42fd3bb3410fb0c008662a04be84.png 200 2.09ms
[2026-07-27 20:56:31] [INFO] [EasyAIStudio] POST /api/images/generate 200 55140.30ms
[2026-07-27 20:56:50] [INFO] [EasyAIStudio] GET /api/gallery/315bbf17c1364ebf887e2525d6ac598f.png 200 1.38ms
[2026-07-27 20:58:49] [INFO] [EasyAIStudio] GET /api/gallery 200 2.60ms
[2026-07-27 20:58:50] [INFO] [EasyAIStudio] GET /api/gallery/315bbf17c1364ebf887e2525d6ac598f.png 200 1.23ms
[2026-07-27 21:03:00] [INFO] [EasyAIStudio] POST /api/images/generate 200 53993.04ms
[2026-07-27 21:03:00] [INFO] [EasyAIStudio] GET /api/gallery/4c13bbf6249544258877e4829e803d31.png 200 1.44ms
[2026-07-27 21:04:06] [INFO] [EasyAIStudio] GET /api/gallery 200 2.46ms
[2026-07-27 21:04:06] [INFO] [EasyAIStudio] GET /api/gallery/4c13bbf6249544258877e4829e803d31.png 200 1.23ms
[2026-07-27 21:11:22] [INFO] [EasyAIStudio] GET /api/gallery 200 2.54ms
[2026-07-27 21:11:33] [INFO] [EasyAIStudio] OPTIONS /api/images/generate 200 0.11ms
[2026-07-27 21:12:25] [INFO] [EasyAIStudio] POST /api/images/generate 200 52818.34ms
[2026-07-27 21:12:25] [INFO] [EasyAIStudio] GET /api/gallery/cabc8cbf761943d89a96a1998234440b.png 200 1.53ms
[2026-07-27 21:13:09] [INFO] [EasyAIStudio] GET /api/gallery 200 2.92ms
[2026-07-27 21:13:09] [INFO] [EasyAIStudio] GET /api/gallery/cabc8cbf761943d89a96a1998234440b.png 200 1.30ms
[2026-07-27 21:14:42] [INFO] [EasyAIStudio] GET /api/gallery 200 2.67ms
[2026-07-27 21:15:49] [INFO] [EasyAIStudio] POST /api/images/generate 200 57485.55ms
[2026-07-27 21:15:49] [INFO] [EasyAIStudio] GET /api/gallery/95c5e967a46443b5b1617934f3587548.png 200 1.28ms
[2026-07-27 21:16:46] [INFO] [EasyAIStudio] GET /api/gallery 200 2.83ms
[2026-07-27 21:16:46] [INFO] [EasyAIStudio] GET /api/gallery/95c5e967a46443b5b1617934f3587548.png 200 1.23ms
[2026-07-27 21:17:24] [INFO] [EasyAIStudio] GET /api/gallery 200 3.01ms
[2026-07-27 21:32:28] [INFO] [EasyAIStudio] OPTIONS /api/images/generate 200 0.10ms
[2026-07-27 21:33:21] [INFO] [EasyAIStudio] POST /api/images/generate 200 52856.41ms
[2026-07-27 21:33:21] [INFO] [EasyAIStudio] GET /api/gallery/83cfa9c514a2451c86e3d8a635f502e1.png 200 1.57ms
[2026-07-27 21:55:04] [INFO] [EasyAIStudio] Logger initialized.
[2026-07-27 21:55:04] [INFO] [EasyAIStudio] Bootstrap completed.
[2026-07-27 21:55:04] [INFO] [EasyAIStudio] Providers : 4
[2026-07-27 21:55:04] [INFO] [EasyAIStudio] Models    : 2
[2026-07-27 21:55:04] [INFO] [EasyAIStudio] Services  : 10
[2026-07-27 22:10:28] [INFO] [EasyAIStudio] Logger initialized.
[2026-07-27 22:10:28] [INFO] [EasyAIStudio] Bootstrap completed.
[2026-07-27 22:10:28] [INFO] [EasyAIStudio] Providers : 4
[2026-07-27 22:10:28] [INFO] [EasyAIStudio] Models    : 2
[2026-07-27 22:10:28] [INFO] [EasyAIStudio] Services  : 10
[2026-07-27 22:11:58] [INFO] [EasyAIStudio] OPTIONS /api/images/generate 200 0.12ms
[2026-07-27 22:12:51] [INFO] [EasyAIStudio] POST /api/images/generate 200 52834.90ms
[2026-07-27 22:12:51] [INFO] [EasyAIStudio] Logger initialized.
[2026-07-27 22:12:51] [INFO] [EasyAIStudio] Bootstrap completed.
[2026-07-27 22:12:51] [INFO] [EasyAIStudio] Providers : 4
[2026-07-27 22:12:51] [INFO] [EasyAIStudio] Models    : 2
[2026-07-27 22:12:51] [INFO] [EasyAIStudio] Services  : 10
[2026-07-27 22:12:51] [INFO] [EasyAIStudio] GET /api/gallery/7bf54a66f9ff40428f62a4ba983f306b.png 200 30.08ms
[2026-07-27 22:23:50] [INFO] [EasyAIStudio] GET /api/gallery 200 3.88ms
[2026-07-27 22:23:50] [INFO] [EasyAIStudio] GET /api/gallery/83cfa9c514a2451c86e3d8a635f502e1.png 200 3.38ms
[2026-07-27 22:23:50] [INFO] [EasyAIStudio] GET /api/gallery/95c5e967a46443b5b1617934f3587548.png 200 3.40ms
[2026-07-27 22:23:50] [INFO] [EasyAIStudio] GET /api/gallery/cabc8cbf761943d89a96a1998234440b.png 200 2.05ms
[2026-07-27 22:23:50] [INFO] [EasyAIStudio] GET /api/gallery/4c13bbf6249544258877e4829e803d31.png 200 1.50ms
[2026-07-27 22:23:50] [INFO] [EasyAIStudio] GET /api/gallery/315bbf17c1364ebf887e2525d6ac598f.png 200 1.51ms
[2026-07-27 22:23:50] [INFO] [EasyAIStudio] GET /api/gallery/d04c75b77b2c4f32ae5ce4df8850e1fe.png 200 1.48ms
[2026-07-27 22:23:50] [INFO] [EasyAIStudio] GET /api/gallery/4d8b42fd3bb3410fb0c008662a04be84.png 200 1.33ms
[2026-07-27 22:31:41] [INFO] [EasyAIStudio] GET /api/gallery 200 3.55ms
[2026-07-27 22:36:44] [INFO] [EasyAIStudio] GET /api/gallery 200 3.51ms
[2026-07-27 22:37:04] [INFO] [EasyAIStudio] OPTIONS /api/images/generate 200 0.19ms
[2026-07-27 22:37:55] [INFO] [EasyAIStudio] OPTIONS /api/gallery/854cb1a2f6bc44818fcaf32eeddabeec.png 200 0.12ms
[2026-07-27 22:37:55] [INFO] [EasyAIStudio] DELETE /api/gallery/854cb1a2f6bc44818fcaf32eeddabeec.png 200 1.52ms
[2026-07-27 22:37:55] [INFO] [EasyAIStudio] GET /api/gallery 200 3.80ms
[2026-07-27 22:37:55] [INFO] [EasyAIStudio] GET /api/gallery/7bf54a66f9ff40428f62a4ba983f306b.png 200 8.19ms
[2026-07-27 22:37:55] [INFO] [EasyAIStudio] GET /api/gallery/83cfa9c514a2451c86e3d8a635f502e1.png 200 2.28ms
[2026-07-27 22:37:58] [INFO] [EasyAIStudio] OPTIONS /api/gallery/8bd88803604e490ba56e037e01b26a05.png 200 0.11ms
[2026-07-27 22:37:58] [INFO] [EasyAIStudio] DELETE /api/gallery/8bd88803604e490ba56e037e01b26a05.png 200 1.25ms
[2026-07-27 22:37:58] [INFO] [EasyAIStudio] GET /api/gallery 200 3.92ms
[2026-07-27 22:38:00] [INFO] [EasyAIStudio] OPTIONS /api/gallery/4d8b42fd3bb3410fb0c008662a04be84.png 200 0.14ms
[2026-07-27 22:38:00] [INFO] [EasyAIStudio] DELETE /api/gallery/4d8b42fd3bb3410fb0c008662a04be84.png 200 1.15ms
[2026-07-27 22:38:00] [INFO] [EasyAIStudio] GET /api/gallery 200 4.36ms
[2026-07-27 22:38:01] [INFO] [EasyAIStudio] POST /api/images/generate 200 56393.55ms
[2026-07-27 22:38:01] [INFO] [EasyAIStudio] GET /api/gallery/c203ee34b8444a05b799f6b83616ac36.png 200 1.29ms
[2026-07-27 22:38:02] [INFO] [EasyAIStudio] OPTIONS /api/gallery/d04c75b77b2c4f32ae5ce4df8850e1fe.png 200 0.10ms
[2026-07-27 22:38:02] [INFO] [EasyAIStudio] DELETE /api/gallery/d04c75b77b2c4f32ae5ce4df8850e1fe.png 200 1.00ms
[2026-07-27 22:38:02] [INFO] [EasyAIStudio] GET /api/gallery 200 3.48ms
[2026-07-27 22:38:02] [INFO] [EasyAIStudio] GET /api/gallery/c203ee34b8444a05b799f6b83616ac36.png 200 1.31ms
[2026-07-27 22:38:04] [INFO] [EasyAIStudio] OPTIONS /api/gallery/315bbf17c1364ebf887e2525d6ac598f.png 200 0.11ms
[2026-07-27 22:38:04] [INFO] [EasyAIStudio] DELETE /api/gallery/315bbf17c1364ebf887e2525d6ac598f.png 200 1.32ms
[2026-07-27 22:38:04] [INFO] [EasyAIStudio] GET /api/gallery 200 2.95ms
[2026-07-27 22:38:06] [INFO] [EasyAIStudio] OPTIONS /api/gallery/4c13bbf6249544258877e4829e803d31.png 200 0.11ms
[2026-07-27 22:38:06] [INFO] [EasyAIStudio] DELETE /api/gallery/4c13bbf6249544258877e4829e803d31.png 200 1.09ms
[2026-07-27 22:38:06] [INFO] [EasyAIStudio] GET /api/gallery 200 3.11ms
[2026-07-27 22:38:08] [INFO] [EasyAIStudio] OPTIONS /api/gallery/cabc8cbf761943d89a96a1998234440b.png 200 0.11ms
[2026-07-27 22:38:08] [INFO] [EasyAIStudio] DELETE /api/gallery/cabc8cbf761943d89a96a1998234440b.png 200 1.21ms
[2026-07-27 22:38:08] [INFO] [EasyAIStudio] GET /api/gallery 200 2.99ms
[2026-07-27 22:38:10] [INFO] [EasyAIStudio] OPTIONS /api/gallery/95c5e967a46443b5b1617934f3587548.png 200 0.12ms
[2026-07-27 22:38:10] [INFO] [EasyAIStudio] DELETE /api/gallery/95c5e967a46443b5b1617934f3587548.png 200 1.58ms
[2026-07-27 22:38:10] [INFO] [EasyAIStudio] GET /api/gallery 200 3.00ms
[2026-07-27 22:38:12] [INFO] [EasyAIStudio] OPTIONS /api/gallery/83cfa9c514a2451c86e3d8a635f502e1.png 200 0.11ms
[2026-07-27 22:38:12] [INFO] [EasyAIStudio] DELETE /api/gallery/83cfa9c514a2451c86e3d8a635f502e1.png 200 1.05ms
[2026-07-27 22:38:12] [INFO] [EasyAIStudio] GET /api/gallery 200 2.68ms
[2026-07-27 22:38:13] [INFO] [EasyAIStudio] OPTIONS /api/gallery/7bf54a66f9ff40428f62a4ba983f306b.png 200 0.13ms
[2026-07-27 22:38:13] [INFO] [EasyAIStudio] DELETE /api/gallery/7bf54a66f9ff40428f62a4ba983f306b.png 200 1.01ms
[2026-07-27 22:38:13] [INFO] [EasyAIStudio] GET /api/gallery 200 2.50ms
[2026-07-27 22:38:15] [INFO] [EasyAIStudio] OPTIONS /api/gallery/c203ee34b8444a05b799f6b83616ac36.png 200 0.11ms
[2026-07-27 22:38:15] [INFO] [EasyAIStudio] DELETE /api/gallery/c203ee34b8444a05b799f6b83616ac36.png 200 1.34ms
[2026-07-27 22:38:15] [INFO] [EasyAIStudio] GET /api/gallery 200 2.41ms
[2026-07-27 22:38:20] [INFO] [EasyAIStudio] GET /api/gallery 200 2.53ms
[2026-07-27 22:38:23] [INFO] [EasyAIStudio] GET /api/gallery 200 2.13ms
[2026-07-27 22:38:32] [INFO] [EasyAIStudio] GET /api/gallery 200 4.37ms
[2026-07-27 22:39:30] [INFO] [EasyAIStudio] POST /api/images/generate 200 54040.85ms
[2026-07-27 22:39:30] [INFO] [EasyAIStudio] GET /api/gallery/ba16b10ce3e0413ab2ceb8c7a941db00.png 200 1.50ms
[2026-07-27 22:39:36] [INFO] [EasyAIStudio] GET /api/gallery 200 2.35ms
[2026-07-27 22:39:54] [INFO] [EasyAIStudio] GET /api/gallery 200 3.58ms
[2026-07-27 22:39:54] [INFO] [EasyAIStudio] GET /api/gallery/ba16b10ce3e0413ab2ceb8c7a941db00.png 200 1.61ms
[2026-07-27 22:40:53] [INFO] [EasyAIStudio] POST /api/images/generate 200 52772.13ms
[2026-07-27 22:40:53] [INFO] [EasyAIStudio] GET /api/gallery/0aabad7546c349529786ae92163c1102.png 200 1.33ms
[2026-07-27 22:41:04] [INFO] [EasyAIStudio] GET /api/gallery 200 2.97ms
[2026-07-27 22:42:43] [INFO] [EasyAIStudio] GET /api/gallery 200 2.78ms
[2026-07-27 22:42:44] [INFO] [EasyAIStudio] GET /api/gallery 200 2.68ms
[2026-07-27 22:42:48] [INFO] [EasyAIStudio] GET /api/gallery 200 3.06ms
[2026-07-27 22:42:48] [INFO] [EasyAIStudio] GET /api/gallery/0aabad7546c349529786ae92163c1102.png 200 6.44ms
[2026-07-27 22:42:48] [INFO] [EasyAIStudio] GET /api/gallery/ba16b10ce3e0413ab2ceb8c7a941db00.png 200 5.76ms
[2026-07-27 22:42:55] [INFO] [EasyAIStudio] OPTIONS /api/gallery/0aabad7546c349529786ae92163c1102.png 200 0.15ms
[2026-07-27 22:42:55] [INFO] [EasyAIStudio] DELETE /api/gallery/0aabad7546c349529786ae92163c1102.png 200 1.61ms
[2026-07-27 22:42:55] [INFO] [EasyAIStudio] GET /api/gallery 200 2.62ms
[2026-07-27 22:42:58] [INFO] [EasyAIStudio] OPTIONS /api/gallery/ba16b10ce3e0413ab2ceb8c7a941db00.png 200 0.09ms
[2026-07-27 22:42:58] [INFO] [EasyAIStudio] DELETE /api/gallery/ba16b10ce3e0413ab2ceb8c7a941db00.png 200 1.08ms
[2026-07-27 22:42:58] [INFO] [EasyAIStudio] GET /api/gallery 200 2.40ms
[2026-07-27 22:43:04] [INFO] [EasyAIStudio] GET /api/gallery 200 3.87ms
[2026-07-27 22:44:02] [INFO] [EasyAIStudio] POST /api/images/generate 200 52953.43ms
[2026-07-27 22:44:02] [INFO] [EasyAIStudio] GET /api/gallery/61658b33c74b442eb5f1ab4e2bea85c1.png 200 1.52ms
[2026-07-27 22:44:11] [INFO] [EasyAIStudio] GET /api/gallery 200 3.36ms
[2026-07-27 22:44:11] [INFO] [EasyAIStudio] GET /api/gallery/61658b33c74b442eb5f1ab4e2bea85c1.png 200 1.79ms
[2026-07-27 22:45:11] [INFO] [EasyAIStudio] POST /api/images/generate 200 54045.12ms
[2026-07-27 22:45:11] [INFO] [EasyAIStudio] GET /api/gallery/c8bbfea5685243fdb629663d69ced080.png 200 1.41ms
[2026-07-27 22:45:25] [INFO] [EasyAIStudio] GET /api/gallery 200 3.05ms
[2026-07-27 22:46:15] [INFO] [EasyAIStudio] GET /api/gallery 200 2.95ms
[2026-07-27 22:46:15] [INFO] [EasyAIStudio] GET /api/gallery/c8bbfea5685243fdb629663d69ced080.png 200 1.57ms
[2026-07-27 22:46:15] [INFO] [EasyAIStudio] GET /api/gallery/61658b33c74b442eb5f1ab4e2bea85c1.png 200 11.93ms
[2026-07-27 22:48:49] [INFO] [EasyAIStudio] OPTIONS /api/gallery/61658b33c74b442eb5f1ab4e2bea85c1.png 200 0.11ms
[2026-07-27 22:48:49] [INFO] [EasyAIStudio] DELETE /api/gallery/61658b33c74b442eb5f1ab4e2bea85c1.png 200 1.25ms
[2026-07-27 22:48:49] [INFO] [EasyAIStudio] GET /api/gallery 200 2.93ms
[2026-07-27 22:48:50] [INFO] [EasyAIStudio] GET /api/gallery/c8bbfea5685243fdb629663d69ced080.png 200 1.39ms
[2026-07-27 22:48:50] [INFO] [EasyAIStudio] GET /favicon.ico 404 4.87ms
[2026-07-27 22:48:54] [INFO] [EasyAIStudio] GET /api/gallery/4c13bbf6249544258877e4829e803d31.png 404 1.02ms
[2026-07-27 22:48:54] [INFO] [EasyAIStudio] GET /api/gallery/315bbf17c1364ebf887e2525d6ac598f.png 404 0.97ms
[2026-07-27 22:48:54] [INFO] [EasyAIStudio] GET /api/gallery/d04c75b77b2c4f32ae5ce4df8850e1fe.png 404 0.93ms
[2026-07-27 22:48:54] [INFO] [EasyAIStudio] GET /api/gallery/4d8b42fd3bb3410fb0c008662a04be84.png 404 1.10ms
[2026-07-27 22:48:54] [INFO] [EasyAIStudio] GET /api/gallery/8bd88803604e490ba56e037e01b26a05.png 404 0.92ms
[2026-07-27 22:48:54] [INFO] [EasyAIStudio] GET /api/gallery/854cb1a2f6bc44818fcaf32eeddabeec.png 404 0.79ms
[2026-07-27 22:49:05] [INFO] [EasyAIStudio] GET /api/gallery 200 2.73ms
[2026-07-27 22:49:05] [INFO] [EasyAIStudio] GET /api/gallery/c8bbfea5685243fdb629663d69ced080.png 200 1.30ms
[2026-07-27 22:49:08] [INFO] [EasyAIStudio] OPTIONS /api/gallery/c8bbfea5685243fdb629663d69ced080.png 200 0.10ms
[2026-07-27 22:49:08] [INFO] [EasyAIStudio] DELETE /api/gallery/c8bbfea5685243fdb629663d69ced080.png 200 1.06ms
[2026-07-27 22:49:08] [INFO] [EasyAIStudio] GET /api/gallery 200 2.83ms
[2026-07-27 22:49:12] [INFO] [EasyAIStudio] GET /api/gallery 200 2.73ms
[2026-07-27 22:49:16] [INFO] [EasyAIStudio] GET /api/gallery 200 3.07ms
[2026-07-27 22:49:17] [INFO] [EasyAIStudio] OPTIONS /api/images/generate 200 0.12ms
[2026-07-27 22:49:17] [INFO] [EasyAIStudio] POST /api/images/generate 422 1.55ms
[2026-07-27 22:50:20] [INFO] [EasyAIStudio] POST /api/images/generate 200 52797.41ms
[2026-07-27 22:50:20] [INFO] [EasyAIStudio] GET /api/gallery/4a9ba4fb9bb9431fa2ae3b9b07509f2a.png 200 1.56ms
[2026-07-27 22:50:25] [INFO] [EasyAIStudio] GET /api/gallery 200 3.53ms
[2026-07-27 22:50:38] [INFO] [EasyAIStudio] POST /api/images/generate 200 590.40ms
[2026-07-27 22:50:38] [INFO] [EasyAIStudio] GET /api/gallery/7910957ffef04afa8df8018b81688f24.png 200 1.28ms
[2026-07-27 22:50:53] [INFO] [EasyAIStudio] GET /api/gallery 200 4.04ms
[2026-07-27 22:50:54] [INFO] [EasyAIStudio] GET /api/gallery/7910957ffef04afa8df8018b81688f24.png 200 2.60ms
[2026-07-27 22:50:54] [INFO] [EasyAIStudio] GET /api/gallery/4a9ba4fb9bb9431fa2ae3b9b07509f2a.png 200 2.62ms
[2026-07-27 22:51:07] [INFO] [EasyAIStudio] GET /api/gallery 200 2.79ms
[2026-07-27 22:51:07] [INFO] [EasyAIStudio] GET /api/gallery/7910957ffef04afa8df8018b81688f24.png 200 4.66ms
[2026-07-27 22:51:07] [INFO] [EasyAIStudio] GET /api/gallery/4a9ba4fb9bb9431fa2ae3b9b07509f2a.png 200 3.91ms
[2026-07-27 22:51:09] [INFO] [EasyAIStudio] OPTIONS /api/gallery/4a9ba4fb9bb9431fa2ae3b9b07509f2a.png 200 0.11ms
[2026-07-27 22:51:09] [INFO] [EasyAIStudio] DELETE /api/gallery/4a9ba4fb9bb9431fa2ae3b9b07509f2a.png 200 1.14ms
[2026-07-27 22:51:09] [INFO] [EasyAIStudio] GET /api/gallery 200 3.57ms
[2026-07-27 22:51:11] [INFO] [EasyAIStudio] OPTIONS /api/gallery/7910957ffef04afa8df8018b81688f24.png 200 0.11ms
[2026-07-27 22:51:11] [INFO] [EasyAIStudio] DELETE /api/gallery/7910957ffef04afa8df8018b81688f24.png 200 1.12ms
[2026-07-27 22:51:11] [INFO] [EasyAIStudio] GET /api/gallery 200 2.77ms
[2026-07-27 22:51:13] [INFO] [EasyAIStudio] GET /api/gallery 200 2.80ms
[2026-07-27 22:51:15] [INFO] [EasyAIStudio] GET /api/gallery 200 3.64ms
[2026-07-27 22:52:15] [INFO] [EasyAIStudio] POST /api/images/generate 200 56416.22ms
[2026-07-27 22:52:15] [INFO] [EasyAIStudio] GET /api/gallery/4004c7a549354ba096d59c9cedba9e7a.png 200 1.55ms
[2026-07-27 22:52:20] [INFO] [EasyAIStudio] GET /api/gallery 200 3.05ms
[2026-07-27 22:52:25] [INFO] [EasyAIStudio] GET /api/gallery 200 3.31ms
[2026-07-27 22:52:25] [INFO] [EasyAIStudio] GET /api/gallery/4004c7a549354ba096d59c9cedba9e7a.png 200 1.46ms
[2026-07-27 22:52:26] [INFO] [EasyAIStudio] GET /api/gallery 200 3.80ms
[2026-07-27 22:52:26] [INFO] [EasyAIStudio] GET /api/gallery/4004c7a549354ba096d59c9cedba9e7a.png 200 1.39ms
[2026-07-27 22:52:26] [INFO] [EasyAIStudio] GET /api/gallery 200 3.93ms
[2026-07-27 22:52:26] [INFO] [EasyAIStudio] GET /api/gallery/4004c7a549354ba096d59c9cedba9e7a.png 200 2.06ms
[2026-07-27 22:53:36] [INFO] [EasyAIStudio] POST /api/images/generate 200 56674.44ms
[2026-07-27 22:53:36] [INFO] [EasyAIStudio] GET /api/gallery/526867194fd640a9b4042cc32588838b.png 200 1.42ms
[2026-07-27 22:53:43] [INFO] [EasyAIStudio] GET /api/gallery 200 2.83ms
[2026-07-27 22:53:43] [INFO] [EasyAIStudio] GET /api/gallery/4004c7a549354ba096d59c9cedba9e7a.png 200 1.25ms
[2026-07-27 22:57:53] [INFO] [EasyAIStudio] GET /api/gallery 200 3.31ms
[2026-07-27 23:00:38] [INFO] [EasyAIStudio] GET /api/gallery 200 4.13ms
[2026-07-27 23:00:49] [INFO] [EasyAIStudio] GET /api/gallery 200 6.20ms
[2026-07-27 23:00:50] [INFO] [EasyAIStudio] GET /api/gallery/526867194fd640a9b4042cc32588838b.png 200 4.49ms
[2026-07-27 23:00:50] [INFO] [EasyAIStudio] GET /api/gallery/4004c7a549354ba096d59c9cedba9e7a.png 200 3.48ms
[2026-07-28 17:45:06] [INFO] [EasyAIStudio] Logger initialized.
[2026-07-28 17:45:06] [INFO] [EasyAIStudio] Bootstrap completed.
[2026-07-28 17:45:06] [INFO] [EasyAIStudio] Providers : 4
[2026-07-28 17:45:06] [INFO] [EasyAIStudio] Models    : 2
[2026-07-28 17:45:06] [INFO] [EasyAIStudio] Services  : 10
[2026-07-28 17:45:30] [INFO] [EasyAIStudio] Logger initialized.
[2026-07-28 17:45:30] [INFO] [EasyAIStudio] Bootstrap completed.
[2026-07-28 17:45:30] [INFO] [EasyAIStudio] Providers : 4
[2026-07-28 17:45:30] [INFO] [EasyAIStudio] Models    : 2
[2026-07-28 17:45:30] [INFO] [EasyAIStudio] Services  : 10
[2026-07-28 17:45:45] [INFO] [EasyAIStudio] OPTIONS /api/images/generate 200 0.14ms
[2026-07-28 17:45:47] [INFO] [EasyAIStudio] POST /api/images/generate 200 2282.31ms
[2026-07-28 17:45:47] [INFO] [EasyAIStudio] GET /api/gallery/ 307 6.05ms
[2026-07-28 17:45:47] [INFO] [EasyAIStudio] GET /api/gallery 200 27.86ms
[2026-07-28 17:47:37] [INFO] [EasyAIStudio] GET /api/gallery 200 4.40ms
[2026-07-28 17:47:37] [INFO] [EasyAIStudio] GET /api/gallery/526867194fd640a9b4042cc32588838b.png 200 31.90ms
[2026-07-28 17:47:37] [INFO] [EasyAIStudio] GET /api/gallery/4004c7a549354ba096d59c9cedba9e7a.png 200 1.98ms
[2026-07-28 17:47:40] [INFO] [EasyAIStudio] GET /api/gallery 200 4.05ms
[2026-07-28 17:47:40] [INFO] [EasyAIStudio] GET /api/gallery 200 4.34ms
[2026-07-28 17:47:57] [INFO] [EasyAIStudio] GET /api/gallery 200 4.89ms
[2026-07-28 17:48:09] [INFO] [EasyAIStudio] POST /api/images/generate 200 2222.22ms
[2026-07-28 17:48:09] [INFO] [EasyAIStudio] GET /api/gallery/ 307 0.34ms
[2026-07-28 17:48:09] [INFO] [EasyAIStudio] GET /api/gallery 200 3.93ms
[2026-07-28 17:48:15] [INFO] [EasyAIStudio] GET /api/gallery 200 4.29ms
[2026-07-28 17:48:16] [INFO] [EasyAIStudio] GET /api/gallery 200 4.47ms
[2026-07-28 17:48:17] [INFO] [EasyAIStudio] GET /api/gallery 200 6.46ms
[2026-07-28 17:48:20] [INFO] [EasyAIStudio] GET /api/gallery 200 4.47ms
[2026-07-28 17:48:20] [INFO] [EasyAIStudio] GET /api/gallery 200 3.94ms
[2026-07-28 17:48:20] [INFO] [EasyAIStudio] GET /api/gallery 200 4.52ms
[2026-07-28 17:48:30] [INFO] [EasyAIStudio] GET /api/gallery 200 4.26ms
[2026-07-28 17:48:30] [INFO] [EasyAIStudio] GET /api/gallery 200 4.47ms
[2026-07-28 17:48:30] [INFO] [EasyAIStudio] GET /api/gallery 200 4.51ms
[2026-07-28 17:48:32] [INFO] [EasyAIStudio] GET /api/gallery 200 6.43ms
[2026-07-28 17:48:32] [INFO] [EasyAIStudio] GET /api/gallery 200 4.41ms
[2026-07-28 17:48:32] [INFO] [EasyAIStudio] GET /api/gallery 200 4.59ms
[2026-07-28 17:49:25] [INFO] [EasyAIStudio] GET /api/gallery 200 4.59ms
[2026-07-28 17:49:36] [INFO] [EasyAIStudio] POST /api/images/generate 200 2220.29ms
[2026-07-28 17:49:36] [INFO] [EasyAIStudio] GET /api/gallery/ 307 0.43ms
[2026-07-28 17:49:36] [INFO] [EasyAIStudio] GET /api/gallery 200 5.73ms
[2026-07-28 17:50:20] [INFO] [EasyAIStudio] GET /api/gallery 200 7.53ms
[2026-07-28 17:51:53] [INFO] [EasyAIStudio] POST /api/images/generate 200 64652.84ms
[2026-07-28 17:51:53] [INFO] [EasyAIStudio] GET /api/gallery/2bc92b512886468cbf93c6a6c2a8f17d.png 200 2.27ms
[2026-07-28 17:53:30] [INFO] [EasyAIStudio] GET /api/gallery 200 11.93ms
[2026-07-28 17:53:43] [INFO] [EasyAIStudio] OPTIONS /api/gallery/2bc92b512886468cbf93c6a6c2a8f17d.png 200 0.13ms
[2026-07-28 17:53:43] [INFO] [EasyAIStudio] DELETE /api/gallery/2bc92b512886468cbf93c6a6c2a8f17d.png 200 1.34ms
[2026-07-28 17:53:58] [INFO] [EasyAIStudio] GET /api/gallery 200 4.86ms
[2026-07-28 17:54:04] [INFO] [EasyAIStudio] GET /api/gallery 200 4.85ms
[2026-07-28 17:54:45] [INFO] [EasyAIStudio] POST /api/images/generate 200 53902.42ms
[2026-07-28 17:54:45] [INFO] [EasyAIStudio] GET /api/gallery/0d1f6dea9bed4dae8d026897d2590e6e.png 200 1.38ms
[2026-07-28 17:55:13] [INFO] [EasyAIStudio] GET /api/gallery/0d1f6dea9bed4dae8d026897d2590e6e.png 200 1.55ms
[2026-07-28 17:55:16] [INFO] [EasyAIStudio] GET /api/gallery/0d1f6dea9bed4dae8d026897d2590e6e.png 200 1.37ms
[2026-07-28 17:55:29] [INFO] [EasyAIStudio] GET /api/gallery 200 5.21ms
[2026-07-28 17:55:29] [INFO] [EasyAIStudio] GET /api/gallery/0d1f6dea9bed4dae8d026897d2590e6e.png 200 1.35ms
[2026-07-28 19:09:59] [INFO] [EasyAIStudio] GET /api/gallery 200 16.03ms
[2026-07-28 19:09:59] [INFO] [EasyAIStudio] GET /api/gallery/0d1f6dea9bed4dae8d026897d2590e6e.png 200 2.35ms
[2026-07-29 19:38:37] [INFO] [EasyAIStudio] Logger initialized.
[2026-07-29 19:38:37] [INFO] [EasyAIStudio] Bootstrap completed.
[2026-07-29 19:38:37] [INFO] [EasyAIStudio] Providers : 4
[2026-07-29 19:38:37] [INFO] [EasyAIStudio] Models    : 2
[2026-07-29 19:38:37] [INFO] [EasyAIStudio] Services  : 10
[2026-07-29 19:39:16] [INFO] [EasyAIStudio] GET /api/gallery 200 55.68ms
[2026-07-29 19:39:16] [INFO] [EasyAIStudio] GET /api/gallery/0d1f6dea9bed4dae8d026897d2590e6e.png 200 37.34ms
[2026-07-29 19:39:16] [INFO] [EasyAIStudio] GET /api/gallery/526867194fd640a9b4042cc32588838b.png 200 3.25ms
[2026-07-29 19:39:16] [INFO] [EasyAIStudio] GET /api/gallery/4004c7a549354ba096d59c9cedba9e7a.png 200 3.41ms
[2026-07-29 19:39:21] [INFO] [EasyAIStudio] GET /api/gallery 200 6.10ms
[2026-07-29 19:49:35] [INFO] [EasyAIStudio] GET /api/gallery 200 7.71ms
[2026-07-29 19:49:59] [INFO] [EasyAIStudio] GET /api/gallery 200 5.91ms
[2026-07-29 19:50:00] [INFO] [EasyAIStudio] GET /api/gallery 200 5.31ms
[2026-07-29 19:50:00] [INFO] [EasyAIStudio] GET /api/gallery 200 5.00ms
[2026-07-29 19:50:01] [INFO] [EasyAIStudio] GET /api/gallery 200 5.60ms
[2026-07-29 19:50:01] [INFO] [EasyAIStudio] GET /api/gallery 200 5.12ms
[2026-07-29 20:00:42] [INFO] [EasyAIStudio] GET /api/gallery 200 5.56ms
[2026-07-29 20:00:48] [INFO] [EasyAIStudio] GET /api/gallery 200 5.85ms
[2026-07-29 20:00:48] [INFO] [EasyAIStudio] GET /api/gallery 200 5.26ms
[2026-07-29 20:00:48] [INFO] [EasyAIStudio] GET /api/gallery 200 5.70ms
[2026-07-29 20:17:09] [INFO] [EasyAIStudio] GET /api/gallery 200 5.68ms
[2026-07-29 20:17:09] [INFO] [EasyAIStudio] GET /api/gallery 200 5.55ms
[2026-07-29 20:17:09] [INFO] [EasyAIStudio] GET /api/gallery 200 5.84ms
[2026-07-29 20:17:10] [INFO] [EasyAIStudio] GET /api/gallery 200 5.26ms
[2026-07-29 20:17:10] [INFO] [EasyAIStudio] GET /api/gallery 200 7.60ms
[2026-07-29 20:17:11] [INFO] [EasyAIStudio] GET /api/gallery 200 15.85ms
[2026-07-29 20:17:17] [INFO] [EasyAIStudio] GET /api/gallery 200 8.25ms
[2026-07-29 20:17:17] [INFO] [EasyAIStudio] GET /api/gallery 200 4.82ms
[2026-07-29 20:17:17] [INFO] [EasyAIStudio] GET /api/gallery 200 6.82ms
[2026-07-29 20:17:17] [INFO] [EasyAIStudio] GET /api/gallery 200 5.43ms
[2026-07-29 20:18:49] [INFO] [EasyAIStudio] GET /api/gallery 200 5.44ms
[2026-07-29 20:18:49] [INFO] [EasyAIStudio] GET /api/gallery 200 7.33ms
[2026-07-29 20:18:49] [INFO] [EasyAIStudio] GET /api/gallery 200 8.93ms
[2026-07-29 20:18:49] [INFO] [EasyAIStudio] GET /api/gallery 200 5.39ms
[2026-07-29 20:18:50] [INFO] [EasyAIStudio] GET /api/gallery 200 5.67ms
[2026-07-29 20:18:50] [INFO] [EasyAIStudio] GET /api/gallery 200 4.59ms
[2026-07-29 20:18:50] [INFO] [EasyAIStudio] GET /api/gallery 200 7.24ms
[2026-07-29 20:18:50] [INFO] [EasyAIStudio] GET /api/gallery 200 5.73ms
[2026-07-29 20:18:52] [INFO] [EasyAIStudio] GET /api/gallery 200 6.12ms
[2026-07-29 20:24:51] [INFO] [EasyAIStudio] GET /api/gallery 200 7.42ms
[2026-07-29 20:24:52] [INFO] [EasyAIStudio] GET /api/gallery 200 5.65ms
[2026-07-29 20:24:53] [INFO] [EasyAIStudio] GET /api/gallery 200 5.47ms
[2026-07-29 20:24:53] [INFO] [EasyAIStudio] GET /api/gallery 200 5.26ms
[2026-07-29 20:24:53] [INFO] [EasyAIStudio] GET /api/gallery 200 6.52ms
[2026-07-29 20:24:53] [INFO] [EasyAIStudio] GET /api/gallery 200 4.69ms
[2026-07-29 20:29:21] [INFO] [EasyAIStudio] GET /api/gallery 200 7.25ms
[2026-07-29 20:33:35] [INFO] [EasyAIStudio] GET /api/gallery/0d1f6dea9bed4dae8d026897d2590e6e.png 200 2.69ms
[2026-07-29 20:33:53] [INFO] [EasyAIStudio] GET /api/gallery 200 8.53ms
[2026-07-29 20:33:55] [INFO] [EasyAIStudio] GET /api/gallery 200 4.75ms
[2026-07-29 20:33:55] [INFO] [EasyAIStudio] GET /api/gallery 200 4.54ms
[2026-07-29 20:33:56] [INFO] [EasyAIStudio] GET /api/gallery/0d1f6dea9bed4dae8d026897d2590e6e.png 200 2.20ms
[2026-07-29 20:34:00] [INFO] [EasyAIStudio] GET /api/gallery/526867194fd640a9b4042cc32588838b.png 200 2.08ms
[2026-07-29 20:34:02] [INFO] [EasyAIStudio] GET /api/gallery/4004c7a549354ba096d59c9cedba9e7a.png 200 2.80ms
[2026-07-29 20:34:05] [INFO] [EasyAIStudio] GET /api/gallery/0d1f6dea9bed4dae8d026897d2590e6e.png 200 1.80ms
[2026-07-29 20:34:05] [INFO] [EasyAIStudio] GET /api/gallery/526867194fd640a9b4042cc32588838b.png 200 1.73ms
[2026-07-29 20:34:06] [INFO] [EasyAIStudio] GET /api/gallery/4004c7a549354ba096d59c9cedba9e7a.png 200 1.40ms
[2026-07-29 20:34:07] [INFO] [EasyAIStudio] GET /api/gallery/526867194fd640a9b4042cc32588838b.png 200 1.58ms
[2026-07-29 20:34:07] [INFO] [EasyAIStudio] GET /api/gallery/0d1f6dea9bed4dae8d026897d2590e6e.png 200 1.65ms
[2026-07-29 20:34:08] [INFO] [EasyAIStudio] GET /api/gallery/526867194fd640a9b4042cc32588838b.png 200 1.65ms
[2026-07-29 20:34:09] [INFO] [EasyAIStudio] GET /api/gallery/4004c7a549354ba096d59c9cedba9e7a.png 200 1.72ms
[2026-07-29 20:34:09] [INFO] [EasyAIStudio] GET /api/gallery/526867194fd640a9b4042cc32588838b.png 200 2.92ms
[2026-07-29 20:34:09] [INFO] [EasyAIStudio] GET /api/gallery/0d1f6dea9bed4dae8d026897d2590e6e.png 200 1.61ms
[2026-07-29 20:34:10] [INFO] [EasyAIStudio] GET /api/gallery/0d1f6dea9bed4dae8d026897d2590e6e.png 200 1.54ms
[2026-07-29 20:34:10] [INFO] [EasyAIStudio] GET /api/gallery/4004c7a549354ba096d59c9cedba9e7a.png 200 1.88ms
[2026-07-29 20:34:11] [INFO] [EasyAIStudio] GET /api/gallery/526867194fd640a9b4042cc32588838b.png 200 1.82ms
[2026-07-29 20:34:11] [INFO] [EasyAIStudio] GET /api/gallery/0d1f6dea9bed4dae8d026897d2590e6e.png 200 1.88ms
[2026-07-29 20:34:12] [INFO] [EasyAIStudio] GET /api/gallery/526867194fd640a9b4042cc32588838b.png 200 1.43ms
[2026-07-29 20:34:12] [INFO] [EasyAIStudio] GET /api/gallery/4004c7a549354ba096d59c9cedba9e7a.png 200 1.62ms
[2026-07-29 20:34:13] [INFO] [EasyAIStudio] GET /api/gallery/0d1f6dea9bed4dae8d026897d2590e6e.png 200 2.03ms
[2026-07-29 20:34:13] [INFO] [EasyAIStudio] GET /api/gallery/526867194fd640a9b4042cc32588838b.png 200 1.66ms
[2026-07-29 20:34:14] [INFO] [EasyAIStudio] GET /api/gallery/4004c7a549354ba096d59c9cedba9e7a.png 200 1.61ms
[2026-07-29 20:34:14] [INFO] [EasyAIStudio] GET /api/gallery/0d1f6dea9bed4dae8d026897d2590e6e.png 200 1.68ms
[2026-07-29 20:34:14] [INFO] [EasyAIStudio] GET /api/gallery/526867194fd640a9b4042cc32588838b.png 200 1.56ms
[2026-07-29 20:34:15] [INFO] [EasyAIStudio] GET /api/gallery/4004c7a549354ba096d59c9cedba9e7a.png 200 2.24ms
[2026-07-29 20:35:41] [INFO] [EasyAIStudio] GET /api/gallery 200 6.49ms
[2026-07-29 20:35:42] [INFO] [EasyAIStudio] GET /api/gallery 200 8.84ms
[2026-07-29 20:35:43] [INFO] [EasyAIStudio] GET /api/gallery 200 5.02ms
[2026-07-29 20:35:43] [INFO] [EasyAIStudio] GET /api/gallery 200 5.48ms
[2026-07-29 20:35:43] [INFO] [EasyAIStudio] GET /api/gallery 200 5.18ms
[2026-07-29 20:35:44] [INFO] [EasyAIStudio] GET /api/gallery/0d1f6dea9bed4dae8d026897d2590e6e.png 200 1.55ms
[2026-07-29 20:35:45] [INFO] [EasyAIStudio] GET /api/gallery/526867194fd640a9b4042cc32588838b.png 200 1.54ms
[2026-07-29 20:35:46] [INFO] [EasyAIStudio] GET /api/gallery/526867194fd640a9b4042cc32588838b.png 200 1.44ms
[2026-07-29 20:35:47] [INFO] [EasyAIStudio] GET /api/gallery/4004c7a549354ba096d59c9cedba9e7a.png 200 1.74ms
[2026-07-29 20:35:47] [INFO] [EasyAIStudio] GET /api/gallery/526867194fd640a9b4042cc32588838b.png 200 1.78ms
[2026-07-29 20:35:48] [INFO] [EasyAIStudio] GET /api/gallery/0d1f6dea9bed4dae8d026897d2590e6e.png 200 1.69ms
[2026-07-29 20:35:48] [INFO] [EasyAIStudio] GET /api/gallery/526867194fd640a9b4042cc32588838b.png 200 2.17ms
[2026-07-29 20:35:48] [INFO] [EasyAIStudio] GET /api/gallery/4004c7a549354ba096d59c9cedba9e7a.png 200 1.65ms
[2026-07-29 20:35:49] [INFO] [EasyAIStudio] GET /api/gallery/4004c7a549354ba096d59c9cedba9e7a.png 200 1.47ms
[2026-07-29 20:35:50] [INFO] [EasyAIStudio] GET /api/gallery/526867194fd640a9b4042cc32588838b.png 200 1.48ms
[2026-07-29 20:35:50] [INFO] [EasyAIStudio] GET /api/gallery/0d1f6dea9bed4dae8d026897d2590e6e.png 200 1.81ms
[2026-07-29 20:37:29] [INFO] [EasyAIStudio] GET /api/gallery/0d1f6dea9bed4dae8d026897d2590e6e.png 200 1.93ms
[2026-07-29 20:37:30] [INFO] [EasyAIStudio] GET /api/gallery/526867194fd640a9b4042cc32588838b.png 200 1.59ms
[2026-07-29 20:37:31] [INFO] [EasyAIStudio] GET /api/gallery/4004c7a549354ba096d59c9cedba9e7a.png 200 1.75ms
[2026-07-29 20:38:25] [INFO] [EasyAIStudio] GET /api/gallery/526867194fd640a9b4042cc32588838b.png 200 1.70ms
[2026-07-29 20:38:25] [INFO] [EasyAIStudio] GET /favicon.ico 404 6.53ms
[2026-07-29 20:38:31] [INFO] [EasyAIStudio] GET /api/gallery/4004c7a549354ba096d59c9cedba9e7a.png 200 1.50ms
[2026-07-29 20:47:17] [INFO] [EasyAIStudio] GET /api/gallery/4004c7a549354ba096d59c9cedba9e7a.png 200 1.97ms
[2026-07-29 20:47:42] [INFO] [EasyAIStudio] GET /api/gallery 200 15.13ms
[2026-07-29 20:47:44] [INFO] [EasyAIStudio] GET /api/gallery 200 5.26ms
[2026-07-29 20:47:44] [INFO] [EasyAIStudio] GET /api/gallery 200 4.52ms
[2026-07-29 20:47:44] [INFO] [EasyAIStudio] GET /api/gallery 200 4.45ms
[2026-07-29 20:47:46] [INFO] [EasyAIStudio] GET /api/gallery/0d1f6dea9bed4dae8d026897d2590e6e.png 200 1.54ms
[2026-07-29 20:47:47] [INFO] [EasyAIStudio] GET /api/gallery/526867194fd640a9b4042cc32588838b.png 200 1.54ms
[2026-07-29 20:47:48] [INFO] [EasyAIStudio] GET /api/gallery/4004c7a549354ba096d59c9cedba9e7a.png 200 1.58ms
[2026-07-29 20:47:49] [INFO] [EasyAIStudio] GET /api/gallery/0d1f6dea9bed4dae8d026897d2590e6e.png 200 1.54ms
[2026-07-29 20:47:50] [INFO] [EasyAIStudio] GET /api/gallery/526867194fd640a9b4042cc32588838b.png 200 1.56ms
[2026-07-29 20:47:50] [INFO] [EasyAIStudio] GET /api/gallery/4004c7a549354ba096d59c9cedba9e7a.png 200 1.82ms
[2026-07-29 20:47:51] [INFO] [EasyAIStudio] GET /api/gallery/526867194fd640a9b4042cc32588838b.png 200 1.52ms
[2026-07-29 20:47:51] [INFO] [EasyAIStudio] GET /api/gallery/0d1f6dea9bed4dae8d026897d2590e6e.png 200 1.67ms
[2026-07-29 20:47:52] [INFO] [EasyAIStudio] GET /api/gallery/0d1f6dea9bed4dae8d026897d2590e6e.png 200 2.03ms
[2026-07-29 20:47:52] [INFO] [EasyAIStudio] GET /api/gallery/526867194fd640a9b4042cc32588838b.png 200 1.47ms
[2026-07-29 20:47:53] [INFO] [EasyAIStudio] GET /api/gallery/4004c7a549354ba096d59c9cedba9e7a.png 200 1.42ms
[2026-07-29 20:47:54] [INFO] [EasyAIStudio] GET /api/gallery/0d1f6dea9bed4dae8d026897d2590e6e.png 200 1.44ms
[2026-07-29 20:47:54] [INFO] [EasyAIStudio] GET /api/gallery/526867194fd640a9b4042cc32588838b.png 200 1.73ms
[2026-07-29 20:47:55] [INFO] [EasyAIStudio] GET /api/gallery/4004c7a549354ba096d59c9cedba9e7a.png 200 1.52ms
[2026-07-29 20:53:27] [INFO] [EasyAIStudio] GET /api/gallery 200 31.85ms
[2026-07-29 20:53:35] [INFO] [EasyAIStudio] OPTIONS /api/images/generate 200 0.12ms
[2026-07-29 20:54:40] [INFO] [EasyAIStudio] POST /api/images/generate 200 65453.31ms
[2026-07-29 20:54:40] [INFO] [EasyAIStudio] GET /api/gallery/db08a2f1721b496baf54502fc9e9542c.png 200 1.92ms
[2026-07-29 20:54:53] [INFO] [EasyAIStudio] GET /api/gallery 200 18.34ms
[2026-07-29 20:54:53] [INFO] [EasyAIStudio] GET /api/gallery/db08a2f1721b496baf54502fc9e9542c.png 200 2.68ms
[2026-07-29 20:55:05] [INFO] [EasyAIStudio] GET /api/gallery/db08a2f1721b496baf54502fc9e9542c.png 200 1.47ms
[2026-07-29 20:55:27] [INFO] [EasyAIStudio] GET /api/gallery/0d1f6dea9bed4dae8d026897d2590e6e.png 200 1.75ms
[2026-07-29 20:55:50] [INFO] [EasyAIStudio] GET /api/gallery/526867194fd640a9b4042cc32588838b.png 200 1.69ms
[2026-07-29 20:56:08] [INFO] [EasyAIStudio] GET /api/gallery/4004c7a549354ba096d59c9cedba9e7a.png 200 1.39ms
[2026-07-29 21:14:56] [INFO] [EasyAIStudio] GET /api/gallery 200 17.94ms
[2026-07-29 21:14:56] [INFO] [EasyAIStudio] GET /api/gallery/db08a2f1721b496baf54502fc9e9542c.png 200 1.97ms
[2026-07-29 21:14:58] [INFO] [EasyAIStudio] GET /api/gallery/db08a2f1721b496baf54502fc9e9542c.png 200 2.02ms
[2026-07-29 21:14:59] [INFO] [EasyAIStudio] GET /api/gallery/0d1f6dea9bed4dae8d026897d2590e6e.png 200 1.72ms
[2026-07-29 21:15:00] [INFO] [EasyAIStudio] GET /api/gallery/526867194fd640a9b4042cc32588838b.png 200 1.81ms
[2026-07-29 21:15:01] [INFO] [EasyAIStudio] GET /api/gallery/4004c7a549354ba096d59c9cedba9e7a.png 200 1.52ms
[2026-07-29 21:15:01] [INFO] [EasyAIStudio] GET /api/gallery/db08a2f1721b496baf54502fc9e9542c.png 200 1.73ms
[2026-07-29 21:15:02] [INFO] [EasyAIStudio] GET /api/gallery/db08a2f1721b496baf54502fc9e9542c.png 200 1.62ms
[2026-07-29 21:15:02] [INFO] [EasyAIStudio] GET /api/gallery/db08a2f1721b496baf54502fc9e9542c.png 200 1.45ms
[2026-07-29 21:15:02] [INFO] [EasyAIStudio] GET /api/gallery/db08a2f1721b496baf54502fc9e9542c.png 200 1.53ms
[2026-07-29 21:15:03] [INFO] [EasyAIStudio] GET /api/gallery/db08a2f1721b496baf54502fc9e9542c.png 200 2.04ms
[2026-07-29 21:15:03] [INFO] [EasyAIStudio] GET /api/gallery/0d1f6dea9bed4dae8d026897d2590e6e.png 200 1.49ms
[2026-07-29 21:15:04] [INFO] [EasyAIStudio] GET /api/gallery/526867194fd640a9b4042cc32588838b.png 200 1.61ms
[2026-07-29 21:15:05] [INFO] [EasyAIStudio] GET /api/gallery/4004c7a549354ba096d59c9cedba9e7a.png 200 1.60ms
[2026-07-29 21:15:06] [INFO] [EasyAIStudio] GET /api/gallery/db08a2f1721b496baf54502fc9e9542c.png 200 1.77ms
[2026-07-29 21:15:07] [INFO] [EasyAIStudio] GET /api/gallery/0d1f6dea9bed4dae8d026897d2590e6e.png 200 1.56ms
[2026-07-29 21:15:08] [INFO] [EasyAIStudio] GET /api/gallery/4004c7a549354ba096d59c9cedba9e7a.png 200 1.48ms
[2026-07-29 21:15:08] [INFO] [EasyAIStudio] GET /api/gallery/526867194fd640a9b4042cc32588838b.png 200 1.83ms
[2026-07-29 21:15:08] [INFO] [EasyAIStudio] GET /api/gallery/0d1f6dea9bed4dae8d026897d2590e6e.png 200 2.05ms
[2026-07-29 21:15:09] [INFO] [EasyAIStudio] GET /api/gallery/db08a2f1721b496baf54502fc9e9542c.png 200 1.53ms
[2026-07-29 21:15:09] [INFO] [EasyAIStudio] GET /api/gallery/4004c7a549354ba096d59c9cedba9e7a.png 200 1.54ms
[2026-07-29 21:15:10] [INFO] [EasyAIStudio] GET /api/gallery/0d1f6dea9bed4dae8d026897d2590e6e.png 200 1.65ms
[2026-07-29 21:15:11] [INFO] [EasyAIStudio] GET /api/gallery/db08a2f1721b496baf54502fc9e9542c.png 200 1.52ms
[2026-07-29 21:15:14] [INFO] [EasyAIStudio] GET /api/gallery/4004c7a549354ba096d59c9cedba9e7a.png 200 1.46ms
[2026-07-29 21:15:16] [INFO] [EasyAIStudio] GET /api/gallery/0d1f6dea9bed4dae8d026897d2590e6e.png 200 1.62ms
[2026-07-29 21:15:18] [INFO] [EasyAIStudio] GET /api/gallery/db08a2f1721b496baf54502fc9e9542c.png 200 1.58ms
[2026-07-29 21:15:18] [INFO] [EasyAIStudio] GET /api/gallery/db08a2f1721b496baf54502fc9e9542c.png 200 1.62ms
[2026-07-29 21:15:36] [INFO] [EasyAIStudio] GET /api/gallery/db08a2f1721b496baf54502fc9e9542c.png 200 1.49ms
[2026-07-29 21:15:36] [INFO] [EasyAIStudio] GET /api/gallery/0d1f6dea9bed4dae8d026897d2590e6e.png 200 1.53ms
[2026-07-29 21:15:37] [INFO] [EasyAIStudio] GET /api/gallery/db08a2f1721b496baf54502fc9e9542c.png 200 2.43ms
[2026-07-29 21:18:40] [INFO] [EasyAIStudio] GET /api/gallery 200 18.31ms
[2026-07-29 21:18:40] [INFO] [EasyAIStudio] GET /api/gallery/db08a2f1721b496baf54502fc9e9542c.png 200 1.72ms
[2026-07-29 21:19:02] [INFO] [EasyAIStudio] OPTIONS /api/images/generate 200 0.15ms
[2026-07-29 21:19:59] [INFO] [EasyAIStudio] POST /api/images/generate 200 57551.64ms
[2026-07-29 21:19:59] [INFO] [EasyAIStudio] GET /api/gallery/dec2f35506c142a18ae6c8f1dacec0b9.png 200 1.41ms
[2026-07-29 21:20:25] [INFO] [EasyAIStudio] GET /api/gallery 200 14.75ms
[2026-07-29 21:20:25] [INFO] [EasyAIStudio] GET /api/gallery/dec2f35506c142a18ae6c8f1dacec0b9.png 200 1.44ms
[2026-07-29 21:20:27] [INFO] [EasyAIStudio] GET /api/gallery/dec2f35506c142a18ae6c8f1dacec0b9.png 200 1.62ms
[2026-07-29 21:20:29] [INFO] [EasyAIStudio] GET /api/gallery/db08a2f1721b496baf54502fc9e9542c.png 200 1.58ms
[2026-07-29 21:20:31] [INFO] [EasyAIStudio] GET /api/gallery/dec2f35506c142a18ae6c8f1dacec0b9.png 200 2.31ms
[2026-07-29 21:20:32] [INFO] [EasyAIStudio] GET /api/gallery/0d1f6dea9bed4dae8d026897d2590e6e.png 200 2.20ms
[2026-07-29 21:20:34] [INFO] [EasyAIStudio] GET /api/gallery/dec2f35506c142a18ae6c8f1dacec0b9.png 200 1.56ms
[2026-07-29 21:20:36] [INFO] [EasyAIStudio] GET /api/gallery/526867194fd640a9b4042cc32588838b.png 200 1.63ms
[2026-07-29 21:20:37] [INFO] [EasyAIStudio] GET /api/gallery/dec2f35506c142a18ae6c8f1dacec0b9.png 200 1.55ms
[2026-07-29 21:20:37] [INFO] [EasyAIStudio] GET /api/gallery/db08a2f1721b496baf54502fc9e9542c.png 200 1.47ms
[2026-07-29 21:20:38] [INFO] [EasyAIStudio] GET /api/gallery/dec2f35506c142a18ae6c8f1dacec0b9.png 200 1.53ms
[2026-07-29 21:20:39] [INFO] [EasyAIStudio] GET /api/gallery/0d1f6dea9bed4dae8d026897d2590e6e.png 200 1.66ms
[2026-07-29 21:20:39] [INFO] [EasyAIStudio] GET /api/gallery/dec2f35506c142a18ae6c8f1dacec0b9.png 200 2.06ms
[2026-07-29 21:20:40] [INFO] [EasyAIStudio] GET /api/gallery/db08a2f1721b496baf54502fc9e9542c.png 200 1.52ms
[2026-07-29 21:20:40] [INFO] [EasyAIStudio] GET /api/gallery/dec2f35506c142a18ae6c8f1dacec0b9.png 200 1.81ms
[2026-07-29 21:20:41] [INFO] [EasyAIStudio] GET /api/gallery/db08a2f1721b496baf54502fc9e9542c.png 200 1.61ms
[2026-07-29 21:20:41] [INFO] [EasyAIStudio] GET /api/gallery/db08a2f1721b496baf54502fc9e9542c.png 200 1.48ms
[2026-07-29 21:20:42] [INFO] [EasyAIStudio] GET /api/gallery/dec2f35506c142a18ae6c8f1dacec0b9.png 200 1.68ms
[2026-07-29 21:20:42] [INFO] [EasyAIStudio] GET /api/gallery/db08a2f1721b496baf54502fc9e9542c.png 200 1.60ms
[2026-07-29 21:20:43] [INFO] [EasyAIStudio] GET /api/gallery/dec2f35506c142a18ae6c8f1dacec0b9.png 200 2.97ms
[2026-07-29 21:20:44] [INFO] [EasyAIStudio] GET /api/gallery/dec2f35506c142a18ae6c8f1dacec0b9.png 200 1.88ms
[2026-07-29 21:20:44] [INFO] [EasyAIStudio] GET /api/gallery/db08a2f1721b496baf54502fc9e9542c.png 200 1.71ms
[2026-07-29 21:20:45] [INFO] [EasyAIStudio] GET /api/gallery/0d1f6dea9bed4dae8d026897d2590e6e.png 200 2.15ms
[2026-07-29 21:20:46] [INFO] [EasyAIStudio] GET /api/gallery/dec2f35506c142a18ae6c8f1dacec0b9.png 200 1.43ms
[2026-07-29 21:20:46] [INFO] [EasyAIStudio] GET /api/gallery/526867194fd640a9b4042cc32588838b.png 200 1.47ms
[2026-07-29 21:20:47] [INFO] [EasyAIStudio] GET /api/gallery/dec2f35506c142a18ae6c8f1dacec0b9.png 200 1.58ms
[2026-07-29 21:20:48] [INFO] [EasyAIStudio] GET /api/gallery/4004c7a549354ba096d59c9cedba9e7a.png 200 1.54ms
[2026-07-29 21:20:49] [INFO] [EasyAIStudio] GET /api/gallery/dec2f35506c142a18ae6c8f1dacec0b9.png 200 1.97ms
[2026-07-29 21:20:50] [INFO] [EasyAIStudio] GET /api/gallery/db08a2f1721b496baf54502fc9e9542c.png 200 1.52ms
[2026-07-29 21:20:51] [INFO] [EasyAIStudio] GET /api/gallery/dec2f35506c142a18ae6c8f1dacec0b9.png 200 1.69ms
[2026-07-29 21:20:52] [INFO] [EasyAIStudio] GET /api/gallery/526867194fd640a9b4042cc32588838b.png 200 1.76ms
[2026-07-29 21:20:53] [INFO] [EasyAIStudio] GET /api/gallery/dec2f35506c142a18ae6c8f1dacec0b9.png 200 1.94ms
[2026-07-29 21:20:54] [INFO] [EasyAIStudio] GET /api/gallery/4004c7a549354ba096d59c9cedba9e7a.png 200 1.41ms
[2026-07-29 21:22:13] [INFO] [EasyAIStudio] POST /api/images/generate 200 57507.57ms
[2026-07-29 21:22:13] [INFO] [EasyAIStudio] GET /api/gallery/ec26b2b267894f2cb0ecbd98fdde0127.png 200 1.99ms
[2026-07-29 21:22:24] [INFO] [EasyAIStudio] GET /api/gallery/dec2f35506c142a18ae6c8f1dacec0b9.png 200 1.81ms
[2026-07-29 21:22:30] [INFO] [EasyAIStudio] GET /api/gallery 200 14.49ms
[2026-07-29 21:22:30] [INFO] [EasyAIStudio] GET /api/gallery/ec26b2b267894f2cb0ecbd98fdde0127.png 200 14.27ms
[2026-07-29 21:22:30] [INFO] [EasyAIStudio] GET /api/gallery/dec2f35506c142a18ae6c8f1dacec0b9.png 200 10.03ms
[2026-07-29 21:22:30] [INFO] [EasyAIStudio] GET /api/gallery/db08a2f1721b496baf54502fc9e9542c.png 200 2.57ms
[2026-07-29 21:22:32] [INFO] [EasyAIStudio] GET /api/gallery/ec26b2b267894f2cb0ecbd98fdde0127.png 200 1.52ms
[2026-07-29 21:22:33] [INFO] [EasyAIStudio] GET /api/gallery/dec2f35506c142a18ae6c8f1dacec0b9.png 200 1.59ms
[2026-07-29 21:22:35] [INFO] [EasyAIStudio] GET /api/gallery/ec26b2b267894f2cb0ecbd98fdde0127.png 200 2.91ms
[2026-07-29 21:22:36] [INFO] [EasyAIStudio] GET /api/gallery/db08a2f1721b496baf54502fc9e9542c.png 200 1.63ms
[2026-07-29 21:26:55] [INFO] [EasyAIStudio] GET /api/gallery/ec26b2b267894f2cb0ecbd98fdde0127.png 200 1.67ms
[2026-07-29 21:26:56] [INFO] [EasyAIStudio] GET /api/gallery/dec2f35506c142a18ae6c8f1dacec0b9.png 200 1.78ms
[2026-07-29 21:26:56] [INFO] [EasyAIStudio] GET /api/gallery/526867194fd640a9b4042cc32588838b.png 200 2.27ms
[2026-07-29 21:26:57] [INFO] [EasyAIStudio] GET /api/gallery/4004c7a549354ba096d59c9cedba9e7a.png 200 1.49ms
[2026-07-29 21:26:58] [INFO] [EasyAIStudio] GET /api/gallery/526867194fd640a9b4042cc32588838b.png 200 1.61ms
[2026-07-29 21:26:58] [INFO] [EasyAIStudio] GET /api/gallery/db08a2f1721b496baf54502fc9e9542c.png 200 1.47ms
[2026-07-29 21:26:59] [INFO] [EasyAIStudio] GET /api/gallery/ec26b2b267894f2cb0ecbd98fdde0127.png 200 1.78ms
[2026-07-29 21:27:00] [INFO] [EasyAIStudio] GET /api/gallery/ec26b2b267894f2cb0ecbd98fdde0127.png 200 1.81ms
[2026-07-29 21:27:05] [INFO] [EasyAIStudio] GET /api/gallery/4004c7a549354ba096d59c9cedba9e7a.png 200 1.62ms
[2026-07-29 21:27:05] [INFO] [EasyAIStudio] GET /api/gallery/526867194fd640a9b4042cc32588838b.png 200 1.57ms
[2026-07-29 21:27:06] [INFO] [EasyAIStudio] GET /api/gallery/db08a2f1721b496baf54502fc9e9542c.png 200 1.61ms
[2026-07-29 21:31:31] [INFO] [EasyAIStudio] GET /api/gallery/db08a2f1721b496baf54502fc9e9542c.png 200 1.45ms
[2026-07-29 21:31:40] [INFO] [EasyAIStudio] GET /api/gallery/526867194fd640a9b4042cc32588838b.png 200 1.85ms
[2026-07-29 21:31:41] [INFO] [EasyAIStudio] GET /api/gallery/4004c7a549354ba096d59c9cedba9e7a.png 200 2.18ms
[2026-07-29 21:31:41] [INFO] [EasyAIStudio] GET /api/gallery/0d1f6dea9bed4dae8d026897d2590e6e.png 200 1.57ms
[2026-07-29 21:31:42] [INFO] [EasyAIStudio] GET /api/gallery/db08a2f1721b496baf54502fc9e9542c.png 200 1.55ms
[2026-07-29 21:31:42] [INFO] [EasyAIStudio] GET /api/gallery/dec2f35506c142a18ae6c8f1dacec0b9.png 200 1.63ms
[2026-07-29 21:31:43] [INFO] [EasyAIStudio] GET /api/gallery/ec26b2b267894f2cb0ecbd98fdde0127.png 200 1.74ms
[2026-07-29 21:38:59] [INFO] [EasyAIStudio] GET /api/gallery 200 11.31ms
[2026-07-29 21:39:00] [INFO] [EasyAIStudio] GET /api/gallery/ec26b2b267894f2cb0ecbd98fdde0127.png 200 2.00ms
[2026-07-29 21:39:00] [INFO] [EasyAIStudio] GET /api/gallery/dec2f35506c142a18ae6c8f1dacec0b9.png 200 2.65ms
[2026-07-29 21:39:00] [INFO] [EasyAIStudio] GET /api/gallery/db08a2f1721b496baf54502fc9e9542c.png 200 2.32ms
[2026-07-29 21:43:13] [INFO] [EasyAIStudio] GET /api/gallery 200 7.58ms
[2026-07-29 21:48:04] [INFO] [EasyAIStudio] GET /api/gallery 200 6.05ms
[2026-07-29 21:55:08] [INFO] [EasyAIStudio] GET /api/gallery 200 5.85ms
[2026-07-29 21:55:15] [INFO] [EasyAIStudio] GET /api/gallery 200 12.93ms
[2026-07-29 21:55:15] [INFO] [EasyAIStudio] GET /api/gallery/ec26b2b267894f2cb0ecbd98fdde0127.png 200 2.08ms
[2026-07-29 21:55:15] [INFO] [EasyAIStudio] GET /api/gallery/dec2f35506c142a18ae6c8f1dacec0b9.png 200 2.84ms
[2026-07-29 21:55:15] [INFO] [EasyAIStudio] GET /api/gallery/db08a2f1721b496baf54502fc9e9542c.png 200 2.13ms
[2026-07-29 21:55:17] [INFO] [EasyAIStudio] GET /api/gallery/ec26b2b267894f2cb0ecbd98fdde0127.png 200 1.63ms
[2026-07-29 21:55:22] [INFO] [EasyAIStudio] GET /api/gallery/dec2f35506c142a18ae6c8f1dacec0b9.png 200 1.35ms
[2026-07-29 21:57:51] [INFO] [EasyAIStudio] GET /api/gallery 200 8.98ms
[2026-07-29 22:01:12] [INFO] [EasyAIStudio] GET /api/gallery 200 7.74ms
[2026-07-29 22:02:47] [INFO] [EasyAIStudio] GET /api/gallery/0d1f6dea9bed4dae8d026897d2590e6e.png 200 1.65ms
[2026-07-29 22:08:21] [INFO] [EasyAIStudio] GET /api/gallery 200 7.30ms
[2026-07-29 22:08:52] [INFO] [EasyAIStudio] GET /api/gallery/4004c7a549354ba096d59c9cedba9e7a.png 200 1.65ms
[2026-07-30 19:16:51] [INFO] [EasyAIStudio] Logger initialized.
[2026-07-30 19:16:51] [INFO] [EasyAIStudio] Bootstrap completed.
[2026-07-30 19:16:51] [INFO] [EasyAIStudio] Providers : 4
[2026-07-30 19:16:51] [INFO] [EasyAIStudio] Models    : 2
[2026-07-30 19:16:51] [INFO] [EasyAIStudio] Services  : 10
[2026-07-30 19:17:24] [INFO] [EasyAIStudio] GET /api/gallery 200 47.23ms
[2026-07-30 19:17:24] [INFO] [EasyAIStudio] GET /api/gallery/ec26b2b267894f2cb0ecbd98fdde0127.png 200 31.42ms
[2026-07-30 19:17:24] [INFO] [EasyAIStudio] GET /api/gallery/dec2f35506c142a18ae6c8f1dacec0b9.png 200 5.39ms
[2026-07-30 19:17:24] [INFO] [EasyAIStudio] GET /api/gallery/db08a2f1721b496baf54502fc9e9542c.png 200 5.55ms
[2026-07-30 19:17:24] [INFO] [EasyAIStudio] GET /api/gallery/0d1f6dea9bed4dae8d026897d2590e6e.png 200 5.67ms
[2026-07-30 19:17:24] [INFO] [EasyAIStudio] GET /api/gallery/4004c7a549354ba096d59c9cedba9e7a.png 200 5.76ms
[2026-07-30 19:17:24] [INFO] [EasyAIStudio] GET /api/gallery/526867194fd640a9b4042cc32588838b.png 200 6.10ms
[2026-07-30 19:17:45] [INFO] [EasyAIStudio] GET /api/gallery 200 5.74ms
[2026-07-30 19:17:46] [INFO] [EasyAIStudio] GET /api/gallery 200 6.23ms
[2026-07-30 20:17:08] [INFO] [EasyAIStudio] GET /api/gallery 200 30.00ms
[2026-07-30 20:17:08] [INFO] [EasyAIStudio] GET /api/gallery 200 9.44ms
[2026-07-30 20:19:16] [INFO] [EasyAIStudio] GET /api/gallery/ec26b2b267894f2cb0ecbd98fdde0127.png 200 2.14ms
[2026-07-30 20:19:27] [INFO] [EasyAIStudio] GET /api/gallery/dec2f35506c142a18ae6c8f1dacec0b9.png 200 1.42ms
[2026-07-30 20:19:30] [INFO] [EasyAIStudio] GET /api/gallery 200 5.72ms
[2026-07-30 20:19:32] [INFO] [EasyAIStudio] GET /api/gallery 200 29.13ms
[2026-07-30 20:57:01] [INFO] [EasyAIStudio] Logger initialized.
[2026-07-30 20:57:01] [INFO] [EasyAIStudio] Bootstrap completed.
[2026-07-30 20:57:01] [INFO] [EasyAIStudio] Providers : 4
[2026-07-30 20:57:01] [INFO] [EasyAIStudio] Models    : 2
[2026-07-30 20:57:01] [INFO] [EasyAIStudio] Services  : 10
[2026-07-30 20:57:01] [INFO] [EasyAIStudio] GET /api/gallery 200 130.25ms
[2026-07-30 20:57:01] [INFO] [EasyAIStudio] GET /api/gallery 200 130.39ms
[2026-07-30 20:57:01] [INFO] [EasyAIStudio] GET /api/gallery 200 130.54ms
[2026-07-30 20:57:01] [INFO] [EasyAIStudio] GET /api/gallery 200 130.87ms
[2026-07-30 20:57:01] [INFO] [EasyAIStudio] GET /api/gallery 200 130.99ms
[2026-07-30 20:57:01] [INFO] [EasyAIStudio] GET /api/gallery 200 131.14ms
[2026-07-30 20:57:01] [INFO] [EasyAIStudio] GET /api/gallery 200 131.26ms
[2026-07-30 20:57:01] [INFO] [EasyAIStudio] GET /api/gallery 200 131.42ms
[2026-07-30 20:57:01] [INFO] [EasyAIStudio] GET /api/gallery 200 131.56ms
[2026-07-30 20:57:01] [INFO] [EasyAIStudio] GET /api/gallery 200 131.63ms
[2026-07-30 20:57:01] [INFO] [EasyAIStudio] GET /api/gallery 200 132.01ms
[2026-07-30 20:57:01] [INFO] [EasyAIStudio] GET /api/gallery 200 132.13ms
[2026-07-30 20:57:01] [INFO] [EasyAIStudio] GET /api/gallery 200 132.24ms
[2026-07-30 20:57:01] [INFO] [EasyAIStudio] GET /api/gallery 200 132.35ms
[2026-07-30 20:57:01] [INFO] [EasyAIStudio] GET /api/gallery 200 132.47ms
[2026-07-30 20:57:01] [INFO] [EasyAIStudio] GET /api/gallery 200 132.70ms
[2026-07-30 20:57:01] [INFO] [EasyAIStudio] GET /api/gallery 200 132.81ms
[2026-07-30 20:57:01] [INFO] [EasyAIStudio] GET /api/gallery 200 132.93ms
[2026-07-30 20:57:01] [INFO] [EasyAIStudio] GET /api/gallery 200 133.04ms
[2026-07-30 20:57:01] [INFO] [EasyAIStudio] GET /api/gallery 200 133.26ms
[2026-07-30 20:57:01] [INFO] [EasyAIStudio] GET /api/gallery/db08a2f1721b496baf54502fc9e9542c.png 200 136.55ms
[2026-07-30 20:57:01] [INFO] [EasyAIStudio] GET /api/gallery/ec26b2b267894f2cb0ecbd98fdde0127.png 200 136.59ms
[2026-07-30 20:57:01] [INFO] [EasyAIStudio] GET /api/gallery/526867194fd640a9b4042cc32588838b.png 200 136.78ms
[2026-07-30 20:57:01] [INFO] [EasyAIStudio] GET /api/gallery/dec2f35506c142a18ae6c8f1dacec0b9.png 200 136.91ms
[2026-07-30 20:57:01] [INFO] [EasyAIStudio] GET /api/gallery/4004c7a549354ba096d59c9cedba9e7a.png 200 137.00ms
[2026-07-30 20:57:01] [INFO] [EasyAIStudio] GET /api/gallery/0d1f6dea9bed4dae8d026897d2590e6e.png 200 137.38ms
[2026-07-30 20:57:01] [INFO] [EasyAIStudio] GET /api/gallery 200 14.90ms
[2026-07-30 20:57:01] [INFO] [EasyAIStudio] GET /api/gallery 200 15.08ms
[2026-07-30 20:57:01] [INFO] [EasyAIStudio] GET /api/gallery 200 15.20ms
[2026-07-30 20:57:01] [INFO] [EasyAIStudio] GET /api/gallery/db08a2f1721b496baf54502fc9e9542c.png 200 3.59ms
[2026-07-30 20:57:01] [INFO] [EasyAIStudio] GET /api/gallery/ec26b2b267894f2cb0ecbd98fdde0127.png 200 3.78ms
[2026-07-30 20:57:01] [INFO] [EasyAIStudio] GET /api/gallery/dec2f35506c142a18ae6c8f1dacec0b9.png 200 3.88ms
[2026-07-30 20:57:01] [INFO] [EasyAIStudio] GET /api/gallery/0d1f6dea9bed4dae8d026897d2590e6e.png 200 1.50ms
[2026-07-30 20:57:01] [INFO] [EasyAIStudio] GET /api/gallery/526867194fd640a9b4042cc32588838b.png 200 1.25ms
[2026-07-30 20:57:01] [INFO] [EasyAIStudio] GET /api/gallery/4004c7a549354ba096d59c9cedba9e7a.png 200 1.41ms
[2026-07-30 20:57:38] [INFO] [EasyAIStudio] GET /api/gallery/4004c7a549354ba096d59c9cedba9e7a.png 200 1.52ms
[2026-07-30 21:02:32] [INFO] [EasyAIStudio] Logger initialized.
[2026-07-30 21:02:32] [INFO] [EasyAIStudio] Bootstrap completed.
[2026-07-30 21:02:32] [INFO] [EasyAIStudio] Providers : 4
[2026-07-30 21:02:32] [INFO] [EasyAIStudio] Models    : 2
[2026-07-30 21:02:32] [INFO] [EasyAIStudio] Services  : 10
[2026-07-30 21:02:34] [INFO] [EasyAIStudio] GET /api/gallery 200 18.93ms
[2026-07-30 21:07:32] [INFO] [EasyAIStudio] Logger initialized.
[2026-07-30 21:07:32] [INFO] [EasyAIStudio] Bootstrap completed.
[2026-07-30 21:07:32] [INFO] [EasyAIStudio] Providers : 4
[2026-07-30 21:07:32] [INFO] [EasyAIStudio] Models    : 2
[2026-07-30 21:07:32] [INFO] [EasyAIStudio] Services  : 10
[2026-07-30 21:07:54] [INFO] [EasyAIStudio] GET /api/gallery 200 32.41ms
[2026-07-30 21:08:00] [INFO] [EasyAIStudio] GET /api/gallery/4004c7a549354ba096d59c9cedba9e7a.png 200 28.41ms
[2026-07-30 21:08:14] [INFO] [EasyAIStudio] GET /api/gallery 200 5.47ms
[2026-07-30 21:10:41] [INFO] [EasyAIStudio] Logger initialized.
[2026-07-30 21:10:41] [INFO] [EasyAIStudio] Bootstrap completed.
[2026-07-30 21:10:41] [INFO] [EasyAIStudio] Providers : 4
[2026-07-30 21:10:41] [INFO] [EasyAIStudio] Models    : 2
[2026-07-30 21:10:41] [INFO] [EasyAIStudio] Services  : 10
[2026-07-30 21:10:45] [INFO] [EasyAIStudio] GET /api/gallery 200 12.83ms
[2026-07-30 21:10:46] [INFO] [EasyAIStudio] GET /api/gallery 200 6.23ms
[2026-07-30 21:10:46] [INFO] [EasyAIStudio] GET /api/gallery 200 6.26ms
[2026-07-30 21:10:46] [INFO] [EasyAIStudio] GET /api/gallery 200 7.53ms
[2026-07-30 21:29:18] [INFO] [EasyAIStudio] GET /api/gallery 200 5.59ms
[2026-07-30 21:29:32] [INFO] [EasyAIStudio] GET /api/gallery 200 23.01ms
[2026-07-30 21:29:34] [INFO] [EasyAIStudio] OPTIONS /api/gallery/4004c7a549354ba096d59c9cedba9e7a.png/favorite 200 0.12ms
[2026-07-30 21:29:34] [INFO] [EasyAIStudio] PUT /api/gallery/4004c7a549354ba096d59c9cedba9e7a.png/favorite 200 2.09ms
[2026-07-30 21:29:36] [INFO] [EasyAIStudio] PUT /api/gallery/4004c7a549354ba096d59c9cedba9e7a.png/favorite 200 9.27ms
[2026-07-30 21:29:53] [INFO] [EasyAIStudio] PUT /api/gallery/4004c7a549354ba096d59c9cedba9e7a.png/favorite 200 6.82ms
[2026-07-30 21:29:54] [INFO] [EasyAIStudio] PUT /api/gallery/4004c7a549354ba096d59c9cedba9e7a.png/favorite 200 2.28ms
[2026-07-30 21:45:08] [INFO] [EasyAIStudio] OPTIONS /api/gallery/ec26b2b267894f2cb0ecbd98fdde0127.png/favorite 200 0.10ms
[2026-07-30 21:45:08] [INFO] [EasyAIStudio] PUT /api/gallery/ec26b2b267894f2cb0ecbd98fdde0127.png/favorite 200 1.41ms
[2026-07-30 21:45:11] [INFO] [EasyAIStudio] PUT /api/gallery/ec26b2b267894f2cb0ecbd98fdde0127.png/favorite 200 2.41ms
[2026-07-30 21:45:14] [INFO] [EasyAIStudio] PUT /api/gallery/ec26b2b267894f2cb0ecbd98fdde0127.png/favorite 200 2.32ms
[2026-07-30 21:45:16] [INFO] [EasyAIStudio] OPTIONS /api/gallery/dec2f35506c142a18ae6c8f1dacec0b9.png/favorite 200 0.11ms
[2026-07-30 21:45:16] [INFO] [EasyAIStudio] PUT /api/gallery/dec2f35506c142a18ae6c8f1dacec0b9.png/favorite 200 1.30ms
[2026-07-30 21:45:23] [INFO] [EasyAIStudio] PUT /api/gallery/ec26b2b267894f2cb0ecbd98fdde0127.png/favorite 200 2.38ms
[2026-07-30 21:46:50] [INFO] [EasyAIStudio] GET /api/gallery 200 13.24ms
[2026-07-30 21:46:50] [INFO] [EasyAIStudio] GET /api/gallery 200 5.44ms
[2026-07-30 21:46:50] [INFO] [EasyAIStudio] GET /api/gallery 200 5.43ms
[2026-07-30 21:46:50] [INFO] [EasyAIStudio] GET /api/gallery 200 5.83ms
[2026-07-30 21:46:50] [INFO] [EasyAIStudio] GET /api/gallery 200 7.14ms
[2026-07-30 21:46:51] [INFO] [EasyAIStudio] GET /api/gallery 200 5.56ms
[2026-07-30 21:46:51] [INFO] [EasyAIStudio] GET /api/gallery 200 7.01ms
[2026-07-30 21:46:58] [INFO] [EasyAIStudio] PUT /api/gallery/ec26b2b267894f2cb0ecbd98fdde0127.png/favorite 200 1.59ms
[2026-07-30 21:47:06] [INFO] [EasyAIStudio] OPTIONS /api/gallery/db08a2f1721b496baf54502fc9e9542c.png/favorite 200 0.10ms
[2026-07-30 21:47:06] [INFO] [EasyAIStudio] PUT /api/gallery/db08a2f1721b496baf54502fc9e9542c.png/favorite 200 1.40ms
[2026-07-30 21:47:07] [INFO] [EasyAIStudio] OPTIONS /api/gallery/0d1f6dea9bed4dae8d026897d2590e6e.png/favorite 200 0.11ms
[2026-07-30 21:47:07] [INFO] [EasyAIStudio] PUT /api/gallery/0d1f6dea9bed4dae8d026897d2590e6e.png/favorite 200 1.37ms
[2026-07-30 21:47:07] [INFO] [EasyAIStudio] OPTIONS /api/gallery/526867194fd640a9b4042cc32588838b.png/favorite 200 0.11ms
[2026-07-30 21:47:07] [INFO] [EasyAIStudio] PUT /api/gallery/526867194fd640a9b4042cc32588838b.png/favorite 200 1.57ms
[2026-07-30 21:47:08] [INFO] [EasyAIStudio] OPTIONS /api/gallery/4004c7a549354ba096d59c9cedba9e7a.png/favorite 200 0.11ms
[2026-07-30 21:47:08] [INFO] [EasyAIStudio] PUT /api/gallery/4004c7a549354ba096d59c9cedba9e7a.png/favorite 200 1.47ms
[2026-07-30 21:47:11] [INFO] [EasyAIStudio] PUT /api/gallery/ec26b2b267894f2cb0ecbd98fdde0127.png/favorite 200 2.52ms
[2026-07-30 21:47:12] [INFO] [EasyAIStudio] PUT /api/gallery/dec2f35506c142a18ae6c8f1dacec0b9.png/favorite 200 1.28ms
[2026-07-30 21:47:13] [INFO] [EasyAIStudio] PUT /api/gallery/db08a2f1721b496baf54502fc9e9542c.png/favorite 200 7.59ms
[2026-07-30 21:47:14] [INFO] [EasyAIStudio] PUT /api/gallery/526867194fd640a9b4042cc32588838b.png/favorite 200 7.12ms
[2026-07-30 21:47:15] [INFO] [EasyAIStudio] PUT /api/gallery/4004c7a549354ba096d59c9cedba9e7a.png/favorite 200 2.30ms
[2026-07-30 21:47:17] [INFO] [EasyAIStudio] PUT /api/gallery/0d1f6dea9bed4dae8d026897d2590e6e.png/favorite 200 7.21ms
[2026-07-30 21:47:17] [INFO] [EasyAIStudio] GET /api/gallery/526867194fd640a9b4042cc32588838b.png 200 29.27ms
[2026-07-30 21:47:19] [INFO] [EasyAIStudio] GET /api/gallery 200 26.45ms
[2026-07-30 21:47:20] [INFO] [EasyAIStudio] GET /api/gallery 200 5.13ms
[2026-07-30 21:47:20] [INFO] [EasyAIStudio] GET /api/gallery 200 5.24ms
[2026-07-30 21:47:20] [INFO] [EasyAIStudio] GET /api/gallery 200 5.22ms
[2026-07-30 21:47:23] [INFO] [EasyAIStudio] PUT /api/gallery/ec26b2b267894f2cb0ecbd98fdde0127.png/favorite 200 1.40ms
[2026-07-30 21:47:29] [INFO] [EasyAIStudio] PUT /api/gallery/526867194fd640a9b4042cc32588838b.png/favorite 200 1.57ms
[2026-07-30 21:47:33] [INFO] [EasyAIStudio] GET /api/gallery/dec2f35506c142a18ae6c8f1dacec0b9.png 200 1.35ms
[2026-07-30 21:47:34] [INFO] [EasyAIStudio] GET /api/gallery/dec2f35506c142a18ae6c8f1dacec0b9.png 200 1.26ms
[2026-07-30 21:47:35] [INFO] [EasyAIStudio] GET /api/gallery/db08a2f1721b496baf54502fc9e9542c.png 200 1.70ms
[2026-07-30 21:47:36] [INFO] [EasyAIStudio] GET /api/gallery/db08a2f1721b496baf54502fc9e9542c.png 200 1.37ms
[2026-07-30 21:47:36] [INFO] [EasyAIStudio] GET /api/gallery/db08a2f1721b496baf54502fc9e9542c.png 200 1.23ms
[2026-07-30 21:47:37] [INFO] [EasyAIStudio] GET /api/gallery/0d1f6dea9bed4dae8d026897d2590e6e.png 200 1.26ms
[2026-07-30 21:47:37] [INFO] [EasyAIStudio] GET /api/gallery/526867194fd640a9b4042cc32588838b.png 200 1.36ms
[2026-07-30 21:47:38] [INFO] [EasyAIStudio] GET /api/gallery/4004c7a549354ba096d59c9cedba9e7a.png 200 1.34ms
[2026-07-30 21:47:39] [INFO] [EasyAIStudio] GET /api/gallery/4004c7a549354ba096d59c9cedba9e7a.png 200 1.51ms
[2026-07-30 21:47:40] [INFO] [EasyAIStudio] GET /api/gallery/526867194fd640a9b4042cc32588838b.png 200 1.43ms
[2026-07-30 21:47:40] [INFO] [EasyAIStudio] GET /api/gallery/0d1f6dea9bed4dae8d026897d2590e6e.png 200 1.37ms
[2026-07-30 21:47:41] [INFO] [EasyAIStudio] GET /api/gallery/0d1f6dea9bed4dae8d026897d2590e6e.png 200 1.34ms
[2026-07-30 21:47:42] [INFO] [EasyAIStudio] GET /api/gallery/db08a2f1721b496baf54502fc9e9542c.png 200 1.24ms
[2026-07-30 21:48:15] [INFO] [EasyAIStudio] PUT /api/gallery/526867194fd640a9b4042cc32588838b.png/favorite 200 2.38ms
[2026-07-30 21:48:16] [INFO] [EasyAIStudio] GET /api/gallery/dec2f35506c142a18ae6c8f1dacec0b9.png 200 1.40ms
[2026-07-30 21:49:58] [INFO] [EasyAIStudio] PUT /api/gallery/dec2f35506c142a18ae6c8f1dacec0b9.png/favorite 200 1.41ms
[2026-07-30 21:50:00] [INFO] [EasyAIStudio] PUT /api/gallery/db08a2f1721b496baf54502fc9e9542c.png/favorite 200 1.40ms
[2026-07-30 21:50:02] [INFO] [EasyAIStudio] PUT /api/gallery/0d1f6dea9bed4dae8d026897d2590e6e.png/favorite 200 1.49ms
[2026-07-30 21:50:03] [INFO] [EasyAIStudio] PUT /api/gallery/526867194fd640a9b4042cc32588838b.png/favorite 200 2.63ms
[2026-07-30 21:50:06] [INFO] [EasyAIStudio] PUT /api/gallery/526867194fd640a9b4042cc32588838b.png/favorite 200 2.42ms
[2026-07-30 21:50:09] [INFO] [EasyAIStudio] PUT /api/gallery/0d1f6dea9bed4dae8d026897d2590e6e.png/favorite 200 2.22ms
[2026-07-30 21:50:11] [INFO] [EasyAIStudio] PUT /api/gallery/db08a2f1721b496baf54502fc9e9542c.png/favorite 200 2.05ms
[2026-07-30 21:50:13] [INFO] [EasyAIStudio] PUT /api/gallery/db08a2f1721b496baf54502fc9e9542c.png/favorite 200 2.82ms
[2026-07-30 21:50:14] [INFO] [EasyAIStudio] PUT /api/gallery/dec2f35506c142a18ae6c8f1dacec0b9.png/favorite 200 2.16ms
[2026-07-30 21:50:15] [INFO] [EasyAIStudio] PUT /api/gallery/ec26b2b267894f2cb0ecbd98fdde0127.png/favorite 200 2.35ms
[2026-07-30 21:50:16] [INFO] [EasyAIStudio] GET /api/gallery/db08a2f1721b496baf54502fc9e9542c.png 200 1.21ms
[2026-07-30 21:50:17] [INFO] [EasyAIStudio] PUT /api/gallery/db08a2f1721b496baf54502fc9e9542c.png/favorite 200 2.62ms
[2026-07-30 21:50:20] [INFO] [EasyAIStudio] GET /api/gallery 200 8.73ms
[2026-07-30 21:50:22] [INFO] [EasyAIStudio] PUT /api/gallery/4004c7a549354ba096d59c9cedba9e7a.png/favorite 200 1.50ms
[2026-07-30 21:50:24] [INFO] [EasyAIStudio] PUT /api/gallery/ec26b2b267894f2cb0ecbd98fdde0127.png/favorite 200 1.41ms
[2026-07-30 21:50:25] [INFO] [EasyAIStudio] GET /api/gallery/dec2f35506c142a18ae6c8f1dacec0b9.png 200 1.48ms
[2026-07-30 21:50:25] [INFO] [EasyAIStudio] PUT /api/gallery/dec2f35506c142a18ae6c8f1dacec0b9.png/favorite 200 1.37ms
[2026-07-30 21:50:26] [INFO] [EasyAIStudio] PUT /api/gallery/db08a2f1721b496baf54502fc9e9542c.png/favorite 200 1.65ms
[2026-07-30 21:50:27] [INFO] [EasyAIStudio] PUT /api/gallery/0d1f6dea9bed4dae8d026897d2590e6e.png/favorite 200 1.45ms
[2026-07-30 21:50:27] [INFO] [EasyAIStudio] PUT /api/gallery/526867194fd640a9b4042cc32588838b.png/favorite 200 1.45ms
[2026-07-30 21:50:29] [INFO] [EasyAIStudio] GET /api/gallery 200 9.18ms
[2026-07-30 21:50:34] [INFO] [EasyAIStudio] PUT /api/gallery/4004c7a549354ba096d59c9cedba9e7a.png/favorite 200 1.28ms
[2026-07-30 21:50:35] [INFO] [EasyAIStudio] PUT /api/gallery/526867194fd640a9b4042cc32588838b.png/favorite 200 1.72ms
[2026-07-30 21:50:36] [INFO] [EasyAIStudio] PUT /api/gallery/0d1f6dea9bed4dae8d026897d2590e6e.png/favorite 200 1.41ms
[2026-07-30 21:50:36] [INFO] [EasyAIStudio] PUT /api/gallery/db08a2f1721b496baf54502fc9e9542c.png/favorite 200 1.42ms
[2026-07-30 21:50:38] [INFO] [EasyAIStudio] PUT /api/gallery/dec2f35506c142a18ae6c8f1dacec0b9.png/favorite 200 1.37ms
[2026-07-30 21:50:38] [INFO] [EasyAIStudio] PUT /api/gallery/ec26b2b267894f2cb0ecbd98fdde0127.png/favorite 200 1.63ms
[2026-07-30 21:52:14] [INFO] [EasyAIStudio] GET /api/gallery 200 8.54ms
[2026-07-30 21:52:20] [INFO] [EasyAIStudio] GET /api/gallery 200 25.61ms
[2026-07-30 21:52:27] [INFO] [EasyAIStudio] PUT /api/gallery/ec26b2b267894f2cb0ecbd98fdde0127.png/favorite 200 1.57ms
[2026-07-30 21:52:40] [INFO] [EasyAIStudio] PUT /api/gallery/dec2f35506c142a18ae6c8f1dacec0b9.png/favorite 200 1.46ms
[2026-07-30 21:52:41] [INFO] [EasyAIStudio] PUT /api/gallery/db08a2f1721b496baf54502fc9e9542c.png/favorite 200 1.66ms
[2026-07-30 21:52:43] [INFO] [EasyAIStudio] PUT /api/gallery/0d1f6dea9bed4dae8d026897d2590e6e.png/favorite 200 1.39ms
[2026-07-30 21:52:58] [INFO] [EasyAIStudio] GET /api/gallery 200 18.04ms
[2026-07-30 21:54:42] [INFO] [EasyAIStudio] GET /api/gallery 200 8.46ms
[2026-07-30 22:04:20] [INFO] [EasyAIStudio] GET /api/gallery 200 5.58ms
[2026-07-30 22:04:25] [INFO] [EasyAIStudio] GET /api/gallery 200 11.28ms
[2026-07-30 22:04:33] [INFO] [EasyAIStudio] GET /api/gallery/4004c7a549354ba096d59c9cedba9e7a.png 200 1.25ms
[2026-07-30 22:06:00] [INFO] [EasyAIStudio] GET /api/gallery/526867194fd640a9b4042cc32588838b.png 200 1.17ms
[2026-07-30 22:08:45] [INFO] [EasyAIStudio] GET /api/gallery/4004c7a549354ba096d59c9cedba9e7a.png 200 1.37ms
[2026-07-30 22:10:51] [INFO] [EasyAIStudio] GET /api/gallery 200 7.76ms
[2026-07-30 22:10:57] [INFO] [EasyAIStudio] GET /api/gallery 200 10.60ms
[2026-07-30 22:26:00] [INFO] [EasyAIStudio] GET /api/gallery 200 15.91ms
[2026-07-30 22:34:19] [INFO] [EasyAIStudio] GET /api/gallery 200 16.06ms
[2026-07-30 22:34:30] [INFO] [EasyAIStudio] GET /api/gallery 200 12.57ms
[2026-07-30 22:34:30] [INFO] [EasyAIStudio] GET /api/gallery 200 7.46ms
[2026-07-30 22:34:31] [INFO] [EasyAIStudio] GET /api/gallery 200 8.51ms
[2026-07-30 22:34:31] [INFO] [EasyAIStudio] GET /api/gallery 200 8.97ms
[2026-07-30 22:34:31] [INFO] [EasyAIStudio] GET /api/gallery 200 8.61ms
[2026-07-30 22:34:31] [INFO] [EasyAIStudio] GET /api/gallery 200 8.93ms
[2026-07-30 22:34:32] [INFO] [EasyAIStudio] GET /api/gallery 200 8.47ms
[2026-07-30 22:34:32] [INFO] [EasyAIStudio] GET /api/gallery 200 8.40ms
[2026-07-30 22:35:02] [INFO] [EasyAIStudio] GET /api/gallery 200 27.01ms
[2026-07-30 22:35:03] [INFO] [EasyAIStudio] GET /api/gallery 200 26.32ms
[2026-07-30 22:35:03] [INFO] [EasyAIStudio] GET /api/gallery 200 8.52ms
[2026-07-30 22:35:03] [INFO] [EasyAIStudio] GET /api/gallery 200 8.78ms
[2026-07-30 22:35:03] [INFO] [EasyAIStudio] GET /api/gallery 200 9.13ms
[2026-07-30 22:35:04] [INFO] [EasyAIStudio] GET /api/gallery 200 8.80ms
[2026-07-30 22:35:04] [INFO] [EasyAIStudio] GET /api/gallery 200 8.15ms
[2026-07-30 22:35:04] [INFO] [EasyAIStudio] GET /api/gallery 200 8.14ms
[2026-07-30 22:35:04] [INFO] [EasyAIStudio] GET /api/gallery 200 8.81ms
[2026-07-30 22:35:06] [INFO] [EasyAIStudio] GET /api/gallery 200 7.00ms
[2026-07-30 22:35:06] [INFO] [EasyAIStudio] GET /api/gallery 200 6.94ms
[2026-07-30 22:35:06] [INFO] [EasyAIStudio] GET /api/gallery 200 7.74ms
[2026-07-30 22:35:06] [INFO] [EasyAIStudio] GET /api/gallery 200 7.32ms
[2026-07-30 22:35:06] [INFO] [EasyAIStudio] GET /api/gallery 200 7.47ms
[2026-07-30 22:35:06] [INFO] [EasyAIStudio] GET /api/gallery 200 6.87ms
[2026-07-30 22:35:09] [INFO] [EasyAIStudio] GET /api/gallery 200 8.83ms
[2026-07-30 22:39:41] [INFO] [EasyAIStudio] GET /api/gallery 200 7.24ms
[2026-07-30 22:39:44] [INFO] [EasyAIStudio] GET /api/gallery 200 14.85ms
[2026-07-30 22:39:46] [INFO] [EasyAIStudio] GET /api/gallery 200 20.92ms
[2026-07-30 22:39:46] [INFO] [EasyAIStudio] GET /api/gallery 200 9.22ms
[2026-07-30 22:39:46] [INFO] [EasyAIStudio] GET /api/gallery 200 9.23ms
[2026-07-30 22:39:46] [INFO] [EasyAIStudio] GET /api/gallery 200 10.20ms
[2026-07-30 22:39:46] [INFO] [EasyAIStudio] GET /api/gallery 200 8.76ms
[2026-07-30 22:39:47] [INFO] [EasyAIStudio] GET /api/gallery 200 8.46ms
[2026-07-30 22:39:47] [INFO] [EasyAIStudio] GET /api/gallery 200 8.96ms
[2026-07-30 22:39:47] [INFO] [EasyAIStudio] GET /api/gallery 200 8.51ms
[2026-07-30 22:39:47] [INFO] [EasyAIStudio] GET /api/gallery 200 9.21ms
[2026-07-30 22:39:48] [INFO] [EasyAIStudio] GET /api/gallery 200 7.26ms
[2026-07-30 22:39:48] [INFO] [EasyAIStudio] GET /api/gallery 200 6.86ms
[2026-07-30 22:39:49] [INFO] [EasyAIStudio] GET /api/gallery 200 7.14ms
[2026-07-30 22:39:49] [INFO] [EasyAIStudio] GET /api/gallery 200 6.96ms
[2026-07-30 22:40:52] [INFO] [EasyAIStudio] GET /api/gallery 200 26.99ms
[2026-07-30 22:40:52] [INFO] [EasyAIStudio] GET /api/gallery 200 16.21ms
[2026-07-30 22:40:52] [INFO] [EasyAIStudio] GET /api/gallery 200 8.96ms
[2026-07-30 22:40:53] [INFO] [EasyAIStudio] GET /api/gallery 200 8.76ms
[2026-07-30 22:40:53] [INFO] [EasyAIStudio] GET /api/gallery 200 9.50ms
[2026-07-30 22:40:53] [INFO] [EasyAIStudio] GET /api/gallery 200 10.20ms
[2026-07-30 22:40:53] [INFO] [EasyAIStudio] GET /api/gallery 200 8.73ms
[2026-07-30 22:40:54] [INFO] [EasyAIStudio] GET /api/gallery 200 9.02ms
[2026-07-30 22:40:54] [INFO] [EasyAIStudio] GET /api/gallery 200 9.07ms
[2026-07-30 22:40:54] [INFO] [EasyAIStudio] GET /api/gallery 200 8.69ms
[2026-07-30 22:40:54] [INFO] [EasyAIStudio] GET /api/gallery 200 9.78ms
[2026-07-30 22:40:55] [INFO] [EasyAIStudio] GET /api/gallery 200 7.62ms
[2026-07-30 22:40:55] [INFO] [EasyAIStudio] GET /api/gallery 200 6.89ms
[2026-07-30 22:40:56] [INFO] [EasyAIStudio] GET /api/gallery 200 6.54ms
[2026-07-30 22:40:56] [INFO] [EasyAIStudio] GET /api/gallery 200 7.40ms
[2026-07-30 22:40:56] [INFO] [EasyAIStudio] GET /api/gallery 200 6.66ms
[2026-07-30 22:41:42] [INFO] [EasyAIStudio] GET /api/gallery 200 29.15ms
[2026-07-30 22:41:42] [INFO] [EasyAIStudio] GET /api/gallery 200 12.32ms
[2026-07-30 22:41:42] [INFO] [EasyAIStudio] GET /api/gallery 200 8.30ms
[2026-07-30 22:41:43] [INFO] [EasyAIStudio] GET /api/gallery 200 9.35ms
[2026-07-30 22:41:43] [INFO] [EasyAIStudio] GET /api/gallery 200 8.54ms
[2026-07-30 22:50:07] [INFO] [EasyAIStudio] Logger initialized.
[2026-07-30 22:50:07] [INFO] [EasyAIStudio] Bootstrap completed.
[2026-07-30 22:50:07] [INFO] [EasyAIStudio] Providers : 4
[2026-07-30 22:50:07] [INFO] [EasyAIStudio] Models    : 2
[2026-07-30 22:50:07] [INFO] [EasyAIStudio] Services  : 10
[2026-07-30 22:50:53] [INFO] [EasyAIStudio] Logger initialized.
[2026-07-30 22:50:53] [INFO] [EasyAIStudio] Bootstrap completed.
[2026-07-30 22:50:53] [INFO] [EasyAIStudio] Providers : 4
[2026-07-30 22:50:53] [INFO] [EasyAIStudio] Models    : 2
[2026-07-30 22:50:53] [INFO] [EasyAIStudio] Services  : 10
[2026-07-30 22:56:36] [INFO] [EasyAIStudio] GET /api/gallery 200 23.65ms
[2026-07-30 22:56:38] [INFO] [EasyAIStudio] GET /api/gallery 200 17.16ms
[2026-07-30 22:56:38] [INFO] [EasyAIStudio] GET /api/gallery 200 7.90ms
[2026-07-30 22:56:38] [INFO] [EasyAIStudio] GET /api/gallery 200 8.80ms
[2026-07-30 22:56:39] [INFO] [EasyAIStudio] GET /api/gallery 200 9.09ms
[2026-07-30 22:57:26] [INFO] [EasyAIStudio] Logger initialized.
[2026-07-30 22:57:26] [INFO] [EasyAIStudio] Bootstrap completed.
[2026-07-30 22:57:26] [INFO] [EasyAIStudio] Providers : 4
[2026-07-30 22:57:26] [INFO] [EasyAIStudio] Models    : 2
[2026-07-30 22:57:26] [INFO] [EasyAIStudio] Services  : 10
[2026-07-30 22:57:34] [INFO] [EasyAIStudio] GET /api/gallery 200 23.95ms
[2026-07-30 22:57:44] [INFO] [EasyAIStudio] GET /api/gallery/dec2f35506c142a18ae6c8f1dacec0b9.png 200 35.53ms
[2026-07-30 23:01:31] [INFO] [EasyAIStudio] GET /api/gallery/open-folder 404 1.10ms
[2026-07-30 23:01:31] [INFO] [EasyAIStudio] GET /favicon.ico 404 7.24ms
[2026-07-31 01:12:49] [INFO] [EasyAIStudio] Logger initialized.
[2026-07-31 01:12:49] [INFO] [EasyAIStudio] Bootstrap completed.
[2026-07-31 01:12:49] [INFO] [EasyAIStudio] Providers : 4
[2026-07-31 01:12:49] [INFO] [EasyAIStudio] Models    : 2
[2026-07-31 01:12:49] [INFO] [EasyAIStudio] Services  : 10
[2026-07-31 01:12:56] [INFO] [EasyAIStudio] GET /api/gallery/open-folder 200 19.18ms
[2026-07-31 01:13:10] [INFO] [EasyAIStudio] GET /api/gallery 200 35.18ms
[2026-07-31 01:13:10] [INFO] [EasyAIStudio] GET /api/gallery/ec26b2b267894f2cb0ecbd98fdde0127.png 200 55.95ms
[2026-07-31 01:13:10] [INFO] [EasyAIStudio] GET /api/gallery/dec2f35506c142a18ae6c8f1dacec0b9.png 200 3.40ms
[2026-07-31 01:13:10] [INFO] [EasyAIStudio] GET /api/gallery/db08a2f1721b496baf54502fc9e9542c.png 200 4.17ms
[2026-07-31 01:13:12] [INFO] [EasyAIStudio] GET /api/gallery 200 8.57ms
[2026-07-31 01:13:13] [INFO] [EasyAIStudio] GET /api/gallery 200 9.15ms
[2026-07-31 01:13:15] [INFO] [EasyAIStudio] GET /api/gallery/526867194fd640a9b4042cc32588838b.png 200 2.05ms
[2026-07-31 01:13:23] [INFO] [EasyAIStudio] GET /api/gallery/open-folder 200 3.29ms
[2026-07-31 01:14:18] [INFO] [EasyAIStudio] GET /api/gallery/open-folder 200 3.67ms
[2026-07-31 01:15:22] [INFO] [EasyAIStudio] Logger initialized.
[2026-07-31 01:15:22] [INFO] [EasyAIStudio] Bootstrap completed.
[2026-07-31 01:15:22] [INFO] [EasyAIStudio] Providers : 4
[2026-07-31 01:15:22] [INFO] [EasyAIStudio] Models    : 2
[2026-07-31 01:15:22] [INFO] [EasyAIStudio] Services  : 10
[2026-07-31 01:15:25] [INFO] [EasyAIStudio] GET /api/gallery 200 23.52ms
[2026-07-31 01:15:26] [INFO] [EasyAIStudio] GET /api/gallery 200 21.51ms
[2026-07-31 01:15:27] [INFO] [EasyAIStudio] GET /api/gallery/4004c7a549354ba096d59c9cedba9e7a.png 200 41.22ms
[2026-07-31 01:15:33] [INFO] [EasyAIStudio] GET /api/gallery/open-folder 200 6.59ms
[2026-07-31 01:19:11] [INFO] [EasyAIStudio] GET /api/gallery/4004c7a549354ba096d59c9cedba9e7a.png 200 1.93ms
[2026-07-31 01:19:18] [INFO] [EasyAIStudio] GET /api/gallery 200 11.92ms
[2026-07-31 01:19:20] [INFO] [EasyAIStudio] GET /api/gallery/dec2f35506c142a18ae6c8f1dacec0b9.png 200 2.22ms
[2026-07-31 01:19:48] [INFO] [EasyAIStudio] GET /api/gallery 200 10.68ms
[2026-07-31 01:19:53] [INFO] [EasyAIStudio] OPTIONS /api/gallery/ec26b2b267894f2cb0ecbd98fdde0127.png/favorite 200 0.16ms
[2026-07-31 01:19:53] [INFO] [EasyAIStudio] PUT /api/gallery/ec26b2b267894f2cb0ecbd98fdde0127.png/favorite 200 1.94ms
[2026-07-31 01:19:54] [INFO] [EasyAIStudio] GET /api/gallery/dec2f35506c142a18ae6c8f1dacec0b9.png 200 2.42ms
[2026-07-31 01:19:55] [INFO] [EasyAIStudio] PUT /api/gallery/ec26b2b267894f2cb0ecbd98fdde0127.png/favorite 200 2.68ms
[2026-07-31 01:19:55] [INFO] [EasyAIStudio] PUT /api/gallery/ec26b2b267894f2cb0ecbd98fdde0127.png/favorite 200 9.07ms
[2026-07-31 01:19:56] [INFO] [EasyAIStudio] GET /api/gallery/dec2f35506c142a18ae6c8f1dacec0b9.png 200 2.02ms
[2026-07-31 01:20:33] [INFO] [EasyAIStudio] GET /api/gallery/ec26b2b267894f2cb0ecbd98fdde0127.png 200 2.02ms
[2026-07-31 01:20:34] [INFO] [EasyAIStudio] GET /api/gallery/ec26b2b267894f2cb0ecbd98fdde0127.png 200 1.71ms
[2026-07-31 01:26:26] [INFO] [EasyAIStudio] GET /api/gallery/ec26b2b267894f2cb0ecbd98fdde0127.png 200 1.89ms
[2026-07-31 01:26:30] [INFO] [EasyAIStudio] GET /api/gallery 200 30.29ms
[2026-07-31 01:26:35] [INFO] [EasyAIStudio] GET /api/gallery/open-folder 200 3.44ms
[2026-07-31 01:26:36] [INFO] [EasyAIStudio] GET /api/gallery/open-folder 200 3.26ms
[2026-07-31 01:26:37] [INFO] [EasyAIStudio] GET /api/gallery/open-folder 200 3.10ms
[2026-07-31 01:26:37] [INFO] [EasyAIStudio] GET /api/gallery/open-folder 200 3.61ms
[2026-07-31 01:26:37] [INFO] [EasyAIStudio] GET /api/gallery/open-folder 200 4.00ms
[2026-07-31 01:26:37] [INFO] [EasyAIStudio] GET /api/gallery/open-folder 200 4.19ms
[2026-07-31 01:26:38] [INFO] [EasyAIStudio] GET /api/gallery/open-folder 200 3.54ms
[2026-07-31 01:26:38] [INFO] [EasyAIStudio] GET /api/gallery/open-folder 200 6.36ms
[2026-07-31 01:26:38] [INFO] [EasyAIStudio] GET /api/gallery/open-folder 200 4.96ms
[2026-07-31 01:26:38] [INFO] [EasyAIStudio] GET /api/gallery/open-folder 200 3.62ms
[2026-07-31 01:26:42] [INFO] [EasyAIStudio] GET /api/gallery/open-folder 200 3.03ms
[2026-07-31 01:33:34] [INFO] [EasyAIStudio] GET /api/gallery/4004c7a549354ba096d59c9cedba9e7a.png 200 1.47ms
[2026-07-31 01:33:40] [INFO] [EasyAIStudio] OPTIONS /api/gallery/4004c7a549354ba096d59c9cedba9e7a.png 200 0.15ms
[2026-07-31 01:33:40] [INFO] [EasyAIStudio] DELETE /api/gallery/4004c7a549354ba096d59c9cedba9e7a.png 200 1.31ms
[2026-07-31 01:33:47] [INFO] [EasyAIStudio] GET /api/gallery 200 6.26ms
[2026-07-31 01:33:53] [INFO] [EasyAIStudio] GET /api/gallery 200 6.38ms
[2026-07-31 01:54:34] [INFO] [EasyAIStudio] GET /api/gallery 200 6.43ms
[2026-07-31 01:56:48] [INFO] [EasyAIStudio] GET /api/gallery 200 6.63ms
[2026-07-31 01:58:17] [INFO] [EasyAIStudio] GET /api/gallery 200 8.03ms
[2026-07-31 01:58:25] [INFO] [EasyAIStudio] GET /api/gallery 200 13.04ms
[2026-07-31 01:58:26] [INFO] [EasyAIStudio] GET /api/gallery 200 12.49ms
[2026-07-31 01:58:38] [INFO] [EasyAIStudio] GET /api/gallery/ec26b2b267894f2cb0ecbd98fdde0127.png 200 1.83ms
[2026-07-31 01:58:42] [INFO] [EasyAIStudio] OPTIONS /api/gallery/ec26b2b267894f2cb0ecbd98fdde0127.png 200 0.12ms
[2026-07-31 01:58:42] [INFO] [EasyAIStudio] DELETE /api/gallery/ec26b2b267894f2cb0ecbd98fdde0127.png 200 1.92ms
[2026-07-31 01:58:42] [INFO] [EasyAIStudio] GET /api/gallery 200 6.68ms
[2026-07-31 02:09:06] [INFO] [EasyAIStudio] GET /api/gallery 200 17.15ms
[2026-07-31 02:09:06] [INFO] [EasyAIStudio] GET /api/gallery/0d1f6dea9bed4dae8d026897d2590e6e.png 200 1.71ms
[2026-07-31 02:10:48] [INFO] [EasyAIStudio] GET /api/gallery 200 28.13ms
[2026-07-31 02:14:40] [INFO] [EasyAIStudio] GET /api/gallery 200 9.13ms
[2026-07-31 02:15:54] [INFO] [EasyAIStudio] GET /api/gallery 200 7.62ms
[2026-07-31 02:30:12] [INFO] [EasyAIStudio] GET /api/gallery 200 19.62ms
[2026-07-31 02:30:12] [INFO] [EasyAIStudio] GET /api/gallery 200 25.15ms
[2026-07-31 02:37:00] [INFO] [EasyAIStudio] GET /api/gallery 200 20.33ms
[2026-07-31 02:37:00] [INFO] [EasyAIStudio] GET /api/gallery 200 13.59ms
[2026-07-31 02:37:14] [INFO] [EasyAIStudio] GET /api/gallery 200 34.78ms
[2026-07-31 02:38:03] [INFO] [EasyAIStudio] GET /api/gallery/526867194fd640a9b4042cc32588838b.png 200 1.66ms
[2026-07-31 02:38:17] [INFO] [EasyAIStudio] GET /api/gallery 200 5.95ms
[2026-07-31 02:41:03] [INFO] [EasyAIStudio] GET /api/gallery 200 7.85ms
[2026-07-31 02:41:05] [INFO] [EasyAIStudio] GET /api/gallery 200 7.14ms
[2026-07-31 02:41:06] [INFO] [EasyAIStudio] GET /api/gallery 200 7.43ms
[2026-07-31 02:45:35] [INFO] [EasyAIStudio] GET /api/gallery 200 9.07ms
[2026-07-31 02:45:35] [INFO] [EasyAIStudio] GET /api/gallery 200 9.68ms
[2026-07-31 02:45:50] [INFO] [EasyAIStudio] GET /api/gallery 200 22.69ms
[2026-07-31 02:45:51] [INFO] [EasyAIStudio] GET /api/gallery 200 7.76ms
[2026-07-31 02:45:52] [INFO] [EasyAIStudio] GET /api/gallery 200 7.06ms
[2026-07-31 02:45:59] [INFO] [EasyAIStudio] GET /api/gallery 200 7.32ms
[2026-07-31 02:46:00] [INFO] [EasyAIStudio] GET /api/gallery 200 7.33ms
[2026-07-31 02:46:39] [INFO] [EasyAIStudio] Logger initialized.
[2026-07-31 02:46:39] [INFO] [EasyAIStudio] Bootstrap completed.
[2026-07-31 02:46:39] [INFO] [EasyAIStudio] Providers : 4
[2026-07-31 02:46:39] [INFO] [EasyAIStudio] Models    : 2
[2026-07-31 02:46:39] [INFO] [EasyAIStudio] Services  : 10
[2026-07-31 02:46:59] [INFO] [EasyAIStudio] GET /api/gallery 200 11.60ms
[2026-07-31 02:47:01] [INFO] [EasyAIStudio] GET /api/gallery 200 12.52ms
[2026-07-31 02:47:03] [INFO] [EasyAIStudio] GET /api/gallery 200 7.68ms
[2026-07-31 02:47:03] [INFO] [EasyAIStudio] GET /api/gallery 200 5.45ms
[2026-07-31 02:47:04] [INFO] [EasyAIStudio] GET /api/gallery 200 6.86ms
[2026-07-31 02:47:05] [INFO] [EasyAIStudio] GET /api/gallery 200 8.54ms
[2026-07-31 02:47:09] [INFO] [EasyAIStudio] GET /api/gallery 200 7.35ms
[2026-07-31 02:47:12] [INFO] [EasyAIStudio] GET /api/gallery 200 7.05ms
[2026-07-31 02:47:13] [INFO] [EasyAIStudio] GET /api/gallery 200 7.85ms
[2026-07-31 02:48:21] [INFO] [EasyAIStudio] GET /api/gallery 200 8.47ms
[2026-07-31 02:48:23] [INFO] [EasyAIStudio] GET /api/gallery 200 7.14ms
[2026-07-31 02:50:12] [INFO] [EasyAIStudio] GET /api/gallery 200 7.96ms
[2026-07-31 02:50:14] [INFO] [EasyAIStudio] GET /api/gallery 200 7.59ms
[2026-07-31 02:50:21] [INFO] [EasyAIStudio] GET /api/gallery 200 6.91ms
[2026-07-31 02:50:25] [INFO] [EasyAIStudio] GET /api/gallery 200 9.73ms
[2026-07-31 02:50:31] [INFO] [EasyAIStudio] GET /api/gallery 200 7.34ms
[2026-07-31 02:53:43] [INFO] [EasyAIStudio] GET /api/gallery 200 10.24ms
[2026-07-31 02:53:43] [INFO] [EasyAIStudio] GET /api/gallery/dec2f35506c142a18ae6c8f1dacec0b9.png 200 6.89ms
[2026-07-31 02:53:43] [INFO] [EasyAIStudio] GET /api/gallery/db08a2f1721b496baf54502fc9e9542c.png 200 6.35ms
[2026-07-31 02:53:43] [INFO] [EasyAIStudio] GET /api/gallery/526867194fd640a9b4042cc32588838b.png 200 7.53ms
[2026-07-31 02:53:43] [INFO] [EasyAIStudio] GET /api/gallery/0d1f6dea9bed4dae8d026897d2590e6e.png 200 7.89ms
[2026-07-31 02:53:45] [INFO] [EasyAIStudio] GET /api/gallery 200 8.49ms
[2026-07-31 02:53:45] [INFO] [EasyAIStudio] GET /api/gallery/dec2f35506c142a18ae6c8f1dacec0b9.png 200 11.61ms
[2026-07-31 02:53:45] [INFO] [EasyAIStudio] GET /api/gallery/0d1f6dea9bed4dae8d026897d2590e6e.png 200 7.20ms
[2026-07-31 02:53:45] [INFO] [EasyAIStudio] GET /api/gallery/db08a2f1721b496baf54502fc9e9542c.png 200 7.06ms
[2026-07-31 02:53:45] [INFO] [EasyAIStudio] GET /api/gallery/526867194fd640a9b4042cc32588838b.png 200 7.14ms
[2026-07-31 02:53:47] [INFO] [EasyAIStudio] GET /api/gallery 200 6.58ms
[2026-07-31 02:53:47] [INFO] [EasyAIStudio] GET /api/gallery/dec2f35506c142a18ae6c8f1dacec0b9.png 200 16.65ms
[2026-07-31 02:53:47] [INFO] [EasyAIStudio] GET /api/gallery/0d1f6dea9bed4dae8d026897d2590e6e.png 200 15.61ms
[2026-07-31 02:53:47] [INFO] [EasyAIStudio] GET /api/gallery/db08a2f1721b496baf54502fc9e9542c.png 200 16.56ms
[2026-07-31 02:53:47] [INFO] [EasyAIStudio] GET /api/gallery/526867194fd640a9b4042cc32588838b.png 200 11.94ms
[2026-07-31 02:53:48] [INFO] [EasyAIStudio] GET /api/gallery 200 7.83ms
[2026-07-31 02:53:49] [INFO] [EasyAIStudio] GET /api/gallery 200 8.07ms
[2026-07-31 02:53:49] [INFO] [EasyAIStudio] GET /api/gallery/dec2f35506c142a18ae6c8f1dacec0b9.png 200 3.86ms
[2026-07-31 02:53:49] [INFO] [EasyAIStudio] GET /api/gallery/db08a2f1721b496baf54502fc9e9542c.png 200 4.67ms
[2026-07-31 02:53:49] [INFO] [EasyAIStudio] GET /api/gallery/0d1f6dea9bed4dae8d026897d2590e6e.png 200 4.77ms
[2026-07-31 02:53:49] [INFO] [EasyAIStudio] GET /api/gallery/526867194fd640a9b4042cc32588838b.png 200 2.82ms
[2026-07-31 02:53:50] [INFO] [EasyAIStudio] GET /api/gallery 200 7.33ms
[2026-07-31 02:53:50] [INFO] [EasyAIStudio] GET /api/gallery/dec2f35506c142a18ae6c8f1dacec0b9.png 200 3.50ms
[2026-07-31 02:53:50] [INFO] [EasyAIStudio] GET /api/gallery/db08a2f1721b496baf54502fc9e9542c.png 200 7.00ms
[2026-07-31 02:53:50] [INFO] [EasyAIStudio] GET /api/gallery/0d1f6dea9bed4dae8d026897d2590e6e.png 200 7.96ms
[2026-07-31 02:53:50] [INFO] [EasyAIStudio] GET /api/gallery/526867194fd640a9b4042cc32588838b.png 200 3.70ms
[2026-07-31 02:53:52] [INFO] [EasyAIStudio] GET /api/gallery 200 6.99ms
[2026-07-31 02:53:52] [INFO] [EasyAIStudio] GET /api/gallery/dec2f35506c142a18ae6c8f1dacec0b9.png 200 6.92ms
[2026-07-31 02:53:52] [INFO] [EasyAIStudio] GET /api/gallery/db08a2f1721b496baf54502fc9e9542c.png 200 6.32ms
[2026-07-31 02:53:52] [INFO] [EasyAIStudio] GET /api/gallery/526867194fd640a9b4042cc32588838b.png 200 4.73ms
[2026-07-31 02:53:52] [INFO] [EasyAIStudio] GET /api/gallery/0d1f6dea9bed4dae8d026897d2590e6e.png 200 5.04ms
[2026-07-31 02:54:02] [INFO] [EasyAIStudio] GET /api/gallery 200 7.78ms
[2026-07-31 02:54:02] [INFO] [EasyAIStudio] GET /api/gallery/dec2f35506c142a18ae6c8f1dacec0b9.png 200 5.00ms
[2026-07-31 02:54:02] [INFO] [EasyAIStudio] GET /api/gallery/db08a2f1721b496baf54502fc9e9542c.png 200 4.33ms
[2026-07-31 02:54:02] [INFO] [EasyAIStudio] GET /api/gallery/0d1f6dea9bed4dae8d026897d2590e6e.png 200 3.01ms
[2026-07-31 02:54:02] [INFO] [EasyAIStudio] GET /api/gallery/526867194fd640a9b4042cc32588838b.png 200 2.72ms
[2026-07-31 03:02:00] [INFO] [EasyAIStudio] GET /api/gallery 200 8.57ms
[2026-07-31 03:02:00] [INFO] [EasyAIStudio] GET /api/gallery/dec2f35506c142a18ae6c8f1dacec0b9.png 200 6.28ms
[2026-07-31 03:02:00] [INFO] [EasyAIStudio] GET /api/gallery/db08a2f1721b496baf54502fc9e9542c.png 200 7.66ms
[2026-07-31 03:02:00] [INFO] [EasyAIStudio] GET /api/gallery/0d1f6dea9bed4dae8d026897d2590e6e.png 200 5.41ms
[2026-07-31 03:02:00] [INFO] [EasyAIStudio] GET /api/gallery/526867194fd640a9b4042cc32588838b.png 200 6.25ms
[2026-07-31 03:02:13] [INFO] [EasyAIStudio] GET /api/gallery 200 56.80ms
[2026-07-31 10:51:49] [INFO] [EasyAIStudio] Logger initialized.
[2026-07-31 10:51:49] [INFO] [EasyAIStudio] Bootstrap completed.
[2026-07-31 10:51:49] [INFO] [EasyAIStudio] Providers : 4
[2026-07-31 10:51:49] [INFO] [EasyAIStudio] Models    : 2
[2026-07-31 10:51:49] [INFO] [EasyAIStudio] Services  : 10
[2026-07-31 10:56:40] [INFO] [EasyAIStudio] GET /api/gallery 200 46.64ms
[2026-07-31 10:56:40] [INFO] [EasyAIStudio] GET /api/gallery/dec2f35506c142a18ae6c8f1dacec0b9.png 200 30.65ms
[2026-07-31 10:56:40] [INFO] [EasyAIStudio] GET /api/gallery/0d1f6dea9bed4dae8d026897d2590e6e.png 200 3.81ms
[2026-07-31 10:56:40] [INFO] [EasyAIStudio] GET /api/gallery/db08a2f1721b496baf54502fc9e9542c.png 200 3.93ms
[2026-07-31 10:56:40] [INFO] [EasyAIStudio] GET /api/gallery/526867194fd640a9b4042cc32588838b.png 200 4.12ms
[2026-07-31 10:56:54] [INFO] [EasyAIStudio] GET /api/gallery 200 4.53ms
[2026-07-31 10:56:55] [INFO] [EasyAIStudio] GET /api/gallery 200 5.68ms
[2026-07-31 10:57:03] [INFO] [EasyAIStudio] GET /api/gallery 200 6.11ms
[2026-07-31 10:57:06] [INFO] [EasyAIStudio] GET /api/gallery 200 6.21ms
[2026-07-31 10:59:44] [INFO] [EasyAIStudio] GET /api/gallery 200 6.09ms
[2026-07-31 10:59:51] [INFO] [EasyAIStudio] GET /api/gallery 200 5.91ms
[2026-07-31 10:59:53] [INFO] [EasyAIStudio] GET /api/gallery 200 5.85ms
[2026-07-31 10:59:53] [INFO] [EasyAIStudio] GET /api/gallery 200 5.59ms
[2026-07-31 11:01:16] [INFO] [EasyAIStudio] GET /api/gallery 200 5.58ms
[2026-07-31 11:01:16] [INFO] [EasyAIStudio] GET /api/gallery/dec2f35506c142a18ae6c8f1dacec0b9.png 200 1.28ms
[2026-07-31 11:01:16] [INFO] [EasyAIStudio] GET /api/gallery/db08a2f1721b496baf54502fc9e9542c.png 200 1.94ms
[2026-07-31 11:01:16] [INFO] [EasyAIStudio] GET /api/gallery/0d1f6dea9bed4dae8d026897d2590e6e.png 200 2.49ms
[2026-07-31 11:01:16] [INFO] [EasyAIStudio] GET /api/gallery/526867194fd640a9b4042cc32588838b.png 200 2.69ms
[2026-07-31 11:01:17] [INFO] [EasyAIStudio] GET /api/gallery 200 6.01ms
[2026-07-31 11:01:17] [INFO] [EasyAIStudio] GET /api/gallery/dec2f35506c142a18ae6c8f1dacec0b9.png 200 1.19ms
[2026-07-31 11:01:17] [INFO] [EasyAIStudio] GET /api/gallery/db08a2f1721b496baf54502fc9e9542c.png 200 3.44ms
[2026-07-31 11:01:17] [INFO] [EasyAIStudio] GET /api/gallery/526867194fd640a9b4042cc32588838b.png 200 1.81ms
[2026-07-31 11:01:17] [INFO] [EasyAIStudio] GET /api/gallery/0d1f6dea9bed4dae8d026897d2590e6e.png 200 3.09ms
[2026-07-31 11:01:20] [INFO] [EasyAIStudio] GET /api/gallery 200 5.47ms
[2026-07-31 11:01:20] [INFO] [EasyAIStudio] GET /api/gallery/dec2f35506c142a18ae6c8f1dacec0b9.png 200 1.13ms
[2026-07-31 11:01:20] [INFO] [EasyAIStudio] GET /api/gallery/db08a2f1721b496baf54502fc9e9542c.png 200 3.72ms
[2026-07-31 11:01:20] [INFO] [EasyAIStudio] GET /api/gallery/0d1f6dea9bed4dae8d026897d2590e6e.png 200 2.82ms
[2026-07-31 11:01:20] [INFO] [EasyAIStudio] GET /api/gallery/526867194fd640a9b4042cc32588838b.png 200 2.29ms
[2026-07-31 11:02:01] [INFO] [EasyAIStudio] GET /api/gallery 200 6.17ms
[2026-07-31 11:02:01] [INFO] [EasyAIStudio] GET /api/gallery/dec2f35506c142a18ae6c8f1dacec0b9.png 200 1.47ms
[2026-07-31 11:02:01] [INFO] [EasyAIStudio] GET /api/gallery/db08a2f1721b496baf54502fc9e9542c.png 200 2.08ms
[2026-07-31 11:02:01] [INFO] [EasyAIStudio] GET /api/gallery/0d1f6dea9bed4dae8d026897d2590e6e.png 200 2.86ms
[2026-07-31 11:02:01] [INFO] [EasyAIStudio] GET /api/gallery/526867194fd640a9b4042cc32588838b.png 200 3.09ms
[2026-07-31 11:02:09] [INFO] [EasyAIStudio] GET /api/gallery 200 5.24ms
[2026-07-31 11:02:09] [INFO] [EasyAIStudio] GET /api/gallery/dec2f35506c142a18ae6c8f1dacec0b9.png 200 1.18ms
[2026-07-31 11:02:09] [INFO] [EasyAIStudio] GET /api/gallery/db08a2f1721b496baf54502fc9e9542c.png 200 1.37ms
[2026-07-31 11:02:09] [INFO] [EasyAIStudio] GET /api/gallery/0d1f6dea9bed4dae8d026897d2590e6e.png 200 2.89ms
[2026-07-31 11:02:09] [INFO] [EasyAIStudio] GET /api/gallery/526867194fd640a9b4042cc32588838b.png 200 1.93ms
[2026-07-31 11:02:12] [INFO] [EasyAIStudio] GET /api/gallery 200 6.12ms
[2026-07-31 11:02:12] [INFO] [EasyAIStudio] GET /api/gallery/dec2f35506c142a18ae6c8f1dacec0b9.png 200 3.41ms
[2026-07-31 11:02:12] [INFO] [EasyAIStudio] GET /api/gallery/db08a2f1721b496baf54502fc9e9542c.png 200 2.44ms
[2026-07-31 11:02:12] [INFO] [EasyAIStudio] GET /api/gallery/0d1f6dea9bed4dae8d026897d2590e6e.png 200 2.16ms
[2026-07-31 11:02:12] [INFO] [EasyAIStudio] GET /api/gallery/526867194fd640a9b4042cc32588838b.png 200 2.12ms
[2026-07-31 11:05:19] [INFO] [EasyAIStudio] GET /api/gallery 200 6.40ms
[2026-07-31 11:05:20] [INFO] [EasyAIStudio] GET /api/gallery 200 5.92ms
[2026-07-31 11:05:44] [INFO] [EasyAIStudio] GET /api/gallery 200 5.44ms
[2026-07-31 11:05:46] [INFO] [EasyAIStudio] GET /api/gallery 200 5.44ms
[2026-07-31 11:06:09] [INFO] [EasyAIStudio] GET /api/gallery 200 5.57ms
[2026-07-31 11:07:35] [INFO] [EasyAIStudio] GET /api/gallery 200 5.88ms
[2026-07-31 11:10:25] [INFO] [EasyAIStudio] GET /api/gallery 200 6.23ms
[2026-07-31 11:16:38] [INFO] [EasyAIStudio] GET /api/gallery 200 5.86ms
[2026-07-31 11:16:40] [INFO] [EasyAIStudio] GET /api/gallery 200 5.99ms
[2026-07-31 11:16:43] [INFO] [EasyAIStudio] GET /api/gallery 200 5.61ms
[2026-07-31 11:17:23] [INFO] [EasyAIStudio] GET /api/gallery 200 6.56ms
[2026-07-31 11:17:24] [INFO] [EasyAIStudio] GET /api/gallery 200 5.75ms
[2026-07-31 11:17:27] [INFO] [EasyAIStudio] GET /api/gallery 200 5.64ms
[2026-07-31 11:18:16] [INFO] [EasyAIStudio] GET /api/gallery 200 6.21ms
[2026-07-31 11:18:34] [INFO] [EasyAIStudio] GET /api/gallery 200 5.72ms
[2026-07-31 11:18:37] [INFO] [EasyAIStudio] GET /api/gallery 200 5.95ms
[2026-07-31 11:21:00] [INFO] [EasyAIStudio] GET /api/gallery 200 5.25ms
[2026-07-31 11:21:00] [INFO] [EasyAIStudio] GET /api/gallery/dec2f35506c142a18ae6c8f1dacec0b9.png 200 3.20ms
[2026-07-31 11:21:00] [INFO] [EasyAIStudio] GET /api/gallery/db08a2f1721b496baf54502fc9e9542c.png 200 3.52ms
[2026-07-31 11:21:00] [INFO] [EasyAIStudio] GET /api/gallery/0d1f6dea9bed4dae8d026897d2590e6e.png 200 2.84ms
[2026-07-31 11:21:00] [INFO] [EasyAIStudio] GET /api/gallery/526867194fd640a9b4042cc32588838b.png 200 3.00ms
[2026-07-31 11:21:02] [INFO] [EasyAIStudio] GET /api/gallery 200 6.33ms
[2026-07-31 11:21:02] [INFO] [EasyAIStudio] GET /api/gallery/dec2f35506c142a18ae6c8f1dacec0b9.png 200 3.50ms
[2026-07-31 11:21:02] [INFO] [EasyAIStudio] GET /api/gallery/db08a2f1721b496baf54502fc9e9542c.png 200 2.67ms
[2026-07-31 11:21:02] [INFO] [EasyAIStudio] GET /api/gallery/0d1f6dea9bed4dae8d026897d2590e6e.png 200 3.19ms
[2026-07-31 11:21:02] [INFO] [EasyAIStudio] GET /api/gallery/526867194fd640a9b4042cc32588838b.png 200 2.14ms
[2026-07-31 11:22:00] [INFO] [EasyAIStudio] GET /api/gallery 200 6.17ms
[2026-07-31 11:22:00] [INFO] [EasyAIStudio] GET /api/gallery/dec2f35506c142a18ae6c8f1dacec0b9.png 200 3.17ms
[2026-07-31 11:22:00] [INFO] [EasyAIStudio] GET /api/gallery/db08a2f1721b496baf54502fc9e9542c.png 200 3.29ms
[2026-07-31 11:22:00] [INFO] [EasyAIStudio] GET /api/gallery/0d1f6dea9bed4dae8d026897d2590e6e.png 200 3.05ms
[2026-07-31 11:22:00] [INFO] [EasyAIStudio] GET /api/gallery/526867194fd640a9b4042cc32588838b.png 200 2.51ms
[2026-07-31 11:22:04] [INFO] [EasyAIStudio] GET /api/gallery 200 6.64ms
[2026-07-31 11:22:04] [INFO] [EasyAIStudio] GET /api/gallery/dec2f35506c142a18ae6c8f1dacec0b9.png 200 4.28ms
[2026-07-31 11:22:04] [INFO] [EasyAIStudio] GET /api/gallery/db08a2f1721b496baf54502fc9e9542c.png 200 3.36ms
[2026-07-31 11:22:04] [INFO] [EasyAIStudio] GET /api/gallery/0d1f6dea9bed4dae8d026897d2590e6e.png 200 2.80ms
[2026-07-31 11:22:04] [INFO] [EasyAIStudio] GET /api/gallery/526867194fd640a9b4042cc32588838b.png 200 2.01ms
[2026-07-31 11:22:08] [INFO] [EasyAIStudio] GET /api/gallery 200 5.86ms
[2026-07-31 11:22:08] [INFO] [EasyAIStudio] GET /api/gallery/dec2f35506c142a18ae6c8f1dacec0b9.png 200 1.40ms
[2026-07-31 11:22:08] [INFO] [EasyAIStudio] GET /api/gallery/db08a2f1721b496baf54502fc9e9542c.png 200 3.33ms
[2026-07-31 11:22:08] [INFO] [EasyAIStudio] GET /api/gallery/0d1f6dea9bed4dae8d026897d2590e6e.png 200 2.82ms
[2026-07-31 11:22:08] [INFO] [EasyAIStudio] GET /api/gallery/526867194fd640a9b4042cc32588838b.png 200 2.08ms
[2026-07-31 11:22:11] [INFO] [EasyAIStudio] GET /api/gallery 200 6.68ms
[2026-07-31 11:22:11] [INFO] [EasyAIStudio] GET /api/gallery/dec2f35506c142a18ae6c8f1dacec0b9.png 200 2.19ms
[2026-07-31 11:22:11] [INFO] [EasyAIStudio] GET /api/gallery/db08a2f1721b496baf54502fc9e9542c.png 200 2.59ms
[2026-07-31 11:22:11] [INFO] [EasyAIStudio] GET /api/gallery/0d1f6dea9bed4dae8d026897d2590e6e.png 200 2.59ms
[2026-07-31 11:22:11] [INFO] [EasyAIStudio] GET /api/gallery/526867194fd640a9b4042cc32588838b.png 200 1.59ms
[2026-07-31 11:22:12] [INFO] [EasyAIStudio] GET /api/gallery 200 5.94ms
[2026-07-31 11:22:12] [INFO] [EasyAIStudio] GET /api/gallery/dec2f35506c142a18ae6c8f1dacec0b9.png 200 1.44ms
[2026-07-31 11:22:12] [INFO] [EasyAIStudio] GET /api/gallery/db08a2f1721b496baf54502fc9e9542c.png 200 3.57ms
[2026-07-31 11:22:12] [INFO] [EasyAIStudio] GET /api/gallery/0d1f6dea9bed4dae8d026897d2590e6e.png 200 2.81ms
[2026-07-31 11:22:12] [INFO] [EasyAIStudio] GET /api/gallery/526867194fd640a9b4042cc32588838b.png 200 2.09ms
[2026-07-31 11:22:13] [INFO] [EasyAIStudio] GET /api/gallery 200 5.83ms
[2026-07-31 11:22:13] [INFO] [EasyAIStudio] GET /api/gallery/dec2f35506c142a18ae6c8f1dacec0b9.png 200 1.46ms
[2026-07-31 11:22:13] [INFO] [EasyAIStudio] GET /api/gallery/db08a2f1721b496baf54502fc9e9542c.png 200 2.72ms
[2026-07-31 11:22:13] [INFO] [EasyAIStudio] GET /api/gallery/0d1f6dea9bed4dae8d026897d2590e6e.png 200 2.79ms
[2026-07-31 11:22:13] [INFO] [EasyAIStudio] GET /api/gallery/526867194fd640a9b4042cc32588838b.png 200 1.99ms
[2026-07-31 11:22:17] [INFO] [EasyAIStudio] GET /api/gallery 200 5.44ms
[2026-07-31 11:22:17] [INFO] [EasyAIStudio] GET /api/gallery/dec2f35506c142a18ae6c8f1dacec0b9.png 200 2.06ms
[2026-07-31 11:22:17] [INFO] [EasyAIStudio] GET /api/gallery/db08a2f1721b496baf54502fc9e9542c.png 200 2.58ms
[2026-07-31 11:22:17] [INFO] [EasyAIStudio] GET /api/gallery/0d1f6dea9bed4dae8d026897d2590e6e.png 200 2.14ms
[2026-07-31 11:22:17] [INFO] [EasyAIStudio] GET /api/gallery/526867194fd640a9b4042cc32588838b.png 200 1.75ms
[2026-07-31 11:22:21] [INFO] [EasyAIStudio] GET /api/gallery 200 6.23ms
[2026-07-31 11:22:21] [INFO] [EasyAIStudio] GET /api/gallery/dec2f35506c142a18ae6c8f1dacec0b9.png 200 3.13ms
[2026-07-31 11:22:21] [INFO] [EasyAIStudio] GET /api/gallery/0d1f6dea9bed4dae8d026897d2590e6e.png 200 3.12ms
[2026-07-31 11:22:21] [INFO] [EasyAIStudio] GET /api/gallery/db08a2f1721b496baf54502fc9e9542c.png 200 3.30ms
[2026-07-31 11:22:21] [INFO] [EasyAIStudio] GET /api/gallery/526867194fd640a9b4042cc32588838b.png 200 2.26ms
[2026-07-31 11:38:54] [INFO] [EasyAIStudio] Logger initialized.
[2026-07-31 11:38:54] [INFO] [EasyAIStudio] Bootstrap completed.
[2026-07-31 11:38:54] [INFO] [EasyAIStudio] Providers : 4
[2026-07-31 11:38:54] [INFO] [EasyAIStudio] Models    : 2
[2026-07-31 11:38:54] [INFO] [EasyAIStudio] Services  : 10
[2026-07-31 11:39:53] [INFO] [EasyAIStudio] GET /api/gallery 200 12.12ms
[2026-07-31 11:39:53] [INFO] [EasyAIStudio] GET /api/gallery/dec2f35506c142a18ae6c8f1dacec0b9.png 200 30.89ms
[2026-07-31 11:39:53] [INFO] [EasyAIStudio] GET /api/gallery/db08a2f1721b496baf54502fc9e9542c.png 200 3.74ms
[2026-07-31 11:39:53] [INFO] [EasyAIStudio] GET /api/gallery/0d1f6dea9bed4dae8d026897d2590e6e.png 200 3.93ms
[2026-07-31 11:39:53] [INFO] [EasyAIStudio] GET /api/gallery/526867194fd640a9b4042cc32588838b.png 200 4.21ms
[2026-07-31 11:40:15] [INFO] [EasyAIStudio] GET /api/gallery 200 6.85ms
[2026-07-31 11:40:15] [INFO] [EasyAIStudio] GET /api/gallery/dec2f35506c142a18ae6c8f1dacec0b9.png 200 2.10ms
[2026-07-31 11:40:15] [INFO] [EasyAIStudio] GET /api/gallery/db08a2f1721b496baf54502fc9e9542c.png 200 2.65ms
[2026-07-31 11:40:15] [INFO] [EasyAIStudio] GET /api/gallery/0d1f6dea9bed4dae8d026897d2590e6e.png 200 2.22ms
[2026-07-31 11:40:15] [INFO] [EasyAIStudio] GET /api/gallery/526867194fd640a9b4042cc32588838b.png 200 1.74ms
[2026-07-31 11:48:44] [INFO] [EasyAIStudio] GET /api/gallery 200 11.86ms
[2026-07-31 11:48:44] [INFO] [EasyAIStudio] GET /api/gallery/dec2f35506c142a18ae6c8f1dacec0b9.png 200 3.08ms
[2026-07-31 11:48:44] [INFO] [EasyAIStudio] GET /api/gallery/db08a2f1721b496baf54502fc9e9542c.png 200 3.11ms
[2026-07-31 11:48:44] [INFO] [EasyAIStudio] GET /api/gallery/0d1f6dea9bed4dae8d026897d2590e6e.png 200 2.14ms
[2026-07-31 11:48:44] [INFO] [EasyAIStudio] GET /api/gallery/526867194fd640a9b4042cc32588838b.png 200 1.71ms
[2026-07-31 11:48:48] [INFO] [EasyAIStudio] GET /api/gallery 200 9.03ms
[2026-07-31 11:48:48] [INFO] [EasyAIStudio] GET /api/gallery/dec2f35506c142a18ae6c8f1dacec0b9.png 200 1.39ms
[2026-07-31 11:48:48] [INFO] [EasyAIStudio] GET /api/gallery/db08a2f1721b496baf54502fc9e9542c.png 200 1.35ms
[2026-07-31 11:48:48] [INFO] [EasyAIStudio] GET /api/gallery/0d1f6dea9bed4dae8d026897d2590e6e.png 200 1.46ms
[2026-07-31 11:48:48] [INFO] [EasyAIStudio] GET /api/gallery/526867194fd640a9b4042cc32588838b.png 200 1.97ms
[2026-07-31 11:48:48] [INFO] [EasyAIStudio] GET /api/gallery 200 6.35ms
[2026-07-31 11:48:48] [INFO] [EasyAIStudio] GET /api/gallery/dec2f35506c142a18ae6c8f1dacec0b9.png 200 2.50ms
[2026-07-31 11:48:48] [INFO] [EasyAIStudio] GET /api/gallery/db08a2f1721b496baf54502fc9e9542c.png 200 3.06ms
[2026-07-31 11:48:48] [INFO] [EasyAIStudio] GET /api/gallery/0d1f6dea9bed4dae8d026897d2590e6e.png 200 2.35ms
[2026-07-31 11:48:48] [INFO] [EasyAIStudio] GET /api/gallery/526867194fd640a9b4042cc32588838b.png 200 1.87ms
[2026-07-31 11:48:48] [INFO] [EasyAIStudio] GET /api/gallery 200 5.68ms
[2026-07-31 11:48:49] [INFO] [EasyAIStudio] GET /api/gallery 200 5.47ms
[2026-07-31 11:48:49] [INFO] [EasyAIStudio] GET /api/gallery/dec2f35506c142a18ae6c8f1dacec0b9.png 200 2.33ms
[2026-07-31 11:48:49] [INFO] [EasyAIStudio] GET /api/gallery/db08a2f1721b496baf54502fc9e9542c.png 200 5.02ms
[2026-07-31 11:48:49] [INFO] [EasyAIStudio] GET /api/gallery/0d1f6dea9bed4dae8d026897d2590e6e.png 200 7.98ms
[2026-07-31 11:48:49] [INFO] [EasyAIStudio] GET /api/gallery/526867194fd640a9b4042cc32588838b.png 200 4.79ms
[2026-07-31 11:48:53] [INFO] [EasyAIStudio] GET /api/gallery 200 5.49ms
[2026-07-31 11:48:53] [INFO] [EasyAIStudio] GET /api/gallery/dec2f35506c142a18ae6c8f1dacec0b9.png 200 1.37ms
[2026-07-31 11:48:53] [INFO] [EasyAIStudio] GET /api/gallery/db08a2f1721b496baf54502fc9e9542c.png 200 2.33ms
[2026-07-31 11:48:53] [INFO] [EasyAIStudio] GET /api/gallery/0d1f6dea9bed4dae8d026897d2590e6e.png 200 1.62ms
[2026-07-31 11:48:53] [INFO] [EasyAIStudio] GET /api/gallery/526867194fd640a9b4042cc32588838b.png 200 1.98ms
[2026-07-31 11:54:21] [INFO] [EasyAIStudio] GET /api/gallery 200 6.51ms
[2026-07-31 11:54:21] [INFO] [EasyAIStudio] GET /api/gallery/dec2f35506c142a18ae6c8f1dacec0b9.png 200 1.48ms
[2026-07-31 11:54:21] [INFO] [EasyAIStudio] GET /api/gallery/db08a2f1721b496baf54502fc9e9542c.png 200 1.91ms
[2026-07-31 11:54:21] [INFO] [EasyAIStudio] GET /api/gallery/0d1f6dea9bed4dae8d026897d2590e6e.png 200 2.91ms
[2026-07-31 11:54:21] [INFO] [EasyAIStudio] GET /api/gallery/526867194fd640a9b4042cc32588838b.png 200 2.26ms
[2026-07-31 11:54:27] [INFO] [EasyAIStudio] GET /api/gallery 200 5.99ms
[2026-07-31 11:54:27] [INFO] [EasyAIStudio] GET /api/gallery/dec2f35506c142a18ae6c8f1dacec0b9.png 200 1.29ms
[2026-07-31 11:54:27] [INFO] [EasyAIStudio] GET /api/gallery/db08a2f1721b496baf54502fc9e9542c.png 200 1.53ms
[2026-07-31 11:54:27] [INFO] [EasyAIStudio] GET /api/gallery/0d1f6dea9bed4dae8d026897d2590e6e.png 200 1.91ms
[2026-07-31 11:54:27] [INFO] [EasyAIStudio] GET /api/gallery/526867194fd640a9b4042cc32588838b.png 200 2.82ms
[2026-07-31 11:54:31] [INFO] [EasyAIStudio] GET /api/gallery 200 5.75ms
[2026-07-31 11:54:31] [INFO] [EasyAIStudio] GET /api/gallery/dec2f35506c142a18ae6c8f1dacec0b9.png 200 1.09ms
[2026-07-31 11:54:31] [INFO] [EasyAIStudio] GET /api/gallery/db08a2f1721b496baf54502fc9e9542c.png 200 2.79ms
[2026-07-31 11:54:31] [INFO] [EasyAIStudio] GET /api/gallery/0d1f6dea9bed4dae8d026897d2590e6e.png 200 3.02ms
[2026-07-31 11:54:31] [INFO] [EasyAIStudio] GET /api/gallery/526867194fd640a9b4042cc32588838b.png 200 2.07ms
[2026-07-31 11:54:34] [INFO] [EasyAIStudio] GET /api/gallery 200 6.39ms
[2026-07-31 11:54:34] [INFO] [EasyAIStudio] GET /api/gallery/dec2f35506c142a18ae6c8f1dacec0b9.png 200 2.25ms
[2026-07-31 11:54:34] [INFO] [EasyAIStudio] GET /api/gallery/db08a2f1721b496baf54502fc9e9542c.png 200 2.83ms
[2026-07-31 11:54:34] [INFO] [EasyAIStudio] GET /api/gallery/0d1f6dea9bed4dae8d026897d2590e6e.png 200 3.04ms
[2026-07-31 11:54:34] [INFO] [EasyAIStudio] GET /api/gallery/526867194fd640a9b4042cc32588838b.png 200 1.83ms
[2026-07-31 11:54:36] [INFO] [EasyAIStudio] GET /api/gallery 200 5.92ms
[2026-07-31 11:54:36] [INFO] [EasyAIStudio] GET /api/gallery/dec2f35506c142a18ae6c8f1dacec0b9.png 200 3.41ms
[2026-07-31 11:54:36] [INFO] [EasyAIStudio] GET /api/gallery/db08a2f1721b496baf54502fc9e9542c.png 200 2.49ms
[2026-07-31 11:54:36] [INFO] [EasyAIStudio] GET /api/gallery/0d1f6dea9bed4dae8d026897d2590e6e.png 200 3.03ms
[2026-07-31 11:54:36] [INFO] [EasyAIStudio] GET /api/gallery/526867194fd640a9b4042cc32588838b.png 200 2.22ms
[2026-07-31 11:54:48] [INFO] [EasyAIStudio] GET /api/gallery 200 6.10ms
[2026-07-31 11:54:48] [INFO] [EasyAIStudio] GET /api/gallery/dec2f35506c142a18ae6c8f1dacec0b9.png 200 2.79ms
[2026-07-31 11:54:48] [INFO] [EasyAIStudio] GET /api/gallery/db08a2f1721b496baf54502fc9e9542c.png 200 1.98ms
[2026-07-31 11:54:48] [INFO] [EasyAIStudio] GET /api/gallery/0d1f6dea9bed4dae8d026897d2590e6e.png 200 3.01ms
[2026-07-31 11:54:48] [INFO] [EasyAIStudio] GET /api/gallery/526867194fd640a9b4042cc32588838b.png 200 1.49ms
[2026-07-31 11:55:08] [INFO] [EasyAIStudio] GET /api/gallery 200 5.81ms
[2026-07-31 11:55:08] [INFO] [EasyAIStudio] GET /api/gallery/dec2f35506c142a18ae6c8f1dacec0b9.png 200 2.97ms
[2026-07-31 11:55:08] [INFO] [EasyAIStudio] GET /api/gallery/db08a2f1721b496baf54502fc9e9542c.png 200 2.10ms
[2026-07-31 11:55:08] [INFO] [EasyAIStudio] GET /api/gallery/0d1f6dea9bed4dae8d026897d2590e6e.png 200 2.82ms
[2026-07-31 11:55:08] [INFO] [EasyAIStudio] GET /api/gallery/526867194fd640a9b4042cc32588838b.png 200 3.02ms
[2026-07-31 11:55:18] [INFO] [EasyAIStudio] GET /api/gallery 200 5.73ms
[2026-07-31 11:55:18] [INFO] [EasyAIStudio] GET /api/gallery/dec2f35506c142a18ae6c8f1dacec0b9.png 200 1.41ms
[2026-07-31 11:55:18] [INFO] [EasyAIStudio] GET /api/gallery/db08a2f1721b496baf54502fc9e9542c.png 200 1.11ms
[2026-07-31 11:55:18] [INFO] [EasyAIStudio] GET /api/gallery/0d1f6dea9bed4dae8d026897d2590e6e.png 200 1.35ms
[2026-07-31 11:55:18] [INFO] [EasyAIStudio] GET /api/gallery/526867194fd640a9b4042cc32588838b.png 200 1.58ms
[2026-07-31 11:55:18] [INFO] [EasyAIStudio] GET /api/gallery 200 5.78ms
[2026-07-31 11:55:18] [INFO] [EasyAIStudio] GET /api/gallery/dec2f35506c142a18ae6c8f1dacec0b9.png 200 1.36ms
[2026-07-31 11:55:18] [INFO] [EasyAIStudio] GET /api/gallery/db08a2f1721b496baf54502fc9e9542c.png 200 2.77ms
[2026-07-31 11:55:18] [INFO] [EasyAIStudio] GET /api/gallery/0d1f6dea9bed4dae8d026897d2590e6e.png 200 2.20ms
[2026-07-31 11:55:18] [INFO] [EasyAIStudio] GET /api/gallery/526867194fd640a9b4042cc32588838b.png 200 1.55ms
[2026-07-31 11:56:11] [INFO] [EasyAIStudio] GET /api/gallery 200 5.99ms
[2026-07-31 11:56:11] [INFO] [EasyAIStudio] GET /api/gallery/dec2f35506c142a18ae6c8f1dacec0b9.png 200 3.04ms
[2026-07-31 11:56:11] [INFO] [EasyAIStudio] GET /api/gallery/db08a2f1721b496baf54502fc9e9542c.png 200 3.26ms
[2026-07-31 11:56:11] [INFO] [EasyAIStudio] GET /api/gallery/0d1f6dea9bed4dae8d026897d2590e6e.png 200 2.77ms
[2026-07-31 11:56:11] [INFO] [EasyAIStudio] GET /api/gallery/526867194fd640a9b4042cc32588838b.png 200 2.05ms
[2026-07-31 11:56:13] [INFO] [EasyAIStudio] GET /api/gallery 200 5.85ms
[2026-07-31 11:56:13] [INFO] [EasyAIStudio] GET /api/gallery/dec2f35506c142a18ae6c8f1dacec0b9.png 200 2.68ms
[2026-07-31 11:56:13] [INFO] [EasyAIStudio] GET /api/gallery/db08a2f1721b496baf54502fc9e9542c.png 200 3.19ms
[2026-07-31 11:56:13] [INFO] [EasyAIStudio] GET /api/gallery/526867194fd640a9b4042cc32588838b.png 200 2.59ms
[2026-07-31 11:56:13] [INFO] [EasyAIStudio] GET /api/gallery/0d1f6dea9bed4dae8d026897d2590e6e.png 200 2.75ms
[2026-07-31 11:56:15] [INFO] [EasyAIStudio] GET /api/gallery 200 6.08ms
[2026-07-31 11:56:15] [INFO] [EasyAIStudio] GET /api/gallery/dec2f35506c142a18ae6c8f1dacec0b9.png 200 1.27ms
[2026-07-31 11:56:15] [INFO] [EasyAIStudio] GET /api/gallery/db08a2f1721b496baf54502fc9e9542c.png 200 3.26ms
[2026-07-31 11:56:15] [INFO] [EasyAIStudio] GET /api/gallery/0d1f6dea9bed4dae8d026897d2590e6e.png 200 2.42ms
[2026-07-31 11:56:15] [INFO] [EasyAIStudio] GET /api/gallery/526867194fd640a9b4042cc32588838b.png 200 2.53ms
[2026-07-31 11:57:06] [INFO] [EasyAIStudio] GET /api/gallery 200 7.18ms
[2026-07-31 11:57:06] [INFO] [EasyAIStudio] GET /api/gallery/dec2f35506c142a18ae6c8f1dacec0b9.png 200 1.67ms
[2026-07-31 11:57:06] [INFO] [EasyAIStudio] GET /api/gallery/db08a2f1721b496baf54502fc9e9542c.png 200 12.91ms
[2026-07-31 11:57:06] [INFO] [EasyAIStudio] GET /api/gallery/526867194fd640a9b4042cc32588838b.png 200 3.10ms
[2026-07-31 11:57:06] [INFO] [EasyAIStudio] GET /api/gallery/0d1f6dea9bed4dae8d026897d2590e6e.png 200 3.46ms
[2026-07-31 11:57:13] [INFO] [EasyAIStudio] GET /api/gallery 200 5.82ms
[2026-07-31 11:58:27] [INFO] [EasyAIStudio] GET /api/gallery 200 6.57ms
[2026-07-31 11:58:27] [INFO] [EasyAIStudio] GET /api/gallery/dec2f35506c142a18ae6c8f1dacec0b9.png 200 1.68ms
[2026-07-31 11:58:27] [INFO] [EasyAIStudio] GET /api/gallery/db08a2f1721b496baf54502fc9e9542c.png 200 2.32ms
[2026-07-31 11:58:27] [INFO] [EasyAIStudio] GET /api/gallery/0d1f6dea9bed4dae8d026897d2590e6e.png 200 2.45ms
[2026-07-31 11:58:27] [INFO] [EasyAIStudio] GET /api/gallery/526867194fd640a9b4042cc32588838b.png 200 1.98ms
[2026-07-31 12:02:27] [INFO] [EasyAIStudio] GET /api/gallery 200 9.97ms
[2026-07-31 12:02:27] [INFO] [EasyAIStudio] GET /api/gallery/dec2f35506c142a18ae6c8f1dacec0b9.png 200 3.03ms
[2026-07-31 12:02:27] [INFO] [EasyAIStudio] GET /api/gallery/db08a2f1721b496baf54502fc9e9542c.png 200 3.11ms
[2026-07-31 12:02:27] [INFO] [EasyAIStudio] GET /api/gallery/0d1f6dea9bed4dae8d026897d2590e6e.png 200 2.96ms
[2026-07-31 12:02:27] [INFO] [EasyAIStudio] GET /api/gallery/526867194fd640a9b4042cc32588838b.png 200 1.99ms
[2026-07-31 12:02:28] [INFO] [EasyAIStudio] GET /api/gallery 200 6.68ms
[2026-07-31 12:02:28] [INFO] [EasyAIStudio] GET /api/gallery/dec2f35506c142a18ae6c8f1dacec0b9.png 200 2.36ms
[2026-07-31 12:02:28] [INFO] [EasyAIStudio] GET /api/gallery/db08a2f1721b496baf54502fc9e9542c.png 200 2.04ms
[2026-07-31 12:02:28] [INFO] [EasyAIStudio] GET /api/gallery/0d1f6dea9bed4dae8d026897d2590e6e.png 200 3.08ms
[2026-07-31 12:02:28] [INFO] [EasyAIStudio] GET /api/gallery/526867194fd640a9b4042cc32588838b.png 200 2.52ms
[2026-07-31 12:02:28] [INFO] [EasyAIStudio] GET /api/gallery 200 5.50ms
[2026-07-31 12:02:29] [INFO] [EasyAIStudio] GET /api/gallery/dec2f35506c142a18ae6c8f1dacec0b9.png 200 2.27ms
[2026-07-31 12:02:29] [INFO] [EasyAIStudio] GET /api/gallery/db08a2f1721b496baf54502fc9e9542c.png 200 3.00ms
[2026-07-31 12:02:29] [INFO] [EasyAIStudio] GET /api/gallery/0d1f6dea9bed4dae8d026897d2590e6e.png 200 3.11ms
[2026-07-31 12:02:29] [INFO] [EasyAIStudio] GET /api/gallery/526867194fd640a9b4042cc32588838b.png 200 1.98ms
[2026-07-31 12:02:31] [INFO] [EasyAIStudio] GET /api/gallery 200 5.89ms
[2026-07-31 12:02:31] [INFO] [EasyAIStudio] GET /api/gallery/dec2f35506c142a18ae6c8f1dacec0b9.png 200 1.11ms
[2026-07-31 12:02:31] [INFO] [EasyAIStudio] GET /api/gallery/db08a2f1721b496baf54502fc9e9542c.png 200 2.54ms
[2026-07-31 12:02:31] [INFO] [EasyAIStudio] GET /api/gallery/0d1f6dea9bed4dae8d026897d2590e6e.png 200 2.77ms
[2026-07-31 12:02:31] [INFO] [EasyAIStudio] GET /api/gallery/526867194fd640a9b4042cc32588838b.png 200 2.18ms
[2026-07-31 12:26:37] [INFO] [EasyAIStudio] GET /api/gallery 200 6.51ms
[2026-07-31 12:26:37] [INFO] [EasyAIStudio] GET /api/gallery/dec2f35506c142a18ae6c8f1dacec0b9.png 200 2.84ms
[2026-07-31 12:26:37] [INFO] [EasyAIStudio] GET /api/gallery/db08a2f1721b496baf54502fc9e9542c.png 200 3.10ms
[2026-07-31 12:26:37] [INFO] [EasyAIStudio] GET /api/gallery/0d1f6dea9bed4dae8d026897d2590e6e.png 200 2.31ms
[2026-07-31 12:26:37] [INFO] [EasyAIStudio] GET /api/gallery/526867194fd640a9b4042cc32588838b.png 200 2.11ms
[2026-07-31 12:26:38] [INFO] [EasyAIStudio] GET /api/gallery 200 6.72ms
[2026-07-31 12:26:38] [INFO] [EasyAIStudio] GET /api/gallery/dec2f35506c142a18ae6c8f1dacec0b9.png 200 2.30ms
[2026-07-31 12:26:38] [INFO] [EasyAIStudio] GET /api/gallery/db08a2f1721b496baf54502fc9e9542c.png 200 2.51ms
[2026-07-31 12:26:38] [INFO] [EasyAIStudio] GET /api/gallery/0d1f6dea9bed4dae8d026897d2590e6e.png 200 2.58ms
[2026-07-31 12:26:38] [INFO] [EasyAIStudio] GET /api/gallery/526867194fd640a9b4042cc32588838b.png 200 1.84ms
[2026-07-31 12:29:55] [INFO] [EasyAIStudio] GET /api/gallery 200 6.68ms
[2026-07-31 12:29:55] [INFO] [EasyAIStudio] GET /api/gallery/dec2f35506c142a18ae6c8f1dacec0b9.png 200 3.61ms
[2026-07-31 12:29:55] [INFO] [EasyAIStudio] GET /api/gallery/db08a2f1721b496baf54502fc9e9542c.png 200 3.94ms
[2026-07-31 12:29:55] [INFO] [EasyAIStudio] GET /api/gallery/0d1f6dea9bed4dae8d026897d2590e6e.png 200 3.39ms
[2026-07-31 12:29:55] [INFO] [EasyAIStudio] GET /api/gallery/526867194fd640a9b4042cc32588838b.png 200 2.59ms
[2026-07-31 12:29:56] [INFO] [EasyAIStudio] GET /api/gallery 200 5.95ms
[2026-07-31 12:29:56] [INFO] [EasyAIStudio] GET /api/gallery/dec2f35506c142a18ae6c8f1dacec0b9.png 200 1.30ms
[2026-07-31 12:29:56] [INFO] [EasyAIStudio] GET /api/gallery/db08a2f1721b496baf54502fc9e9542c.png 200 2.29ms
[2026-07-31 12:29:56] [INFO] [EasyAIStudio] GET /api/gallery/0d1f6dea9bed4dae8d026897d2590e6e.png 200 2.92ms
[2026-07-31 12:29:56] [INFO] [EasyAIStudio] GET /api/gallery/526867194fd640a9b4042cc32588838b.png 200 1.65ms
[2026-07-31 12:30:52] [INFO] [EasyAIStudio] GET /api/gallery 200 6.04ms
[2026-07-31 12:30:52] [INFO] [EasyAIStudio] GET /api/gallery/dec2f35506c142a18ae6c8f1dacec0b9.png 200 2.83ms
[2026-07-31 12:30:52] [INFO] [EasyAIStudio] GET /api/gallery/db08a2f1721b496baf54502fc9e9542c.png 200 2.11ms
[2026-07-31 12:30:52] [INFO] [EasyAIStudio] GET /api/gallery/526867194fd640a9b4042cc32588838b.png 200 2.83ms
[2026-07-31 12:30:52] [INFO] [EasyAIStudio] GET /api/gallery/0d1f6dea9bed4dae8d026897d2590e6e.png 200 3.09ms
[2026-07-31 12:30:53] [INFO] [EasyAIStudio] GET /api/gallery 200 5.68ms
[2026-07-31 12:30:54] [INFO] [EasyAIStudio] GET /api/gallery/dec2f35506c142a18ae6c8f1dacec0b9.png 200 3.14ms
[2026-07-31 12:30:54] [INFO] [EasyAIStudio] GET /api/gallery/db08a2f1721b496baf54502fc9e9542c.png 200 2.57ms
[2026-07-31 12:30:54] [INFO] [EasyAIStudio] GET /api/gallery/0d1f6dea9bed4dae8d026897d2590e6e.png 200 2.71ms
[2026-07-31 12:30:54] [INFO] [EasyAIStudio] GET /api/gallery/526867194fd640a9b4042cc32588838b.png 200 1.81ms
[2026-07-31 12:31:01] [INFO] [EasyAIStudio] GET /api/gallery 200 5.83ms
[2026-07-31 12:31:01] [INFO] [EasyAIStudio] GET /api/gallery/dec2f35506c142a18ae6c8f1dacec0b9.png 200 2.70ms
[2026-07-31 12:31:01] [INFO] [EasyAIStudio] GET /api/gallery/db08a2f1721b496baf54502fc9e9542c.png 200 3.11ms
[2026-07-31 12:31:01] [INFO] [EasyAIStudio] GET /api/gallery/0d1f6dea9bed4dae8d026897d2590e6e.png 200 2.59ms
[2026-07-31 12:31:01] [INFO] [EasyAIStudio] GET /api/gallery/526867194fd640a9b4042cc32588838b.png 200 1.51ms
[2026-07-31 12:31:05] [INFO] [EasyAIStudio] GET /api/gallery 200 6.25ms
[2026-07-31 12:31:05] [INFO] [EasyAIStudio] GET /api/gallery/dec2f35506c142a18ae6c8f1dacec0b9.png 200 2.93ms
[2026-07-31 12:31:05] [INFO] [EasyAIStudio] GET /api/gallery/db08a2f1721b496baf54502fc9e9542c.png 200 2.20ms
[2026-07-31 12:31:05] [INFO] [EasyAIStudio] GET /api/gallery/0d1f6dea9bed4dae8d026897d2590e6e.png 200 2.69ms
[2026-07-31 12:31:05] [INFO] [EasyAIStudio] GET /api/gallery/526867194fd640a9b4042cc32588838b.png 200 1.51ms
[2026-07-31 12:31:08] [INFO] [EasyAIStudio] GET /api/gallery 200 5.73ms
[2026-07-31 12:31:08] [INFO] [EasyAIStudio] GET /api/gallery/dec2f35506c142a18ae6c8f1dacec0b9.png 200 2.11ms
[2026-07-31 12:31:08] [INFO] [EasyAIStudio] GET /api/gallery/db08a2f1721b496baf54502fc9e9542c.png 200 1.86ms
[2026-07-31 12:31:08] [INFO] [EasyAIStudio] GET /api/gallery/526867194fd640a9b4042cc32588838b.png 200 1.93ms
[2026-07-31 12:31:08] [INFO] [EasyAIStudio] GET /api/gallery/0d1f6dea9bed4dae8d026897d2590e6e.png 200 2.12ms
[2026-07-31 12:31:24] [INFO] [EasyAIStudio] GET /api/gallery 200 5.87ms
[2026-07-31 12:31:24] [INFO] [EasyAIStudio] GET /api/gallery/dec2f35506c142a18ae6c8f1dacec0b9.png 200 2.70ms
[2026-07-31 12:31:24] [INFO] [EasyAIStudio] GET /api/gallery/db08a2f1721b496baf54502fc9e9542c.png 200 2.78ms
[2026-07-31 12:31:24] [INFO] [EasyAIStudio] GET /api/gallery/0d1f6dea9bed4dae8d026897d2590e6e.png 200 2.91ms
[2026-07-31 12:31:24] [INFO] [EasyAIStudio] GET /api/gallery/526867194fd640a9b4042cc32588838b.png 200 1.55ms
[2026-07-31 12:34:44] [INFO] [EasyAIStudio] GET /api/gallery 200 6.40ms
[2026-07-31 12:34:44] [INFO] [EasyAIStudio] GET /api/gallery/dec2f35506c142a18ae6c8f1dacec0b9.png 200 2.82ms
[2026-07-31 12:34:44] [INFO] [EasyAIStudio] GET /api/gallery/db08a2f1721b496baf54502fc9e9542c.png 200 2.16ms
[2026-07-31 12:34:44] [INFO] [EasyAIStudio] GET /api/gallery/0d1f6dea9bed4dae8d026897d2590e6e.png 200 3.14ms
[2026-07-31 12:34:44] [INFO] [EasyAIStudio] GET /api/gallery/526867194fd640a9b4042cc32588838b.png 200 2.29ms
[2026-07-31 12:34:47] [INFO] [EasyAIStudio] GET /api/gallery 200 5.92ms
[2026-07-31 12:34:47] [INFO] [EasyAIStudio] GET /api/gallery/dec2f35506c142a18ae6c8f1dacec0b9.png 200 1.49ms
[2026-07-31 12:34:47] [INFO] [EasyAIStudio] GET /api/gallery/db08a2f1721b496baf54502fc9e9542c.png 200 3.34ms
[2026-07-31 12:34:47] [INFO] [EasyAIStudio] GET /api/gallery/0d1f6dea9bed4dae8d026897d2590e6e.png 200 2.70ms
[2026-07-31 12:34:47] [INFO] [EasyAIStudio] GET /api/gallery/526867194fd640a9b4042cc32588838b.png 200 2.13ms
[2026-07-31 12:34:48] [INFO] [EasyAIStudio] GET /api/gallery 200 6.04ms
[2026-07-31 12:34:48] [INFO] [EasyAIStudio] GET /api/gallery/dec2f35506c142a18ae6c8f1dacec0b9.png 200 2.68ms
[2026-07-31 12:34:48] [INFO] [EasyAIStudio] GET /api/gallery/db08a2f1721b496baf54502fc9e9542c.png 200 3.41ms
[2026-07-31 12:34:48] [INFO] [EasyAIStudio] GET /api/gallery/526867194fd640a9b4042cc32588838b.png 200 2.76ms
[2026-07-31 12:34:48] [INFO] [EasyAIStudio] GET /api/gallery/0d1f6dea9bed4dae8d026897d2590e6e.png 200 2.86ms
[2026-07-31 12:34:49] [INFO] [EasyAIStudio] GET /api/gallery 200 6.05ms
[2026-07-31 12:34:49] [INFO] [EasyAIStudio] GET /api/gallery/dec2f35506c142a18ae6c8f1dacec0b9.png 200 3.30ms
[2026-07-31 12:34:49] [INFO] [EasyAIStudio] GET /api/gallery/db08a2f1721b496baf54502fc9e9542c.png 200 3.18ms
[2026-07-31 12:34:49] [INFO] [EasyAIStudio] GET /api/gallery/0d1f6dea9bed4dae8d026897d2590e6e.png 200 2.73ms
[2026-07-31 12:34:49] [INFO] [EasyAIStudio] GET /api/gallery/526867194fd640a9b4042cc32588838b.png 200 2.57ms
[2026-07-31 12:52:49] [INFO] [EasyAIStudio] GET /api/gallery 200 6.49ms
[2026-07-31 12:52:49] [INFO] [EasyAIStudio] GET /api/gallery/dec2f35506c142a18ae6c8f1dacec0b9.png 200 2.79ms
[2026-07-31 12:52:49] [INFO] [EasyAIStudio] GET /api/gallery/db08a2f1721b496baf54502fc9e9542c.png 200 2.33ms
[2026-07-31 12:52:49] [INFO] [EasyAIStudio] GET /api/gallery/0d1f6dea9bed4dae8d026897d2590e6e.png 200 2.67ms
[2026-07-31 12:52:49] [INFO] [EasyAIStudio] GET /api/gallery/526867194fd640a9b4042cc32588838b.png 200 1.98ms
[2026-07-31 12:52:51] [INFO] [EasyAIStudio] GET /api/gallery 200 6.00ms
[2026-07-31 12:52:51] [INFO] [EasyAIStudio] GET /api/gallery/dec2f35506c142a18ae6c8f1dacec0b9.png 200 3.63ms
[2026-07-31 12:52:51] [INFO] [EasyAIStudio] GET /api/gallery/db08a2f1721b496baf54502fc9e9542c.png 200 3.70ms
[2026-07-31 12:52:51] [INFO] [EasyAIStudio] GET /api/gallery/0d1f6dea9bed4dae8d026897d2590e6e.png 200 2.66ms
[2026-07-31 12:52:51] [INFO] [EasyAIStudio] GET /api/gallery/526867194fd640a9b4042cc32588838b.png 200 2.90ms
[2026-08-01 13:30:35] [INFO] [EasyAIStudio] Logger initialized.
[2026-08-01 13:30:35] [INFO] [EasyAIStudio] Bootstrap completed.
[2026-08-01 13:30:35] [INFO] [EasyAIStudio] Providers : 4
[2026-08-01 13:30:35] [INFO] [EasyAIStudio] Models    : 2
[2026-08-01 13:30:35] [INFO] [EasyAIStudio] Services  : 10
[2026-08-01 13:30:50] [INFO] [EasyAIStudio] GET /api/gallery 200 47.06ms
[2026-08-01 13:30:50] [INFO] [EasyAIStudio] GET /api/gallery/db08a2f1721b496baf54502fc9e9542c.png 200 31.24ms
[2026-08-01 13:30:50] [INFO] [EasyAIStudio] GET /api/gallery/dec2f35506c142a18ae6c8f1dacec0b9.png 200 31.41ms
[2026-08-01 13:30:50] [INFO] [EasyAIStudio] GET /api/gallery/0d1f6dea9bed4dae8d026897d2590e6e.png 200 2.66ms
[2026-08-01 13:30:50] [INFO] [EasyAIStudio] GET /api/gallery/526867194fd640a9b4042cc32588838b.png 200 2.93ms
[2026-08-01 13:31:05] [INFO] [EasyAIStudio] GET /api/gallery 200 4.23ms
[2026-08-01 13:31:07] [INFO] [EasyAIStudio] GET /api/gallery 200 5.64ms
[2026-08-01 13:32:46] [INFO] [EasyAIStudio] Logger initialized.
[2026-08-01 13:32:46] [INFO] [EasyAIStudio] Bootstrap completed.
[2026-08-01 13:32:46] [INFO] [EasyAIStudio] Providers : 4
[2026-08-01 13:32:46] [INFO] [EasyAIStudio] Models    : 2
[2026-08-01 13:32:46] [INFO] [EasyAIStudio] Services  : 10
[2026-08-01 13:33:22] [INFO] [EasyAIStudio] GET /api/gallery 200 13.40ms
[2026-08-01 13:47:12] [INFO] [EasyAIStudio] GET /api/gallery 200 7.17ms
[2026-08-01 13:47:13] [INFO] [EasyAIStudio] GET /api/gallery 200 6.09ms
[2026-08-01 13:52:22] [INFO] [EasyAIStudio] GET /api/gallery 200 6.56ms
[2026-08-01 13:52:24] [INFO] [EasyAIStudio] GET /api/gallery 200 6.42ms
[2026-08-01 13:52:30] [INFO] [EasyAIStudio] GET /api/gallery 200 6.28ms
[2026-08-01 13:52:38] [INFO] [EasyAIStudio] GET /api/gallery 200 5.80ms
[2026-08-01 13:52:41] [INFO] [EasyAIStudio] GET /api/gallery 200 5.54ms
[2026-08-01 13:52:47] [INFO] [EasyAIStudio] GET /api/gallery 200 6.11ms
[2026-08-01 13:53:20] [INFO] [EasyAIStudio] GET /api/gallery 200 6.60ms
[2026-08-01 13:53:53] [INFO] [EasyAIStudio] GET /api/gallery 200 5.82ms
[2026-08-01 14:42:08] [INFO] [EasyAIStudio] GET /api/gallery 200 73.56ms
[2026-08-01 14:42:36] [INFO] [EasyAIStudio] GET /api/gallery 200 6.06ms
[2026-08-01 14:58:54] [INFO] [EasyAIStudio] GET /api/gallery 200 6.19ms
[2026-08-01 17:13:17] [INFO] [EasyAIStudio] GET /api/gallery 200 13.54ms
[2026-08-01 17:13:22] [INFO] [EasyAIStudio] GET /api/gallery 200 7.99ms
[2026-08-01 18:48:13] [INFO] [EasyAIStudio] GET /api/gallery 200 6.88ms
[2026-08-01 18:49:33] [INFO] [EasyAIStudio] GET /api/gallery 200 10.16ms
[2026-08-01 19:26:13] [INFO] [EasyAIStudio] GET /api/gallery 200 8.07ms
[2026-08-02 14:57:07] [INFO] [EasyAIStudio] Logger initialized.
[2026-08-02 14:57:07] [INFO] [EasyAIStudio] Bootstrap completed.
[2026-08-02 14:57:07] [INFO] [EasyAIStudio] Providers : 4
[2026-08-02 14:57:07] [INFO] [EasyAIStudio] Models    : 2
[2026-08-02 14:57:07] [INFO] [EasyAIStudio] Services  : 10
[2026-08-02 14:57:27] [INFO] [EasyAIStudio] GET /api/gallery 200 46.44ms
[2026-08-02 14:57:27] [INFO] [EasyAIStudio] GET /api/gallery/dec2f35506c142a18ae6c8f1dacec0b9.png 200 34.55ms
[2026-08-02 14:57:27] [INFO] [EasyAIStudio] GET /api/gallery/0d1f6dea9bed4dae8d026897d2590e6e.png 200 4.42ms
[2026-08-02 14:57:27] [INFO] [EasyAIStudio] GET /api/gallery/db08a2f1721b496baf54502fc9e9542c.png 200 4.55ms
[2026-08-02 14:57:27] [INFO] [EasyAIStudio] GET /api/gallery/526867194fd640a9b4042cc32588838b.png 200 4.77ms
[2026-08-02 15:50:15] [INFO] [EasyAIStudio] GET /api/gallery 200 7.12ms
[2026-08-02 15:50:34] [INFO] [EasyAIStudio] GET /api/gallery 200 5.44ms
[2026-08-02 15:50:36] [INFO] [EasyAIStudio] GET /api/gallery 200 5.65ms
[2026-08-02 16:35:16] [INFO] [EasyAIStudio] GET /api/gallery 200 6.78ms
[2026-08-02 16:51:22] [INFO] [EasyAIStudio] GET /api/gallery 200 31.48ms
[2026-08-02 16:51:25] [INFO] [EasyAIStudio] GET /api/gallery 200 5.64ms
[2026-08-02 16:51:27] [INFO] [EasyAIStudio] GET /api/gallery 200 6.45ms
[2026-08-02 16:51:29] [INFO] [EasyAIStudio] GET /api/gallery 200 5.98ms
[2026-08-02 20:44:21] [INFO] [EasyAIStudio] GET /api/gallery 200 9.43ms
[2026-08-02 20:44:23] [INFO] [EasyAIStudio] GET /api/gallery 200 5.54ms
[2026-08-02 20:44:38] [INFO] [EasyAIStudio] GET /api/gallery 200 5.71ms
[2026-08-02 20:44:39] [INFO] [EasyAIStudio] GET /api/gallery 200 6.02ms
[2026-08-02 20:47:55] [INFO] [EasyAIStudio] GET /api/gallery 200 14.38ms
[2026-08-02 20:47:56] [INFO] [EasyAIStudio] GET /api/gallery 200 34.89ms
[2026-08-02 20:47:56] [INFO] [EasyAIStudio] GET /api/gallery 200 6.01ms
[2026-08-02 20:47:59] [INFO] [EasyAIStudio] GET /api/gallery 200 7.29ms
[2026-08-02 20:48:05] [INFO] [EasyAIStudio] GET /api/gallery 200 5.05ms
[2026-08-02 21:04:23] [INFO] [EasyAIStudio] GET /api/gallery 200 5.59ms
[2026-08-02 21:04:27] [INFO] [EasyAIStudio] GET /api/gallery 200 6.04ms
[2026-08-02 21:04:30] [INFO] [EasyAIStudio] GET /api/gallery 200 5.43ms
[2026-08-02 21:04:51] [INFO] [EasyAIStudio] GET /api/gallery 200 5.73ms
[2026-08-02 21:04:54] [INFO] [EasyAIStudio] GET /api/gallery 200 5.92ms
[2026-08-02 21:14:24] [INFO] [EasyAIStudio] GET /api/gallery 200 6.33ms
[2026-08-02 21:14:29] [INFO] [EasyAIStudio] GET /api/gallery 200 5.95ms
[2026-08-02 21:14:38] [INFO] [EasyAIStudio] GET /api/gallery 200 5.33ms
[2026-08-02 21:16:14] [INFO] [EasyAIStudio] GET /api/gallery 200 5.75ms
[2026-08-02 21:16:25] [INFO] [EasyAIStudio] GET /api/gallery 200 6.88ms
[2026-08-02 21:16:28] [INFO] [EasyAIStudio] GET /api/gallery 200 21.44ms
[2026-08-02 21:16:31] [INFO] [EasyAIStudio] GET /api/gallery 200 8.00ms
[2026-08-02 21:16:51] [INFO] [EasyAIStudio] GET /api/gallery 200 6.38ms
[2026-08-02 21:17:22] [INFO] [EasyAIStudio] GET /api/gallery 200 6.42ms
[2026-08-02 21:17:24] [INFO] [EasyAIStudio] GET /api/gallery 200 5.84ms
[2026-08-02 21:17:25] [INFO] [EasyAIStudio] GET /api/gallery 200 6.58ms
[2026-08-02 21:18:00] [INFO] [EasyAIStudio] GET /api/gallery 200 5.92ms
[2026-08-02 21:18:02] [INFO] [EasyAIStudio] GET /api/gallery 200 5.81ms
[2026-08-02 21:30:13] [INFO] [EasyAIStudio] GET /api/gallery 200 5.72ms
[2026-08-02 21:30:14] [INFO] [EasyAIStudio] GET /api/gallery 200 5.54ms
[2026-08-02 21:30:32] [INFO] [EasyAIStudio] GET /api/gallery 200 5.37ms
[2026-08-02 21:30:38] [INFO] [EasyAIStudio] GET /api/gallery 200 5.34ms
[2026-08-02 21:30:43] [INFO] [EasyAIStudio] GET /api/gallery 200 5.17ms
[2026-08-02 21:30:44] [INFO] [EasyAIStudio] GET /api/gallery 200 6.28ms
[2026-08-02 21:30:47] [INFO] [EasyAIStudio] GET /api/gallery 200 5.96ms
[2026-08-02 21:30:49] [INFO] [EasyAIStudio] GET /api/gallery 200 5.38ms
[2026-08-02 21:30:52] [INFO] [EasyAIStudio] GET /api/gallery 200 5.80ms
[2026-08-02 21:30:53] [INFO] [EasyAIStudio] GET /api/gallery 200 6.06ms
[2026-08-02 21:31:55] [INFO] [EasyAIStudio] GET /api/gallery 200 5.17ms
[2026-08-02 21:31:57] [INFO] [EasyAIStudio] GET /api/gallery 200 6.26ms
[2026-08-02 21:32:01] [INFO] [EasyAIStudio] GET /api/gallery 200 5.97ms
[2026-08-02 21:32:12] [INFO] [EasyAIStudio] GET /api/gallery 200 6.02ms
[2026-08-03 19:39:15] [INFO] [EasyAIStudio] Logger initialized.
[2026-08-03 19:39:15] [INFO] [EasyAIStudio] Bootstrap completed.
[2026-08-03 19:39:15] [INFO] [EasyAIStudio] Providers : 4
[2026-08-03 19:39:15] [INFO] [EasyAIStudio] Models    : 2
[2026-08-03 19:39:15] [INFO] [EasyAIStudio] Services  : 10
[2026-08-03 19:39:34] [INFO] [EasyAIStudio] GET /api/gallery 200 45.85ms
[2026-08-03 19:39:34] [INFO] [EasyAIStudio] GET /api/gallery/dec2f35506c142a18ae6c8f1dacec0b9.png 200 40.82ms
[2026-08-03 19:39:34] [INFO] [EasyAIStudio] GET /api/gallery/db08a2f1721b496baf54502fc9e9542c.png 200 4.52ms
[2026-08-03 19:39:34] [INFO] [EasyAIStudio] GET /api/gallery/0d1f6dea9bed4dae8d026897d2590e6e.png 200 4.75ms
[2026-08-03 19:39:34] [INFO] [EasyAIStudio] GET /api/gallery/526867194fd640a9b4042cc32588838b.png 200 2.55ms
[2026-08-03 19:40:47] [INFO] [EasyAIStudio] GET /api/gallery 200 5.51ms
[2026-08-03 19:40:50] [INFO] [EasyAIStudio] GET /api/gallery 200 6.40ms
[2026-08-03 19:48:31] [INFO] [EasyAIStudio] GET /api/gallery 200 58.12ms
[2026-08-04 17:58:58] [INFO] [EasyAIStudio] Logger initialized.
[2026-08-04 17:58:58] [INFO] [EasyAIStudio] Bootstrap completed.
[2026-08-04 17:58:58] [INFO] [EasyAIStudio] Providers : 4
[2026-08-04 17:58:58] [INFO] [EasyAIStudio] Models    : 2
[2026-08-04 17:58:58] [INFO] [EasyAIStudio] Services  : 10
[2026-08-04 17:59:31] [INFO] [EasyAIStudio] GET /api/gallery 200 41.66ms
[2026-08-04 17:59:31] [INFO] [EasyAIStudio] GET /api/gallery/dec2f35506c142a18ae6c8f1dacec0b9.png 200 28.93ms
[2026-08-04 17:59:31] [INFO] [EasyAIStudio] GET /api/gallery/0d1f6dea9bed4dae8d026897d2590e6e.png 200 3.02ms
[2026-08-04 17:59:31] [INFO] [EasyAIStudio] GET /api/gallery/526867194fd640a9b4042cc32588838b.png 200 3.15ms
[2026-08-04 17:59:31] [INFO] [EasyAIStudio] GET /api/gallery/db08a2f1721b496baf54502fc9e9542c.png 200 3.35ms
[2026-08-04 18:00:01] [INFO] [EasyAIStudio] GET /api/gallery 200 9.33ms
[2026-08-04 18:00:02] [INFO] [EasyAIStudio] GET /api/gallery 200 5.03ms
[2026-08-04 18:18:11] [INFO] [EasyAIStudio] GET /api/gallery 200 11.98ms
[2026-08-04 21:41:11] [INFO] [EasyAIStudio] GET /api/gallery 200 7.59ms
[2026-08-04 21:41:15] [INFO] [EasyAIStudio] GET /api/gallery 200 5.87ms
[2026-08-05 10:41:45] [INFO] [EasyAIStudio] Logger initialized.
[2026-08-05 10:41:45] [INFO] [EasyAIStudio] Bootstrap completed.
[2026-08-05 10:41:45] [INFO] [EasyAIStudio] Providers : 4
[2026-08-05 10:41:45] [INFO] [EasyAIStudio] Models    : 2
[2026-08-05 10:41:45] [INFO] [EasyAIStudio] Services  : 10
[2026-08-05 10:42:16] [INFO] [EasyAIStudio] GET /api/gallery 200 45.57ms
[2026-08-05 10:42:16] [INFO] [EasyAIStudio] GET /api/gallery/dec2f35506c142a18ae6c8f1dacec0b9.png 200 30.83ms
[2026-08-05 10:42:16] [INFO] [EasyAIStudio] GET /api/gallery/db08a2f1721b496baf54502fc9e9542c.png 200 3.31ms
[2026-08-05 10:42:24] [INFO] [EasyAIStudio] GET /api/gallery 200 5.84ms
[2026-08-06 09:53:11] [INFO] [EasyAIStudio] Logger initialized.
[2026-08-06 09:53:11] [INFO] [EasyAIStudio] Bootstrap completed.
[2026-08-06 09:53:11] [INFO] [EasyAIStudio] Providers : 4
[2026-08-06 09:53:11] [INFO] [EasyAIStudio] Models    : 2
[2026-08-06 09:53:11] [INFO] [EasyAIStudio] Services  : 10
[2026-08-06 16:13:25] [INFO] [EasyAIStudio] Logger initialized.
[2026-08-06 16:13:25] [INFO] [EasyAIStudio] Bootstrap completed.
[2026-08-06 16:13:25] [INFO] [EasyAIStudio] Providers : 4
[2026-08-06 16:13:25] [INFO] [EasyAIStudio] Models    : 2
[2026-08-06 16:13:25] [INFO] [EasyAIStudio] Services  : 10
[2026-08-06 17:42:52] [INFO] [EasyAIStudio] Logger initialized.
[2026-08-06 17:42:52] [INFO] [EasyAIStudio] Bootstrap completed.
[2026-08-06 17:42:52] [INFO] [EasyAIStudio] Providers : 4
[2026-08-06 17:42:52] [INFO] [EasyAIStudio] Models    : 2
[2026-08-06 17:42:52] [INFO] [EasyAIStudio] Services  : 10
[2026-08-06 17:46:17] [INFO] [EasyAIStudio] Logger initialized.
[2026-08-06 17:46:17] [INFO] [EasyAIStudio] Bootstrap completed.
[2026-08-06 17:46:17] [INFO] [EasyAIStudio] Providers : 4
[2026-08-06 17:46:17] [INFO] [EasyAIStudio] Models    : 2
[2026-08-06 17:46:17] [INFO] [EasyAIStudio] Services  : 10
[2026-08-06 17:49:59] [INFO] [EasyAIStudio] Logger initialized.
[2026-08-06 17:49:59] [INFO] [EasyAIStudio] Bootstrap completed.
[2026-08-06 17:49:59] [INFO] [EasyAIStudio] Providers : 4
[2026-08-06 17:49:59] [INFO] [EasyAIStudio] Models    : 2
[2026-08-06 17:49:59] [INFO] [EasyAIStudio] Services  : 10
[2026-08-06 17:51:22] [INFO] [EasyAIStudio] Logger initialized.
[2026-08-06 17:51:22] [INFO] [EasyAIStudio] Bootstrap completed.
[2026-08-06 17:51:22] [INFO] [EasyAIStudio] Providers : 4
[2026-08-06 17:51:22] [INFO] [EasyAIStudio] Models    : 2
[2026-08-06 17:51:22] [INFO] [EasyAIStudio] Services  : 10
[2026-08-06 17:58:43] [INFO] [EasyAIStudio] Logger initialized.
[2026-08-06 17:58:43] [INFO] [EasyAIStudio] Bootstrap completed.
[2026-08-06 17:58:43] [INFO] [EasyAIStudio] Providers : 4
[2026-08-06 17:58:43] [INFO] [EasyAIStudio] Models    : 2
[2026-08-06 17:58:43] [INFO] [EasyAIStudio] Services  : 10
[2026-08-06 18:00:56] [INFO] [EasyAIStudio] Logger initialized.
[2026-08-06 18:00:56] [INFO] [EasyAIStudio] Bootstrap completed.
[2026-08-06 18:00:56] [INFO] [EasyAIStudio] Providers : 4
[2026-08-06 18:00:56] [INFO] [EasyAIStudio] Models    : 2
[2026-08-06 18:00:56] [INFO] [EasyAIStudio] Services  : 10
[2026-08-06 18:01:24] [INFO] [EasyAIStudio] Logger initialized.
[2026-08-06 18:01:24] [INFO] [EasyAIStudio] Bootstrap completed.
[2026-08-06 18:01:24] [INFO] [EasyAIStudio] Providers : 4
[2026-08-06 18:01:24] [INFO] [EasyAIStudio] Models    : 2
[2026-08-06 18:01:24] [INFO] [EasyAIStudio] Services  : 10
[2026-08-06 18:01:42] [INFO] [EasyAIStudio] Logger initialized.
[2026-08-06 18:01:42] [INFO] [EasyAIStudio] Bootstrap completed.
[2026-08-06 18:01:42] [INFO] [EasyAIStudio] Providers : 4
[2026-08-06 18:01:42] [INFO] [EasyAIStudio] Models    : 2
[2026-08-06 18:01:42] [INFO] [EasyAIStudio] Services  : 10
[2026-08-06 18:01:55] [INFO] [EasyAIStudio] Logger initialized.
[2026-08-06 18:01:55] [INFO] [EasyAIStudio] Bootstrap completed.
[2026-08-06 18:01:55] [INFO] [EasyAIStudio] Providers : 4
[2026-08-06 18:01:55] [INFO] [EasyAIStudio] Models    : 2
[2026-08-06 18:01:55] [INFO] [EasyAIStudio] Services  : 10
[2026-08-06 18:08:49] [INFO] [EasyAIStudio] Logger initialized.
[2026-08-06 18:08:49] [INFO] [EasyAIStudio] Bootstrap completed.
[2026-08-06 18:08:49] [INFO] [EasyAIStudio] Providers : 4
[2026-08-06 18:08:49] [INFO] [EasyAIStudio] Models    : 2
[2026-08-06 18:08:49] [INFO] [EasyAIStudio] Services  : 10
[2026-08-06 18:10:32] [INFO] [EasyAIStudio] Logger initialized.
[2026-08-06 18:10:32] [INFO] [EasyAIStudio] Bootstrap completed.
[2026-08-06 18:10:32] [INFO] [EasyAIStudio] Providers : 4
[2026-08-06 18:10:32] [INFO] [EasyAIStudio] Models    : 2
[2026-08-06 18:10:32] [INFO] [EasyAIStudio] Services  : 10
[2026-08-06 18:59:16] [INFO] [EasyAIStudio] Logger initialized.
[2026-08-06 18:59:16] [INFO] [EasyAIStudio] Bootstrap completed.
[2026-08-06 18:59:16] [INFO] [EasyAIStudio] Providers : 4
[2026-08-06 18:59:16] [INFO] [EasyAIStudio] Models    : 2
[2026-08-06 18:59:16] [INFO] [EasyAIStudio] Services  : 10
[2026-08-06 18:59:59] [INFO] [EasyAIStudio] Logger initialized.
[2026-08-06 18:59:59] [INFO] [EasyAIStudio] Bootstrap completed.
[2026-08-06 19:00:00] [INFO] [EasyAIStudio] Providers : 4
[2026-08-06 19:00:00] [INFO] [EasyAIStudio] Models    : 2
[2026-08-06 19:00:00] [INFO] [EasyAIStudio] Services  : 10
[2026-08-06 19:01:47] [INFO] [EasyAIStudio] Logger initialized.
[2026-08-06 19:01:47] [INFO] [EasyAIStudio] Bootstrap completed.
[2026-08-06 19:01:47] [INFO] [EasyAIStudio] Providers : 4
[2026-08-06 19:01:47] [INFO] [EasyAIStudio] Models    : 2
[2026-08-06 19:01:47] [INFO] [EasyAIStudio] Services  : 10
[2026-08-06 19:02:23] [INFO] [EasyAIStudio] Logger initialized.
[2026-08-06 19:02:23] [INFO] [EasyAIStudio] Bootstrap completed.
[2026-08-06 19:02:23] [INFO] [EasyAIStudio] Providers : 4
[2026-08-06 19:02:23] [INFO] [EasyAIStudio] Models    : 2
[2026-08-06 19:02:23] [INFO] [EasyAIStudio] Services  : 10
[2026-08-06 19:04:27] [INFO] [EasyAIStudio] Logger initialized.
[2026-08-06 19:04:27] [INFO] [EasyAIStudio] Bootstrap completed.
[2026-08-06 19:04:27] [INFO] [EasyAIStudio] Providers : 4
[2026-08-06 19:04:27] [INFO] [EasyAIStudio] Models    : 2
[2026-08-06 19:04:27] [INFO] [EasyAIStudio] Services  : 10
[2026-08-06 19:04:57] [INFO] [EasyAIStudio] Logger initialized.
[2026-08-06 19:04:58] [INFO] [EasyAIStudio] Bootstrap completed.
[2026-08-06 19:04:58] [INFO] [EasyAIStudio] Providers : 4
[2026-08-06 19:04:58] [INFO] [EasyAIStudio] Models    : 2
[2026-08-06 19:04:58] [INFO] [EasyAIStudio] Services  : 10
[2026-08-06 19:06:55] [INFO] [EasyAIStudio] Logger initialized.
[2026-08-06 19:06:55] [INFO] [EasyAIStudio] Bootstrap completed.
[2026-08-06 19:06:55] [INFO] [EasyAIStudio] Providers : 4
[2026-08-06 19:06:55] [INFO] [EasyAIStudio] Models    : 2
[2026-08-06 19:06:55] [INFO] [EasyAIStudio] Services  : 10
[2026-08-06 19:07:42] [INFO] [EasyAIStudio] Logger initialized.
[2026-08-06 19:07:42] [INFO] [EasyAIStudio] Bootstrap completed.
[2026-08-06 19:07:42] [INFO] [EasyAIStudio] Providers : 4
[2026-08-06 19:07:42] [INFO] [EasyAIStudio] Models    : 2
[2026-08-06 19:07:42] [INFO] [EasyAIStudio] Services  : 10
[2026-08-06 19:08:42] [INFO] [EasyAIStudio] Logger initialized.
[2026-08-06 19:08:42] [INFO] [EasyAIStudio] Bootstrap completed.
[2026-08-06 19:08:42] [INFO] [EasyAIStudio] Providers : 4
[2026-08-06 19:08:42] [INFO] [EasyAIStudio] Models    : 2
[2026-08-06 19:08:42] [INFO] [EasyAIStudio] Services  : 10
[2026-08-06 19:09:17] [INFO] [EasyAIStudio] Logger initialized.
[2026-08-06 19:09:17] [INFO] [EasyAIStudio] Bootstrap completed.
[2026-08-06 19:09:17] [INFO] [EasyAIStudio] Providers : 4
[2026-08-06 19:09:17] [INFO] [EasyAIStudio] Models    : 2
[2026-08-06 19:09:17] [INFO] [EasyAIStudio] Services  : 10
[2026-08-06 19:11:04] [INFO] [EasyAIStudio] Logger initialized.
[2026-08-06 19:11:04] [INFO] [EasyAIStudio] Bootstrap completed.
[2026-08-06 19:11:04] [INFO] [EasyAIStudio] Providers : 4
[2026-08-06 19:11:04] [INFO] [EasyAIStudio] Models    : 2
[2026-08-06 19:11:04] [INFO] [EasyAIStudio] Services  : 10
[2026-08-06 19:11:40] [INFO] [EasyAIStudio] Logger initialized.
[2026-08-06 19:11:40] [INFO] [EasyAIStudio] Bootstrap completed.
[2026-08-06 19:11:40] [INFO] [EasyAIStudio] Providers : 4
[2026-08-06 19:11:40] [INFO] [EasyAIStudio] Models    : 2
[2026-08-06 19:11:40] [INFO] [EasyAIStudio] Services  : 10
[2026-08-06 19:13:49] [INFO] [EasyAIStudio] Logger initialized.
[2026-08-06 19:13:49] [INFO] [EasyAIStudio] Bootstrap completed.
[2026-08-06 19:13:49] [INFO] [EasyAIStudio] Providers : 4
[2026-08-06 19:13:49] [INFO] [EasyAIStudio] Models    : 2
[2026-08-06 19:13:49] [INFO] [EasyAIStudio] Services  : 10
[2026-08-06 19:15:00] [INFO] [EasyAIStudio] Logger initialized.
[2026-08-06 19:15:00] [INFO] [EasyAIStudio] Bootstrap completed.
[2026-08-06 19:15:00] [INFO] [EasyAIStudio] Providers : 4
[2026-08-06 19:15:00] [INFO] [EasyAIStudio] Models    : 2
[2026-08-06 19:15:00] [INFO] [EasyAIStudio] Services  : 10
[2026-08-06 19:16:49] [INFO] [EasyAIStudio] Logger initialized.
[2026-08-06 19:16:49] [INFO] [EasyAIStudio] Bootstrap completed.
[2026-08-06 19:16:49] [INFO] [EasyAIStudio] Providers : 4
[2026-08-06 19:16:49] [INFO] [EasyAIStudio] Models    : 2
[2026-08-06 19:16:49] [INFO] [EasyAIStudio] Services  : 10
[2026-08-07 00:43:41] [INFO] [EasyAIStudio] Logger initialized.
[2026-08-07 00:43:41] [INFO] [EasyAIStudio] Bootstrap completed.
[2026-08-07 00:43:41] [INFO] [EasyAIStudio] Providers : 4
[2026-08-07 00:43:41] [INFO] [EasyAIStudio] Models    : 2
[2026-08-07 00:43:41] [INFO] [EasyAIStudio] Services  : 10
[2026-08-07 01:06:18] [INFO] [EasyAIStudio] Logger initialized.
[2026-08-07 01:06:18] [INFO] [EasyAIStudio] Bootstrap completed.
[2026-08-07 01:06:18] [INFO] [EasyAIStudio] Providers : 4
[2026-08-07 01:06:18] [INFO] [EasyAIStudio] Models    : 2
[2026-08-07 01:06:18] [INFO] [EasyAIStudio] Services  : 10
[2026-08-07 01:11:51] [INFO] [EasyAIStudio] Logger initialized.
[2026-08-07 01:11:51] [INFO] [EasyAIStudio] Bootstrap completed.
[2026-08-07 01:11:51] [INFO] [EasyAIStudio] Providers : 4
[2026-08-07 01:11:51] [INFO] [EasyAIStudio] Models    : 2
[2026-08-07 01:11:51] [INFO] [EasyAIStudio] Services  : 10
[2026-08-07 01:16:07] [INFO] [EasyAIStudio] Logger initialized.
[2026-08-07 01:16:07] [INFO] [EasyAIStudio] Bootstrap completed.
[2026-08-07 01:16:07] [INFO] [EasyAIStudio] Providers : 4
[2026-08-07 01:16:07] [INFO] [EasyAIStudio] Models    : 2
[2026-08-07 01:16:07] [INFO] [EasyAIStudio] Services  : 10
[2026-08-07 01:24:33] [INFO] [EasyAIStudio] Logger initialized.
[2026-08-07 01:24:33] [INFO] [EasyAIStudio] Bootstrap completed.
[2026-08-07 01:24:33] [INFO] [EasyAIStudio] Providers : 4
[2026-08-07 01:24:33] [INFO] [EasyAIStudio] Models    : 2
[2026-08-07 01:24:33] [INFO] [EasyAIStudio] Services  : 10
[2026-08-07 01:30:53] [INFO] [EasyAIStudio] Logger initialized.
[2026-08-07 01:30:53] [INFO] [EasyAIStudio] Bootstrap completed.
[2026-08-07 01:30:53] [INFO] [EasyAIStudio] Providers : 4
[2026-08-07 01:30:53] [INFO] [EasyAIStudio] Models    : 2
[2026-08-07 01:30:53] [INFO] [EasyAIStudio] Services  : 10
[2026-08-07 01:32:03] [INFO] [EasyAIStudio] Logger initialized.
[2026-08-07 01:32:03] [INFO] [EasyAIStudio] Bootstrap completed.
[2026-08-07 01:32:03] [INFO] [EasyAIStudio] Providers : 4
[2026-08-07 01:32:03] [INFO] [EasyAIStudio] Models    : 2
[2026-08-07 01:32:03] [INFO] [EasyAIStudio] Services  : 10
[2026-08-07 01:32:10] [INFO] [EasyAIStudio] Logger initialized.
[2026-08-07 01:32:10] [INFO] [EasyAIStudio] Bootstrap completed.
[2026-08-07 01:32:10] [INFO] [EasyAIStudio] Providers : 4
[2026-08-07 01:32:10] [INFO] [EasyAIStudio] Models    : 2
[2026-08-07 01:32:10] [INFO] [EasyAIStudio] Services  : 10
[2026-08-07 01:32:41] [INFO] [EasyAIStudio] Logger initialized.
[2026-08-07 01:32:41] [INFO] [EasyAIStudio] Bootstrap completed.
[2026-08-07 01:32:41] [INFO] [EasyAIStudio] Providers : 4
[2026-08-07 01:32:41] [INFO] [EasyAIStudio] Models    : 2
[2026-08-07 01:32:41] [INFO] [EasyAIStudio] Services  : 10
[2026-08-07 01:33:05] [INFO] [EasyAIStudio] Logger initialized.
[2026-08-07 01:33:05] [INFO] [EasyAIStudio] Bootstrap completed.
[2026-08-07 01:33:05] [INFO] [EasyAIStudio] Providers : 4
[2026-08-07 01:33:05] [INFO] [EasyAIStudio] Models    : 2
[2026-08-07 01:33:05] [INFO] [EasyAIStudio] Services  : 10
[2026-08-07 01:33:29] [INFO] [EasyAIStudio] Logger initialized.
[2026-08-07 01:33:29] [INFO] [EasyAIStudio] Bootstrap completed.
[2026-08-07 01:33:29] [INFO] [EasyAIStudio] Providers : 4
[2026-08-07 01:33:29] [INFO] [EasyAIStudio] Models    : 2
[2026-08-07 01:33:29] [INFO] [EasyAIStudio] Services  : 10
[2026-08-07 01:33:42] [INFO] [EasyAIStudio] Logger initialized.
[2026-08-07 01:33:42] [INFO] [EasyAIStudio] Bootstrap completed.
[2026-08-07 01:33:42] [INFO] [EasyAIStudio] Providers : 4
[2026-08-07 01:33:42] [INFO] [EasyAIStudio] Models    : 2
[2026-08-07 01:33:42] [INFO] [EasyAIStudio] Services  : 10
[2026-08-07 01:34:48] [INFO] [EasyAIStudio] Logger initialized.
[2026-08-07 01:34:48] [INFO] [EasyAIStudio] Bootstrap completed.
[2026-08-07 01:34:48] [INFO] [EasyAIStudio] Providers : 4
[2026-08-07 01:34:48] [INFO] [EasyAIStudio] Models    : 2
[2026-08-07 01:34:48] [INFO] [EasyAIStudio] Services  : 10
[2026-08-07 01:47:58] [INFO] [EasyAIStudio] Logger initialized.
[2026-08-07 01:47:58] [INFO] [EasyAIStudio] Bootstrap completed.
[2026-08-07 01:47:58] [INFO] [EasyAIStudio] Providers : 4
[2026-08-07 01:47:58] [INFO] [EasyAIStudio] Models    : 2
[2026-08-07 01:47:58] [INFO] [EasyAIStudio] Services  : 10
[2026-08-07 01:48:14] [INFO] [EasyAIStudio] Logger initialized.
[2026-08-07 01:48:14] [INFO] [EasyAIStudio] Bootstrap completed.
[2026-08-07 01:48:14] [INFO] [EasyAIStudio] Providers : 4
[2026-08-07 01:48:14] [INFO] [EasyAIStudio] Models    : 2
[2026-08-07 01:48:14] [INFO] [EasyAIStudio] Services  : 10
[2026-08-07 01:49:01] [INFO] [EasyAIStudio] Logger initialized.
[2026-08-07 01:49:01] [INFO] [EasyAIStudio] Bootstrap completed.
[2026-08-07 01:49:01] [INFO] [EasyAIStudio] Providers : 4
[2026-08-07 01:49:01] [INFO] [EasyAIStudio] Models    : 2
[2026-08-07 01:49:01] [INFO] [EasyAIStudio] Services  : 10
[2026-08-07 01:49:13] [INFO] [EasyAIStudio] Logger initialized.
[2026-08-07 01:49:13] [INFO] [EasyAIStudio] Bootstrap completed.
[2026-08-07 01:49:13] [INFO] [EasyAIStudio] Providers : 4
[2026-08-07 01:49:13] [INFO] [EasyAIStudio] Models    : 2
[2026-08-07 01:49:13] [INFO] [EasyAIStudio] Services  : 10
[2026-08-07 01:50:49] [INFO] [EasyAIStudio] Logger initialized.
[2026-08-07 01:50:49] [INFO] [EasyAIStudio] Bootstrap completed.
[2026-08-07 01:50:49] [INFO] [EasyAIStudio] Providers : 4
[2026-08-07 01:50:49] [INFO] [EasyAIStudio] Models    : 2
[2026-08-07 01:50:49] [INFO] [EasyAIStudio] Services  : 10
[2026-08-07 01:55:21] [INFO] [EasyAIStudio] Logger initialized.
[2026-08-07 01:55:21] [INFO] [EasyAIStudio] Bootstrap completed.
[2026-08-07 01:55:21] [INFO] [EasyAIStudio] Providers : 4
[2026-08-07 01:55:21] [INFO] [EasyAIStudio] Models    : 2
[2026-08-07 01:55:21] [INFO] [EasyAIStudio] Services  : 10
[2026-08-07 01:55:36] [INFO] [EasyAIStudio] Logger initialized.
[2026-08-07 01:55:36] [INFO] [EasyAIStudio] Bootstrap completed.
[2026-08-07 01:55:36] [INFO] [EasyAIStudio] Providers : 4
[2026-08-07 01:55:36] [INFO] [EasyAIStudio] Models    : 2
[2026-08-07 01:55:36] [INFO] [EasyAIStudio] Services  : 10
[2026-08-07 01:56:10] [INFO] [EasyAIStudio] Logger initialized.
[2026-08-07 01:56:10] [INFO] [EasyAIStudio] Bootstrap completed.
[2026-08-07 01:56:10] [INFO] [EasyAIStudio] Providers : 4
[2026-08-07 01:56:10] [INFO] [EasyAIStudio] Models    : 2
[2026-08-07 01:56:10] [INFO] [EasyAIStudio] Services  : 10
[2026-08-07 01:56:26] [INFO] [EasyAIStudio] Logger initialized.
[2026-08-07 01:56:26] [INFO] [EasyAIStudio] Bootstrap completed.
[2026-08-07 01:56:26] [INFO] [EasyAIStudio] Providers : 4
[2026-08-07 01:56:26] [INFO] [EasyAIStudio] Models    : 2
[2026-08-07 01:56:26] [INFO] [EasyAIStudio] Services  : 10
[2026-08-07 01:58:31] [INFO] [EasyAIStudio] Logger initialized.
[2026-08-07 01:58:31] [INFO] [EasyAIStudio] Bootstrap completed.
[2026-08-07 01:58:31] [INFO] [EasyAIStudio] Providers : 4
[2026-08-07 01:58:31] [INFO] [EasyAIStudio] Models    : 2
[2026-08-07 01:58:31] [INFO] [EasyAIStudio] Services  : 10
[2026-08-07 01:58:42] [INFO] [EasyAIStudio] Logger initialized.
[2026-08-07 01:58:42] [INFO] [EasyAIStudio] Bootstrap completed.
[2026-08-07 01:58:42] [INFO] [EasyAIStudio] Providers : 4
[2026-08-07 01:58:42] [INFO] [EasyAIStudio] Models    : 2
[2026-08-07 01:58:42] [INFO] [EasyAIStudio] Services  : 10
[2026-08-07 02:00:43] [INFO] [EasyAIStudio] Logger initialized.
[2026-08-07 02:00:43] [INFO] [EasyAIStudio] Bootstrap completed.
[2026-08-07 02:00:43] [INFO] [EasyAIStudio] Providers : 4
[2026-08-07 02:00:43] [INFO] [EasyAIStudio] Models    : 2
[2026-08-07 02:00:43] [INFO] [EasyAIStudio] Services  : 10
[2026-08-07 09:45:24] [INFO] [EasyAIStudio] Logger initialized.
[2026-08-07 09:45:24] [INFO] [EasyAIStudio] Bootstrap completed.
[2026-08-07 09:45:24] [INFO] [EasyAIStudio] Providers : 4
[2026-08-07 09:45:24] [INFO] [EasyAIStudio] Models    : 2
[2026-08-07 09:45:24] [INFO] [EasyAIStudio] Services  : 10
[2026-08-07 09:49:55] [INFO] [EasyAIStudio] GET /docs 200 0.21ms
[2026-08-07 09:49:55] [INFO] [EasyAIStudio] GET /openapi.json 200 22.46ms
[2026-08-07 09:50:09] [INFO] [EasyAIStudio] GET /docs 200 0.25ms
[2026-08-07 09:50:09] [INFO] [EasyAIStudio] GET /openapi.json 200 0.58ms
[2026-08-07 09:50:21] [INFO] [EasyAIStudio] GET /docs 200 0.16ms
[2026-08-07 09:50:22] [INFO] [EasyAIStudio] GET /openapi.json 200 0.45ms
[2026-08-07 09:57:03] [ERROR] [EasyAIStudio] Unhandled Exception
[2026-08-07 09:57:03] [ERROR] [EasyAIStudio] Provider 'comfyui' not found.
[2026-08-07 09:57:03] [ERROR] [EasyAIStudio]   + Exception Group Traceback (most recent call last):
  |   File "C:\Users\murat\AppData\Local\Programs\Python\Python312\Lib\site-packages\starlette\_utils.py", line 85, in create_collapsing_task_group
  |     async with anyio.create_task_group() as tg:
  |                ^^^^^^^^^^^^^^^^^^^^^^^^^
  |   File "C:\Users\murat\AppData\Local\Programs\Python\Python312\Lib\site-packages\anyio\_backends\_asyncio.py", line 799, in __aexit__
  |     raise BaseExceptionGroup(
  | ExceptionGroup: unhandled errors in a TaskGroup (1 sub-exception)
  +-+---------------- 1 ----------------
    | Traceback (most recent call last):
    |   File "C:\Users\murat\Desktop\EasyAIStudio\backend\middleware\error_handler.py", line 22, in dispatch
    |     return await call_next(request)
    |            ^^^^^^^^^^^^^^^^^^^^^^^^
    |   File "C:\Users\murat\AppData\Local\Programs\Python\Python312\Lib\site-packages\starlette\middleware\base.py", line 168, in call_next
    |     raise app_exc from app_exc.__cause__ or app_exc.__context__
    |   File "C:\Users\murat\AppData\Local\Programs\Python\Python312\Lib\site-packages\starlette\middleware\base.py", line 144, in coro
    |     await self.app(scope, receive_or_disconnect, send_no_error)
    |   File "C:\Users\murat\AppData\Local\Programs\Python\Python312\Lib\site-packages\starlette\middleware\base.py", line 193, in __call__
    |     response = await self.dispatch_func(request, call_next)
    |                ^^^^^^^^^^^^^^^^^^^^^^^^^^^^^^^^^^^^^^^^^^^^
    |   File "C:\Users\murat\Desktop\EasyAIStudio\backend\middleware\request_logger.py", line 21, in dispatch
    |     response = await call_next(request)
    |                ^^^^^^^^^^^^^^^^^^^^^^^^
    |   File "C:\Users\murat\AppData\Local\Programs\Python\Python312\Lib\site-packages\starlette\middleware\base.py", line 168, in call_next
    |     raise app_exc from app_exc.__cause__ or app_exc.__context__
    |   File "C:\Users\murat\AppData\Local\Programs\Python\Python312\Lib\site-packages\starlette\middleware\base.py", line 144, in coro
    |     await self.app(scope, receive_or_disconnect, send_no_error)
    |   File "C:\Users\murat\AppData\Local\Programs\Python\Python312\Lib\site-packages\starlette\middleware\cors.py", line 96, in __call__
    |     await self.simple_response(scope, receive, send, request_headers=headers)
    |   File "C:\Users\murat\AppData\Local\Programs\Python\Python312\Lib\site-packages\starlette\middleware\cors.py", line 154, in simple_response
    |     await self.app(scope, receive, send)
    |   File "C:\Users\murat\AppData\Local\Programs\Python\Python312\Lib\site-packages\starlette\middleware\exceptions.py", line 63, in __call__
    |     await wrap_app_handling_exceptions(self.app, conn)(scope, receive, send)
    |   File "C:\Users\murat\AppData\Local\Programs\Python\Python312\Lib\site-packages\starlette\_exception_handler.py", line 53, in wrapped_app
    |     raise exc
    |   File "C:\Users\murat\AppData\Local\Programs\Python\Python312\Lib\site-packages\starlette\_exception_handler.py", line 42, in wrapped_app
    |     await app(scope, receive, sender)
    |   File "C:\Users\murat\AppData\Local\Programs\Python\Python312\Lib\site-packages\fastapi\middleware\asyncexitstack.py", line 18, in __call__
    |     await self.app(scope, receive, send)
    |   File "C:\Users\murat\AppData\Local\Programs\Python\Python312\Lib\site-packages\starlette\routing.py", line 660, in __call__
    |     await self.middleware_stack(scope, receive, send)
    |   File "C:\Users\murat\AppData\Local\Programs\Python\Python312\Lib\site-packages\fastapi\routing.py", line 2683, in app
    |     await route.handle(scope, receive, send)
    |   File "C:\Users\murat\AppData\Local\Programs\Python\Python312\Lib\site-packages\fastapi\routing.py", line 1753, in handle
    |     await self.original_router.handle(scope, receive, send)
    |   File "C:\Users\murat\AppData\Local\Programs\Python\Python312\Lib\site-packages\fastapi\routing.py", line 2738, in handle
    |     await included_router._handle_selected(scope, receive, send)
    |   File "C:\Users\murat\AppData\Local\Programs\Python\Python312\Lib\site-packages\fastapi\routing.py", line 1764, in _handle_selected
    |     await route.handle(scope, receive, send)
    |   File "C:\Users\murat\AppData\Local\Programs\Python\Python312\Lib\site-packages\fastapi\routing.py", line 1753, in handle
    |     await self.original_router.handle(scope, receive, send)
    |   File "C:\Users\murat\AppData\Local\Programs\Python\Python312\Lib\site-packages\fastapi\routing.py", line 2738, in handle
    |     await included_router._handle_selected(scope, receive, send)
    |   File "C:\Users\murat\AppData\Local\Programs\Python\Python312\Lib\site-packages\fastapi\routing.py", line 1773, in _handle_selected
    |     await original_route.handle(scope, receive, send)
    |   File "C:\Users\murat\AppData\Local\Programs\Python\Python312\Lib\site-packages\fastapi\routing.py", line 1264, in handle
    |     await app(scope, receive, send)
    |   File "C:\Users\murat\AppData\Local\Programs\Python\Python312\Lib\site-packages\fastapi\routing.py", line 150, in app
    |     await wrap_app_handling_exceptions(app, request)(scope, receive, send)
    |   File "C:\Users\murat\AppData\Local\Programs\Python\Python312\Lib\site-packages\starlette\_exception_handler.py", line 53, in wrapped_app
    |     raise exc
    |   File "C:\Users\murat\AppData\Local\Programs\Python\Python312\Lib\site-packages\starlette\_exception_handler.py", line 42, in wrapped_app
    |     await app(scope, receive, sender)
    |   File "C:\Users\murat\AppData\Local\Programs\Python\Python312\Lib\site-packages\fastapi\routing.py", line 136, in app
    |     response = await f(request)
    |                ^^^^^^^^^^^^^^^^
    |   File "C:\Users\murat\AppData\Local\Programs\Python\Python312\Lib\site-packages\fastapi\routing.py", line 690, in app
    |     raw_response = await run_endpoint_function(
    |                    ^^^^^^^^^^^^^^^^^^^^^^^^^^^^
    |   File "C:\Users\murat\AppData\Local\Programs\Python\Python312\Lib\site-packages\fastapi\routing.py", line 344, in run_endpoint_function
    |     return await dependant.call(**values)
    |            ^^^^^^^^^^^^^^^^^^^^^^^^^^^^^^
    |   File "C:\Users\murat\Desktop\EasyAIStudio\backend\api\endpoints\images.py", line 30, in generate_image
    |     result = await image_service.generate(request)
    |              ^^^^^^^^^^^^^^^^^^^^^^^^^^^^^^^^^^^^^
    |   File "C:\Users\murat\Desktop\EasyAIStudio\backend\services\image_service.py", line 24, in generate
    |     provider = provider_service.manager().get(
    |                ^^^^^^^^^^^^^^^^^^^^^^^^^^^^^^^
    |   File "C:\Users\murat\Desktop\EasyAIStudio\backend\providers\provider_manager.py", line 67, in get
    |     raise ValueError(
    | ValueError: Provider 'comfyui' not found.
    +------------------------------------

The above exception was the direct cause of the following exception:

Traceback (most recent call last):
  File "C:\Users\murat\Desktop\EasyAIStudio\backend\middleware\error_handler.py", line 22, in dispatch
    return await call_next(request)
           ^^^^^^^^^^^^^^^^^^^^^^^^
  File "C:\Users\murat\AppData\Local\Programs\Python\Python312\Lib\site-packages\starlette\middleware\base.py", line 168, in call_next
    raise app_exc from app_exc.__cause__ or app_exc.__context__
  File "C:\Users\murat\AppData\Local\Programs\Python\Python312\Lib\site-packages\starlette\middleware\base.py", line 144, in coro
    await self.app(scope, receive_or_disconnect, send_no_error)
  File "C:\Users\murat\AppData\Local\Programs\Python\Python312\Lib\site-packages\starlette\middleware\base.py", line 193, in __call__
    response = await self.dispatch_func(request, call_next)
               ^^^^^^^^^^^^^^^^^^^^^^^^^^^^^^^^^^^^^^^^^^^^
  File "C:\Users\murat\Desktop\EasyAIStudio\backend\middleware\request_logger.py", line 21, in dispatch
    response = await call_next(request)
               ^^^^^^^^^^^^^^^^^^^^^^^^
  File "C:\Users\murat\AppData\Local\Programs\Python\Python312\Lib\site-packages\starlette\middleware\base.py", line 168, in call_next
    raise app_exc from app_exc.__cause__ or app_exc.__context__
  File "C:\Users\murat\AppData\Local\Programs\Python\Python312\Lib\site-packages\starlette\middleware\base.py", line 144, in coro
    await self.app(scope, receive_or_disconnect, send_no_error)
  File "C:\Users\murat\AppData\Local\Programs\Python\Python312\Lib\site-packages\starlette\middleware\cors.py", line 96, in __call__
    await self.simple_response(scope, receive, send, request_headers=headers)
  File "C:\Users\murat\AppData\Local\Programs\Python\Python312\Lib\site-packages\starlette\middleware\cors.py", line 154, in simple_response
    await self.app(scope, receive, send)
  File "C:\Users\murat\AppData\Local\Programs\Python\Python312\Lib\site-packages\starlette\middleware\exceptions.py", line 63, in __call__
    await wrap_app_handling_exceptions(self.app, conn)(scope, receive, send)
  File "C:\Users\murat\AppData\Local\Programs\Python\Python312\Lib\site-packages\starlette\_exception_handler.py", line 53, in wrapped_app
    raise exc
  File "C:\Users\murat\AppData\Local\Programs\Python\Python312\Lib\site-packages\starlette\_exception_handler.py", line 42, in wrapped_app
    await app(scope, receive, sender)
  File "C:\Users\murat\AppData\Local\Programs\Python\Python312\Lib\site-packages\fastapi\middleware\asyncexitstack.py", line 18, in __call__
    await self.app(scope, receive, send)
  File "C:\Users\murat\AppData\Local\Programs\Python\Python312\Lib\site-packages\starlette\routing.py", line 660, in __call__
    await self.middleware_stack(scope, receive, send)
  File "C:\Users\murat\AppData\Local\Programs\Python\Python312\Lib\site-packages\fastapi\routing.py", line 2683, in app
    await route.handle(scope, receive, send)
  File "C:\Users\murat\AppData\Local\Programs\Python\Python312\Lib\site-packages\fastapi\routing.py", line 1753, in handle
    await self.original_router.handle(scope, receive, send)
  File "C:\Users\murat\AppData\Local\Programs\Python\Python312\Lib\site-packages\fastapi\routing.py", line 2738, in handle
    await included_router._handle_selected(scope, receive, send)
  File "C:\Users\murat\AppData\Local\Programs\Python\Python312\Lib\site-packages\fastapi\routing.py", line 1764, in _handle_selected
    await route.handle(scope, receive, send)
  File "C:\Users\murat\AppData\Local\Programs\Python\Python312\Lib\site-packages\fastapi\routing.py", line 1753, in handle
    await self.original_router.handle(scope, receive, send)
  File "C:\Users\murat\AppData\Local\Programs\Python\Python312\Lib\site-packages\fastapi\routing.py", line 2738, in handle
    await included_router._handle_selected(scope, receive, send)
  File "C:\Users\murat\AppData\Local\Programs\Python\Python312\Lib\site-packages\fastapi\routing.py", line 1773, in _handle_selected
    await original_route.handle(scope, receive, send)
  File "C:\Users\murat\AppData\Local\Programs\Python\Python312\Lib\site-packages\fastapi\routing.py", line 1264, in handle
    await app(scope, receive, send)
  File "C:\Users\murat\AppData\Local\Programs\Python\Python312\Lib\site-packages\fastapi\routing.py", line 150, in app
    await wrap_app_handling_exceptions(app, request)(scope, receive, send)
  File "C:\Users\murat\AppData\Local\Programs\Python\Python312\Lib\site-packages\starlette\_exception_handler.py", line 53, in wrapped_app
    raise exc
  File "C:\Users\murat\AppData\Local\Programs\Python\Python312\Lib\site-packages\starlette\_exception_handler.py", line 42, in wrapped_app
    await app(scope, receive, sender)
  File "C:\Users\murat\AppData\Local\Programs\Python\Python312\Lib\site-packages\fastapi\routing.py", line 136, in app
    response = await f(request)
               ^^^^^^^^^^^^^^^^
  File "C:\Users\murat\AppData\Local\Programs\Python\Python312\Lib\site-packages\fastapi\routing.py", line 690, in app
    raw_response = await run_endpoint_function(
                   ^^^^^^^^^^^^^^^^^^^^^^^^^^^^
  File "C:\Users\murat\AppData\Local\Programs\Python\Python312\Lib\site-packages\fastapi\routing.py", line 344, in run_endpoint_function
    return await dependant.call(**values)
           ^^^^^^^^^^^^^^^^^^^^^^^^^^^^^^
  File "C:\Users\murat\Desktop\EasyAIStudio\backend\api\endpoints\images.py", line 30, in generate_image
    result = await image_service.generate(request)
             ^^^^^^^^^^^^^^^^^^^^^^^^^^^^^^^^^^^^^
  File "C:\Users\murat\Desktop\EasyAIStudio\backend\services\image_service.py", line 24, in generate
    provider = provider_service.manager().get(
               ^^^^^^^^^^^^^^^^^^^^^^^^^^^^^^^
  File "C:\Users\murat\Desktop\EasyAIStudio\backend\providers\provider_manager.py", line 67, in get
    raise ValueError(
ValueError: Provider 'comfyui' not found.

[2026-08-07 10:03:08] [INFO] [EasyAIStudio] POST /api/images/generate 422 1.10ms
[2026-08-07 10:06:07] [INFO] [EasyAIStudio] GET /docs 200 0.37ms
[2026-08-07 10:06:07] [INFO] [EasyAIStudio] GET /openapi.json 200 0.50ms
[2026-08-07 10:06:36] [INFO] [EasyAIStudio] POST /api/images/generate 200 66483.82ms
[2026-08-07 10:07:30] [INFO] [EasyAIStudio] POST /api/images/generate 200 68509.87ms
[2026-08-07 16:40:24] [INFO] [EasyAIStudio] Logger initialized.
[2026-08-07 16:40:25] [INFO] [EasyAIStudio] Bootstrap completed.
[2026-08-07 16:40:25] [INFO] [EasyAIStudio] Providers : 4
[2026-08-07 16:40:25] [INFO] [EasyAIStudio] Models    : 2
[2026-08-07 16:40:25] [INFO] [EasyAIStudio] Services  : 10
[2026-08-07 18:02:37] [INFO] [EasyAIStudio] Logger initialized.
[2026-08-07 18:02:37] [INFO] [EasyAIStudio] Bootstrap completed.
[2026-08-07 18:02:37] [INFO] [EasyAIStudio] Providers : 4
[2026-08-07 18:02:37] [INFO] [EasyAIStudio] Models    : 2
[2026-08-07 18:02:37] [INFO] [EasyAIStudio] Services  : 10
[2026-08-07 21:41:00] [INFO] [EasyAIStudio] GET /api/gallery 200 139.81ms
[2026-08-07 21:41:00] [INFO] [EasyAIStudio] GET /api/gallery/7be6bc397be34bde9bfc1a26a30ff60e.png 200 44.06ms
[2026-08-07 21:41:00] [INFO] [EasyAIStudio] GET /api/gallery/bb4ec04be5ab4c89a5e00eee5d303f0d.png 200 8.69ms
[2026-08-07 21:41:00] [INFO] [EasyAIStudio] GET /api/gallery/0d1f6dea9bed4dae8d026897d2590e6e.png 200 8.86ms
[2026-08-07 21:41:00] [INFO] [EasyAIStudio] GET /api/gallery/526867194fd640a9b4042cc32588838b.png 200 9.02ms
[2026-08-07 21:41:00] [INFO] [EasyAIStudio] GET /api/gallery/dec2f35506c142a18ae6c8f1dacec0b9.png 200 9.16ms
[2026-08-07 21:41:00] [INFO] [EasyAIStudio] GET /api/gallery/db08a2f1721b496baf54502fc9e9542c.png 200 9.53ms
[2026-08-07 21:43:30] [INFO] [EasyAIStudio] GET /api/gallery 200 16.87ms
[2026-08-07 21:43:55] [INFO] [EasyAIStudio] GET /api/gallery 200 8.71ms
[2026-08-07 21:44:01] [INFO] [EasyAIStudio] GET /api/gallery 200 8.55ms
[2026-08-07 21:44:31] [INFO] [EasyAIStudio] GET /api/gallery 200 7.97ms
[2026-08-07 21:44:35] [INFO] [EasyAIStudio] GET /api/gallery 200 8.49ms
[2026-08-07 21:44:38] [INFO] [EasyAIStudio] GET /api/gallery 200 8.36ms
[2026-08-07 21:44:50] [INFO] [EasyAIStudio] GET /api/gallery 200 33.93ms
[2026-08-07 22:10:42] [INFO] [EasyAIStudio] GET /api/gallery 200 8.95ms
[2026-08-07 22:10:42] [INFO] [EasyAIStudio] GET /api/gallery/7be6bc397be34bde9bfc1a26a30ff60e.png 200 10.90ms
[2026-08-07 22:10:42] [INFO] [EasyAIStudio] GET /api/gallery/bb4ec04be5ab4c89a5e00eee5d303f0d.png 200 9.71ms
[2026-08-07 22:10:42] [INFO] [EasyAIStudio] GET /api/gallery/526867194fd640a9b4042cc32588838b.png 200 8.25ms
[2026-08-07 22:10:42] [INFO] [EasyAIStudio] GET /api/gallery/0d1f6dea9bed4dae8d026897d2590e6e.png 200 8.35ms
[2026-08-07 22:10:42] [INFO] [EasyAIStudio] GET /api/gallery/dec2f35506c142a18ae6c8f1dacec0b9.png 200 8.44ms
[2026-08-07 22:10:42] [INFO] [EasyAIStudio] GET /api/gallery/db08a2f1721b496baf54502fc9e9542c.png 200 8.46ms
[2026-08-07 22:15:38] [INFO] [EasyAIStudio] GET /api/gallery 200 9.62ms
[2026-08-07 22:15:40] [INFO] [EasyAIStudio] GET /api/gallery 200 7.43ms
[2026-08-08 04:10:32] [INFO] [EasyAIStudio] GET /api/gallery 200 38.56ms
[2026-08-08 04:10:32] [INFO] [EasyAIStudio] GET /api/gallery/7be6bc397be34bde9bfc1a26a30ff60e.png 200 5.07ms
[2026-08-08 04:10:32] [INFO] [EasyAIStudio] GET /api/gallery/bb4ec04be5ab4c89a5e00eee5d303f0d.png 200 2.20ms
[2026-08-08 04:13:33] [INFO] [EasyAIStudio] GET /api/gallery 200 6.82ms
[2026-08-08 04:14:17] [INFO] [EasyAIStudio] GET /api/gallery 200 18.08ms
[2026-08-08 09:27:31] [INFO] [EasyAIStudio] Logger initialized.
[2026-08-08 09:27:31] [INFO] [EasyAIStudio] Bootstrap completed.
[2026-08-08 09:27:31] [INFO] [EasyAIStudio] Providers : 4
[2026-08-08 09:27:31] [INFO] [EasyAIStudio] Models    : 2
[2026-08-08 09:27:31] [INFO] [EasyAIStudio] Services  : 10
[2026-08-08 09:28:04] [INFO] [EasyAIStudio] GET /api/gallery 200 58.99ms
[2026-08-08 09:28:04] [INFO] [EasyAIStudio] GET /api/gallery/7be6bc397be34bde9bfc1a26a30ff60e.png 200 33.81ms
[2026-08-08 09:28:04] [INFO] [EasyAIStudio] GET /api/gallery/bb4ec04be5ab4c89a5e00eee5d303f0d.png 200 2.03ms
[2026-08-08 09:35:55] [INFO] [EasyAIStudio] GET /api/gallery 200 35.88ms
[2026-08-08 09:46:56] [INFO] [EasyAIStudio] GET /api/gallery 200 7.84ms
[2026-08-08 09:46:59] [INFO] [EasyAIStudio] GET /api/gallery 200 7.51ms
[2026-08-09 00:45:46] [INFO] [EasyAIStudio] Logger initialized.
[2026-08-09 00:45:46] [INFO] [EasyAIStudio] Bootstrap completed.
[2026-08-09 00:45:46] [INFO] [EasyAIStudio] Providers : 4
[2026-08-09 00:45:46] [INFO] [EasyAIStudio] Models    : 2
[2026-08-09 00:45:46] [INFO] [EasyAIStudio] Services  : 10
[2026-08-09 00:46:11] [INFO] [EasyAIStudio] GET /api/gallery 200 106.70ms
[2026-08-09 00:46:11] [INFO] [EasyAIStudio] GET /api/gallery/7be6bc397be34bde9bfc1a26a30ff60e.png 200 26.40ms
[2026-08-09 00:46:11] [INFO] [EasyAIStudio] GET /api/gallery/db08a2f1721b496baf54502fc9e9542c.png 200 5.36ms
[2026-08-09 00:46:11] [INFO] [EasyAIStudio] GET /api/gallery/0d1f6dea9bed4dae8d026897d2590e6e.png 200 5.45ms
[2026-08-09 00:46:11] [INFO] [EasyAIStudio] GET /api/gallery/dec2f35506c142a18ae6c8f1dacec0b9.png 200 5.56ms
[2026-08-09 00:46:11] [INFO] [EasyAIStudio] GET /api/gallery/bb4ec04be5ab4c89a5e00eee5d303f0d.png 200 5.67ms
[2026-08-09 00:46:11] [INFO] [EasyAIStudio] GET /api/gallery/526867194fd640a9b4042cc32588838b.png 200 5.86ms
[2026-08-09 10:19:10] [INFO] [EasyAIStudio] Logger initialized.
[2026-08-09 10:19:10] [INFO] [EasyAIStudio] Bootstrap completed.
[2026-08-09 10:19:10] [INFO] [EasyAIStudio] Providers : 4
[2026-08-09 10:19:10] [INFO] [EasyAIStudio] Models    : 2
[2026-08-09 10:19:10] [INFO] [EasyAIStudio] Services  : 10
[2026-08-09 10:19:40] [INFO] [EasyAIStudio] GET /api/gallery 200 53.93ms
[2026-08-09 10:19:40] [INFO] [EasyAIStudio] GET /api/gallery/7be6bc397be34bde9bfc1a26a30ff60e.png 200 30.54ms
[2026-08-09 10:19:40] [INFO] [EasyAIStudio] GET /api/gallery/bb4ec04be5ab4c89a5e00eee5d303f0d.png 200 1.93ms
[2026-08-09 10:57:10] [INFO] [EasyAIStudio] GET /api/gallery 200 50.26ms
[2026-08-09 10:57:11] [INFO] [EasyAIStudio] GET /api/gallery 200 7.60ms
[2026-08-09 11:52:35] [INFO] [EasyAIStudio] Logger initialized.
[2026-08-09 11:52:35] [INFO] [EasyAIStudio] Bootstrap completed.
[2026-08-09 11:52:35] [INFO] [EasyAIStudio] Providers : 4
[2026-08-09 11:52:35] [INFO] [EasyAIStudio] Models    : 2
[2026-08-09 11:52:35] [INFO] [EasyAIStudio] Services  : 10
[2026-08-09 12:00:24] [INFO] [EasyAIStudio] Logger initialized.
[2026-08-09 12:00:24] [INFO] [EasyAIStudio] Bootstrap completed.
[2026-08-09 12:00:24] [INFO] [EasyAIStudio] Providers : 4
[2026-08-09 12:00:24] [INFO] [EasyAIStudio] Models    : 2
[2026-08-09 12:00:24] [INFO] [EasyAIStudio] Services  : 10
[2026-08-09 12:00:47] [INFO] [EasyAIStudio] GET /api/gallery 200 26.83ms
[2026-08-09 12:00:49] [INFO] [EasyAIStudio] GET /api/gallery 200 7.64ms
[2026-08-09 12:03:18] [INFO] [EasyAIStudio] Logger initialized.
[2026-08-09 12:03:18] [INFO] [EasyAIStudio] Bootstrap completed.
[2026-08-09 12:03:18] [INFO] [EasyAIStudio] Providers : 4
[2026-08-09 12:03:18] [INFO] [EasyAIStudio] Models    : 2
[2026-08-09 12:03:18] [INFO] [EasyAIStudio] Services  : 10
[2026-08-09 12:05:14] [INFO] [EasyAIStudio] OPTIONS /api/chat/ 200 0.11ms
[2026-08-09 12:05:37] [INFO] [EasyAIStudio] POST /api/chat/ 200 23411.85ms
[2026-08-09 12:09:54] [INFO] [EasyAIStudio] GET /docs 200 0.45ms
[2026-08-09 12:09:54] [INFO] [EasyAIStudio] GET /openapi.json 200 33.87ms
[2026-08-09 12:12:29] [INFO] [EasyAIStudio] GET /api/status/ 200 145.68ms
[2026-08-09 12:13:57] [INFO] [EasyAIStudio] GET /api/providers/ 200 11.34ms
[2026-08-09 12:15:43] [INFO] [EasyAIStudio] GET /api/models/ 200 9.77ms
[2026-08-09 12:25:56] [INFO] [EasyAIStudio] GET /api/chat/ 200 0.59ms
[2026-08-09 12:30:50] [ERROR] [EasyAIStudio] Unhandled Exception
[2026-08-09 12:30:50] [ERROR] [EasyAIStudio] Provider 'ollama' not found.
[2026-08-09 12:30:50] [ERROR] [EasyAIStudio]   + Exception Group Traceback (most recent call last):
  |   File "C:\Users\murat\AppData\Local\Programs\Python\Python312\Lib\site-packages\starlette\_utils.py", line 85, in create_collapsing_task_group
  |     async with anyio.create_task_group() as tg:
  |                ^^^^^^^^^^^^^^^^^^^^^^^^^
  |   File "C:\Users\murat\AppData\Local\Programs\Python\Python312\Lib\site-packages\anyio\_backends\_asyncio.py", line 799, in __aexit__
  |     raise BaseExceptionGroup(
  | ExceptionGroup: unhandled errors in a TaskGroup (1 sub-exception)
  +-+---------------- 1 ----------------
    | Traceback (most recent call last):
    |   File "C:\Users\murat\Desktop\EasyAIStudio\backend\middleware\error_handler.py", line 22, in dispatch
    |     return await call_next(request)
    |            ^^^^^^^^^^^^^^^^^^^^^^^^
    |   File "C:\Users\murat\AppData\Local\Programs\Python\Python312\Lib\site-packages\starlette\middleware\base.py", line 168, in call_next
    |     raise app_exc from app_exc.__cause__ or app_exc.__context__
    |   File "C:\Users\murat\AppData\Local\Programs\Python\Python312\Lib\site-packages\starlette\middleware\base.py", line 144, in coro
    |     await self.app(scope, receive_or_disconnect, send_no_error)
    |   File "C:\Users\murat\AppData\Local\Programs\Python\Python312\Lib\site-packages\starlette\middleware\base.py", line 193, in __call__
    |     response = await self.dispatch_func(request, call_next)
    |                ^^^^^^^^^^^^^^^^^^^^^^^^^^^^^^^^^^^^^^^^^^^^
    |   File "C:\Users\murat\Desktop\EasyAIStudio\backend\middleware\request_logger.py", line 21, in dispatch
    |     response = await call_next(request)
    |                ^^^^^^^^^^^^^^^^^^^^^^^^
    |   File "C:\Users\murat\AppData\Local\Programs\Python\Python312\Lib\site-packages\starlette\middleware\base.py", line 168, in call_next
    |     raise app_exc from app_exc.__cause__ or app_exc.__context__
    |   File "C:\Users\murat\AppData\Local\Programs\Python\Python312\Lib\site-packages\starlette\middleware\base.py", line 144, in coro
    |     await self.app(scope, receive_or_disconnect, send_no_error)
    |   File "C:\Users\murat\AppData\Local\Programs\Python\Python312\Lib\site-packages\starlette\middleware\cors.py", line 96, in __call__
    |     await self.simple_response(scope, receive, send, request_headers=headers)
    |   File "C:\Users\murat\AppData\Local\Programs\Python\Python312\Lib\site-packages\starlette\middleware\cors.py", line 154, in simple_response
    |     await self.app(scope, receive, send)
    |   File "C:\Users\murat\AppData\Local\Programs\Python\Python312\Lib\site-packages\starlette\middleware\exceptions.py", line 63, in __call__
    |     await wrap_app_handling_exceptions(self.app, conn)(scope, receive, send)
    |   File "C:\Users\murat\AppData\Local\Programs\Python\Python312\Lib\site-packages\starlette\_exception_handler.py", line 53, in wrapped_app
    |     raise exc
    |   File "C:\Users\murat\AppData\Local\Programs\Python\Python312\Lib\site-packages\starlette\_exception_handler.py", line 42, in wrapped_app
    |     await app(scope, receive, sender)
    |   File "C:\Users\murat\AppData\Local\Programs\Python\Python312\Lib\site-packages\fastapi\middleware\asyncexitstack.py", line 18, in __call__
    |     await self.app(scope, receive, send)
    |   File "C:\Users\murat\AppData\Local\Programs\Python\Python312\Lib\site-packages\starlette\routing.py", line 660, in __call__
    |     await self.middleware_stack(scope, receive, send)
    |   File "C:\Users\murat\AppData\Local\Programs\Python\Python312\Lib\site-packages\fastapi\routing.py", line 2683, in app
    |     await route.handle(scope, receive, send)
    |   File "C:\Users\murat\AppData\Local\Programs\Python\Python312\Lib\site-packages\fastapi\routing.py", line 1753, in handle
    |     await self.original_router.handle(scope, receive, send)
    |   File "C:\Users\murat\AppData\Local\Programs\Python\Python312\Lib\site-packages\fastapi\routing.py", line 2738, in handle
    |     await included_router._handle_selected(scope, receive, send)
    |   File "C:\Users\murat\AppData\Local\Programs\Python\Python312\Lib\site-packages\fastapi\routing.py", line 1764, in _handle_selected
    |     await route.handle(scope, receive, send)
    |   File "C:\Users\murat\AppData\Local\Programs\Python\Python312\Lib\site-packages\fastapi\routing.py", line 1753, in handle
    |     await self.original_router.handle(scope, receive, send)
    |   File "C:\Users\murat\AppData\Local\Programs\Python\Python312\Lib\site-packages\fastapi\routing.py", line 2738, in handle
    |     await included_router._handle_selected(scope, receive, send)
    |   File "C:\Users\murat\AppData\Local\Programs\Python\Python312\Lib\site-packages\fastapi\routing.py", line 1773, in _handle_selected
    |     await original_route.handle(scope, receive, send)
    |   File "C:\Users\murat\AppData\Local\Programs\Python\Python312\Lib\site-packages\fastapi\routing.py", line 1264, in handle
    |     await app(scope, receive, send)
    |   File "C:\Users\murat\AppData\Local\Programs\Python\Python312\Lib\site-packages\fastapi\routing.py", line 150, in app
    |     await wrap_app_handling_exceptions(app, request)(scope, receive, send)
    |   File "C:\Users\murat\AppData\Local\Programs\Python\Python312\Lib\site-packages\starlette\_exception_handler.py", line 53, in wrapped_app
    |     raise exc
    |   File "C:\Users\murat\AppData\Local\Programs\Python\Python312\Lib\site-packages\starlette\_exception_handler.py", line 42, in wrapped_app
    |     await app(scope, receive, sender)
    |   File "C:\Users\murat\AppData\Local\Programs\Python\Python312\Lib\site-packages\fastapi\routing.py", line 136, in app
    |     response = await f(request)
    |                ^^^^^^^^^^^^^^^^
    |   File "C:\Users\murat\AppData\Local\Programs\Python\Python312\Lib\site-packages\fastapi\routing.py", line 690, in app
    |     raw_response = await run_endpoint_function(
    |                    ^^^^^^^^^^^^^^^^^^^^^^^^^^^^
    |   File "C:\Users\murat\AppData\Local\Programs\Python\Python312\Lib\site-packages\fastapi\routing.py", line 344, in run_endpoint_function
    |     return await dependant.call(**values)
    |            ^^^^^^^^^^^^^^^^^^^^^^^^^^^^^^
    |   File "C:\Users\murat\Desktop\EasyAIStudio\backend\api\endpoints\chat.py", line 68, in send_message
    |     provider = provider_service.manager().get(provider_name)
    |                ^^^^^^^^^^^^^^^^^^^^^^^^^^^^^^^^^^^^^^^^^^^^^
    |   File "C:\Users\murat\Desktop\EasyAIStudio\backend\providers\provider_manager.py", line 36, in get
    |     raise ValueError(f"Provider '{provider_name}' not found.")
    | ValueError: Provider 'ollama' not found.
    +------------------------------------

The above exception was the direct cause of the following exception:

Traceback (most recent call last):
  File "C:\Users\murat\Desktop\EasyAIStudio\backend\middleware\error_handler.py", line 22, in dispatch
    return await call_next(request)
           ^^^^^^^^^^^^^^^^^^^^^^^^
  File "C:\Users\murat\AppData\Local\Programs\Python\Python312\Lib\site-packages\starlette\middleware\base.py", line 168, in call_next
    raise app_exc from app_exc.__cause__ or app_exc.__context__
  File "C:\Users\murat\AppData\Local\Programs\Python\Python312\Lib\site-packages\starlette\middleware\base.py", line 144, in coro
    await self.app(scope, receive_or_disconnect, send_no_error)
  File "C:\Users\murat\AppData\Local\Programs\Python\Python312\Lib\site-packages\starlette\middleware\base.py", line 193, in __call__
    response = await self.dispatch_func(request, call_next)
               ^^^^^^^^^^^^^^^^^^^^^^^^^^^^^^^^^^^^^^^^^^^^
  File "C:\Users\murat\Desktop\EasyAIStudio\backend\middleware\request_logger.py", line 21, in dispatch
    response = await call_next(request)
               ^^^^^^^^^^^^^^^^^^^^^^^^
  File "C:\Users\murat\AppData\Local\Programs\Python\Python312\Lib\site-packages\starlette\middleware\base.py", line 168, in call_next
    raise app_exc from app_exc.__cause__ or app_exc.__context__
  File "C:\Users\murat\AppData\Local\Programs\Python\Python312\Lib\site-packages\starlette\middleware\base.py", line 144, in coro
    await self.app(scope, receive_or_disconnect, send_no_error)
  File "C:\Users\murat\AppData\Local\Programs\Python\Python312\Lib\site-packages\starlette\middleware\cors.py", line 96, in __call__
    await self.simple_response(scope, receive, send, request_headers=headers)
  File "C:\Users\murat\AppData\Local\Programs\Python\Python312\Lib\site-packages\starlette\middleware\cors.py", line 154, in simple_response
    await self.app(scope, receive, send)
  File "C:\Users\murat\AppData\Local\Programs\Python\Python312\Lib\site-packages\starlette\middleware\exceptions.py", line 63, in __call__
    await wrap_app_handling_exceptions(self.app, conn)(scope, receive, send)
  File "C:\Users\murat\AppData\Local\Programs\Python\Python312\Lib\site-packages\starlette\_exception_handler.py", line 53, in wrapped_app
    raise exc
  File "C:\Users\murat\AppData\Local\Programs\Python\Python312\Lib\site-packages\starlette\_exception_handler.py", line 42, in wrapped_app
    await app(scope, receive, sender)
  File "C:\Users\murat\AppData\Local\Programs\Python\Python312\Lib\site-packages\fastapi\middleware\asyncexitstack.py", line 18, in __call__
    await self.app(scope, receive, send)
  File "C:\Users\murat\AppData\Local\Programs\Python\Python312\Lib\site-packages\starlette\routing.py", line 660, in __call__
    await self.middleware_stack(scope, receive, send)
  File "C:\Users\murat\AppData\Local\Programs\Python\Python312\Lib\site-packages\fastapi\routing.py", line 2683, in app
    await route.handle(scope, receive, send)
  File "C:\Users\murat\AppData\Local\Programs\Python\Python312\Lib\site-packages\fastapi\routing.py", line 1753, in handle
    await self.original_router.handle(scope, receive, send)
  File "C:\Users\murat\AppData\Local\Programs\Python\Python312\Lib\site-packages\fastapi\routing.py", line 2738, in handle
    await included_router._handle_selected(scope, receive, send)
  File "C:\Users\murat\AppData\Local\Programs\Python\Python312\Lib\site-packages\fastapi\routing.py", line 1764, in _handle_selected
    await route.handle(scope, receive, send)
  File "C:\Users\murat\AppData\Local\Programs\Python\Python312\Lib\site-packages\fastapi\routing.py", line 1753, in handle
    await self.original_router.handle(scope, receive, send)
  File "C:\Users\murat\AppData\Local\Programs\Python\Python312\Lib\site-packages\fastapi\routing.py", line 2738, in handle
    await included_router._handle_selected(scope, receive, send)
  File "C:\Users\murat\AppData\Local\Programs\Python\Python312\Lib\site-packages\fastapi\routing.py", line 1773, in _handle_selected
    await original_route.handle(scope, receive, send)
  File "C:\Users\murat\AppData\Local\Programs\Python\Python312\Lib\site-packages\fastapi\routing.py", line 1264, in handle
    await app(scope, receive, send)
  File "C:\Users\murat\AppData\Local\Programs\Python\Python312\Lib\site-packages\fastapi\routing.py", line 150, in app
    await wrap_app_handling_exceptions(app, request)(scope, receive, send)
  File "C:\Users\murat\AppData\Local\Programs\Python\Python312\Lib\site-packages\starlette\_exception_handler.py", line 53, in wrapped_app
    raise exc
  File "C:\Users\murat\AppData\Local\Programs\Python\Python312\Lib\site-packages\starlette\_exception_handler.py", line 42, in wrapped_app
    await app(scope, receive, sender)
  File "C:\Users\murat\AppData\Local\Programs\Python\Python312\Lib\site-packages\fastapi\routing.py", line 136, in app
    response = await f(request)
               ^^^^^^^^^^^^^^^^
  File "C:\Users\murat\AppData\Local\Programs\Python\Python312\Lib\site-packages\fastapi\routing.py", line 690, in app
    raw_response = await run_endpoint_function(
                   ^^^^^^^^^^^^^^^^^^^^^^^^^^^^
  File "C:\Users\murat\AppData\Local\Programs\Python\Python312\Lib\site-packages\fastapi\routing.py", line 344, in run_endpoint_function
    return await dependant.call(**values)
           ^^^^^^^^^^^^^^^^^^^^^^^^^^^^^^
  File "C:\Users\murat\Desktop\EasyAIStudio\backend\api\endpoints\chat.py", line 68, in send_message
    provider = provider_service.manager().get(provider_name)
               ^^^^^^^^^^^^^^^^^^^^^^^^^^^^^^^^^^^^^^^^^^^^^
  File "C:\Users\murat\Desktop\EasyAIStudio\backend\providers\provider_manager.py", line 36, in get
    raise ValueError(f"Provider '{provider_name}' not found.")
ValueError: Provider 'ollama' not found.

[2026-08-09 12:32:04] [ERROR] [EasyAIStudio] Unhandled Exception
[2026-08-09 12:32:04] [ERROR] [EasyAIStudio] Provider 'ollama' not found.
[2026-08-09 12:32:04] [ERROR] [EasyAIStudio]   + Exception Group Traceback (most recent call last):
  |   File "C:\Users\murat\AppData\Local\Programs\Python\Python312\Lib\site-packages\starlette\_utils.py", line 85, in create_collapsing_task_group
  |     async with anyio.create_task_group() as tg:
  |                ^^^^^^^^^^^^^^^^^^^^^^^^^
  |   File "C:\Users\murat\AppData\Local\Programs\Python\Python312\Lib\site-packages\anyio\_backends\_asyncio.py", line 799, in __aexit__
  |     raise BaseExceptionGroup(
  | ExceptionGroup: unhandled errors in a TaskGroup (1 sub-exception)
  +-+---------------- 1 ----------------
    | Traceback (most recent call last):
    |   File "C:\Users\murat\Desktop\EasyAIStudio\backend\middleware\error_handler.py", line 22, in dispatch
    |     return await call_next(request)
    |            ^^^^^^^^^^^^^^^^^^^^^^^^
    |   File "C:\Users\murat\AppData\Local\Programs\Python\Python312\Lib\site-packages\starlette\middleware\base.py", line 168, in call_next
    |     raise app_exc from app_exc.__cause__ or app_exc.__context__
    |   File "C:\Users\murat\AppData\Local\Programs\Python\Python312\Lib\site-packages\starlette\middleware\base.py", line 144, in coro
    |     await self.app(scope, receive_or_disconnect, send_no_error)
    |   File "C:\Users\murat\AppData\Local\Programs\Python\Python312\Lib\site-packages\starlette\middleware\base.py", line 193, in __call__
    |     response = await self.dispatch_func(request, call_next)
    |                ^^^^^^^^^^^^^^^^^^^^^^^^^^^^^^^^^^^^^^^^^^^^
    |   File "C:\Users\murat\Desktop\EasyAIStudio\backend\middleware\request_logger.py", line 21, in dispatch
    |     response = await call_next(request)
    |                ^^^^^^^^^^^^^^^^^^^^^^^^
    |   File "C:\Users\murat\AppData\Local\Programs\Python\Python312\Lib\site-packages\starlette\middleware\base.py", line 168, in call_next
    |     raise app_exc from app_exc.__cause__ or app_exc.__context__
    |   File "C:\Users\murat\AppData\Local\Programs\Python\Python312\Lib\site-packages\starlette\middleware\base.py", line 144, in coro
    |     await self.app(scope, receive_or_disconnect, send_no_error)
    |   File "C:\Users\murat\AppData\Local\Programs\Python\Python312\Lib\site-packages\starlette\middleware\cors.py", line 96, in __call__
    |     await self.simple_response(scope, receive, send, request_headers=headers)
    |   File "C:\Users\murat\AppData\Local\Programs\Python\Python312\Lib\site-packages\starlette\middleware\cors.py", line 154, in simple_response
    |     await self.app(scope, receive, send)
    |   File "C:\Users\murat\AppData\Local\Programs\Python\Python312\Lib\site-packages\starlette\middleware\exceptions.py", line 63, in __call__
    |     await wrap_app_handling_exceptions(self.app, conn)(scope, receive, send)
    |   File "C:\Users\murat\AppData\Local\Programs\Python\Python312\Lib\site-packages\starlette\_exception_handler.py", line 53, in wrapped_app
    |     raise exc
    |   File "C:\Users\murat\AppData\Local\Programs\Python\Python312\Lib\site-packages\starlette\_exception_handler.py", line 42, in wrapped_app
    |     await app(scope, receive, sender)
    |   File "C:\Users\murat\AppData\Local\Programs\Python\Python312\Lib\site-packages\fastapi\middleware\asyncexitstack.py", line 18, in __call__
    |     await self.app(scope, receive, send)
    |   File "C:\Users\murat\AppData\Local\Programs\Python\Python312\Lib\site-packages\starlette\routing.py", line 660, in __call__
    |     await self.middleware_stack(scope, receive, send)
    |   File "C:\Users\murat\AppData\Local\Programs\Python\Python312\Lib\site-packages\fastapi\routing.py", line 2683, in app
    |     await route.handle(scope, receive, send)
    |   File "C:\Users\murat\AppData\Local\Programs\Python\Python312\Lib\site-packages\fastapi\routing.py", line 1753, in handle
    |     await self.original_router.handle(scope, receive, send)
    |   File "C:\Users\murat\AppData\Local\Programs\Python\Python312\Lib\site-packages\fastapi\routing.py", line 2738, in handle
    |     await included_router._handle_selected(scope, receive, send)
    |   File "C:\Users\murat\AppData\Local\Programs\Python\Python312\Lib\site-packages\fastapi\routing.py", line 1764, in _handle_selected
    |     await route.handle(scope, receive, send)
    |   File "C:\Users\murat\AppData\Local\Programs\Python\Python312\Lib\site-packages\fastapi\routing.py", line 1753, in handle
    |     await self.original_router.handle(scope, receive, send)
    |   File "C:\Users\murat\AppData\Local\Programs\Python\Python312\Lib\site-packages\fastapi\routing.py", line 2738, in handle
    |     await included_router._handle_selected(scope, receive, send)
    |   File "C:\Users\murat\AppData\Local\Programs\Python\Python312\Lib\site-packages\fastapi\routing.py", line 1773, in _handle_selected
    |     await original_route.handle(scope, receive, send)
    |   File "C:\Users\murat\AppData\Local\Programs\Python\Python312\Lib\site-packages\fastapi\routing.py", line 1264, in handle
    |     await app(scope, receive, send)
    |   File "C:\Users\murat\AppData\Local\Programs\Python\Python312\Lib\site-packages\fastapi\routing.py", line 150, in app
    |     await wrap_app_handling_exceptions(app, request)(scope, receive, send)
    |   File "C:\Users\murat\AppData\Local\Programs\Python\Python312\Lib\site-packages\starlette\_exception_handler.py", line 53, in wrapped_app
    |     raise exc
    |   File "C:\Users\murat\AppData\Local\Programs\Python\Python312\Lib\site-packages\starlette\_exception_handler.py", line 42, in wrapped_app
    |     await app(scope, receive, sender)
    |   File "C:\Users\murat\AppData\Local\Programs\Python\Python312\Lib\site-packages\fastapi\routing.py", line 136, in app
    |     response = await f(request)
    |                ^^^^^^^^^^^^^^^^
    |   File "C:\Users\murat\AppData\Local\Programs\Python\Python312\Lib\site-packages\fastapi\routing.py", line 690, in app
    |     raw_response = await run_endpoint_function(
    |                    ^^^^^^^^^^^^^^^^^^^^^^^^^^^^
    |   File "C:\Users\murat\AppData\Local\Programs\Python\Python312\Lib\site-packages\fastapi\routing.py", line 344, in run_endpoint_function
    |     return await dependant.call(**values)
    |            ^^^^^^^^^^^^^^^^^^^^^^^^^^^^^^
    |   File "C:\Users\murat\Desktop\EasyAIStudio\backend\api\endpoints\chat.py", line 68, in send_message
    |     provider = provider_service.manager().get(provider_name)
    |                ^^^^^^^^^^^^^^^^^^^^^^^^^^^^^^^^^^^^^^^^^^^^^
    |   File "C:\Users\murat\Desktop\EasyAIStudio\backend\providers\provider_manager.py", line 36, in get
    |     raise ValueError(f"Provider '{provider_name}' not found.")
    | ValueError: Provider 'ollama' not found.
    +------------------------------------

The above exception was the direct cause of the following exception:

Traceback (most recent call last):
  File "C:\Users\murat\Desktop\EasyAIStudio\backend\middleware\error_handler.py", line 22, in dispatch
    return await call_next(request)
           ^^^^^^^^^^^^^^^^^^^^^^^^
  File "C:\Users\murat\AppData\Local\Programs\Python\Python312\Lib\site-packages\starlette\middleware\base.py", line 168, in call_next
    raise app_exc from app_exc.__cause__ or app_exc.__context__
  File "C:\Users\murat\AppData\Local\Programs\Python\Python312\Lib\site-packages\starlette\middleware\base.py", line 144, in coro
    await self.app(scope, receive_or_disconnect, send_no_error)
  File "C:\Users\murat\AppData\Local\Programs\Python\Python312\Lib\site-packages\starlette\middleware\base.py", line 193, in __call__
    response = await self.dispatch_func(request, call_next)
               ^^^^^^^^^^^^^^^^^^^^^^^^^^^^^^^^^^^^^^^^^^^^
  File "C:\Users\murat\Desktop\EasyAIStudio\backend\middleware\request_logger.py", line 21, in dispatch
    response = await call_next(request)
               ^^^^^^^^^^^^^^^^^^^^^^^^
  File "C:\Users\murat\AppData\Local\Programs\Python\Python312\Lib\site-packages\starlette\middleware\base.py", line 168, in call_next
    raise app_exc from app_exc.__cause__ or app_exc.__context__
  File "C:\Users\murat\AppData\Local\Programs\Python\Python312\Lib\site-packages\starlette\middleware\base.py", line 144, in coro
    await self.app(scope, receive_or_disconnect, send_no_error)
  File "C:\Users\murat\AppData\Local\Programs\Python\Python312\Lib\site-packages\starlette\middleware\cors.py", line 96, in __call__
    await self.simple_response(scope, receive, send, request_headers=headers)
  File "C:\Users\murat\AppData\Local\Programs\Python\Python312\Lib\site-packages\starlette\middleware\cors.py", line 154, in simple_response
    await self.app(scope, receive, send)
  File "C:\Users\murat\AppData\Local\Programs\Python\Python312\Lib\site-packages\starlette\middleware\exceptions.py", line 63, in __call__
    await wrap_app_handling_exceptions(self.app, conn)(scope, receive, send)
  File "C:\Users\murat\AppData\Local\Programs\Python\Python312\Lib\site-packages\starlette\_exception_handler.py", line 53, in wrapped_app
    raise exc
  File "C:\Users\murat\AppData\Local\Programs\Python\Python312\Lib\site-packages\starlette\_exception_handler.py", line 42, in wrapped_app
    await app(scope, receive, sender)
  File "C:\Users\murat\AppData\Local\Programs\Python\Python312\Lib\site-packages\fastapi\middleware\asyncexitstack.py", line 18, in __call__
    await self.app(scope, receive, send)
  File "C:\Users\murat\AppData\Local\Programs\Python\Python312\Lib\site-packages\starlette\routing.py", line 660, in __call__
    await self.middleware_stack(scope, receive, send)
  File "C:\Users\murat\AppData\Local\Programs\Python\Python312\Lib\site-packages\fastapi\routing.py", line 2683, in app
    await route.handle(scope, receive, send)
  File "C:\Users\murat\AppData\Local\Programs\Python\Python312\Lib\site-packages\fastapi\routing.py", line 1753, in handle
    await self.original_router.handle(scope, receive, send)
  File "C:\Users\murat\AppData\Local\Programs\Python\Python312\Lib\site-packages\fastapi\routing.py", line 2738, in handle
    await included_router._handle_selected(scope, receive, send)
  File "C:\Users\murat\AppData\Local\Programs\Python\Python312\Lib\site-packages\fastapi\routing.py", line 1764, in _handle_selected
    await route.handle(scope, receive, send)
  File "C:\Users\murat\AppData\Local\Programs\Python\Python312\Lib\site-packages\fastapi\routing.py", line 1753, in handle
    await self.original_router.handle(scope, receive, send)
  File "C:\Users\murat\AppData\Local\Programs\Python\Python312\Lib\site-packages\fastapi\routing.py", line 2738, in handle
    await included_router._handle_selected(scope, receive, send)
  File "C:\Users\murat\AppData\Local\Programs\Python\Python312\Lib\site-packages\fastapi\routing.py", line 1773, in _handle_selected
    await original_route.handle(scope, receive, send)
  File "C:\Users\murat\AppData\Local\Programs\Python\Python312\Lib\site-packages\fastapi\routing.py", line 1264, in handle
    await app(scope, receive, send)
  File "C:\Users\murat\AppData\Local\Programs\Python\Python312\Lib\site-packages\fastapi\routing.py", line 150, in app
    await wrap_app_handling_exceptions(app, request)(scope, receive, send)
  File "C:\Users\murat\AppData\Local\Programs\Python\Python312\Lib\site-packages\starlette\_exception_handler.py", line 53, in wrapped_app
    raise exc
  File "C:\Users\murat\AppData\Local\Programs\Python\Python312\Lib\site-packages\starlette\_exception_handler.py", line 42, in wrapped_app
    await app(scope, receive, sender)
  File "C:\Users\murat\AppData\Local\Programs\Python\Python312\Lib\site-packages\fastapi\routing.py", line 136, in app
    response = await f(request)
               ^^^^^^^^^^^^^^^^
  File "C:\Users\murat\AppData\Local\Programs\Python\Python312\Lib\site-packages\fastapi\routing.py", line 690, in app
    raw_response = await run_endpoint_function(
                   ^^^^^^^^^^^^^^^^^^^^^^^^^^^^
  File "C:\Users\murat\AppData\Local\Programs\Python\Python312\Lib\site-packages\fastapi\routing.py", line 344, in run_endpoint_function
    return await dependant.call(**values)
           ^^^^^^^^^^^^^^^^^^^^^^^^^^^^^^
  File "C:\Users\murat\Desktop\EasyAIStudio\backend\api\endpoints\chat.py", line 68, in send_message
    provider = provider_service.manager().get(provider_name)
               ^^^^^^^^^^^^^^^^^^^^^^^^^^^^^^^^^^^^^^^^^^^^^
  File "C:\Users\murat\Desktop\EasyAIStudio\backend\providers\provider_manager.py", line 36, in get
    raise ValueError(f"Provider '{provider_name}' not found.")
ValueError: Provider 'ollama' not found.

[2026-08-09 12:55:39] [INFO] [EasyAIStudio] Logger initialized.
[2026-08-09 12:55:39] [INFO] [EasyAIStudio] Bootstrap completed.
[2026-08-09 12:55:39] [INFO] [EasyAIStudio] Providers : 4
[2026-08-09 12:55:39] [INFO] [EasyAIStudio] Models    : 2
[2026-08-09 12:55:39] [INFO] [EasyAIStudio] Services  : 10
[2026-08-09 12:56:18] [INFO] [EasyAIStudio] POST /api/chat/ 200 5248.79ms
[2026-08-09 12:56:42] [INFO] [EasyAIStudio] GET /api/gallery 200 13.84ms
[2026-08-09 12:56:43] [INFO] [EasyAIStudio] GET /api/gallery 200 8.28ms
[2026-08-09 12:57:39] [INFO] [EasyAIStudio] Logger initialized.
[2026-08-09 12:57:39] [INFO] [EasyAIStudio] Bootstrap completed.
[2026-08-09 12:57:39] [INFO] [EasyAIStudio] Providers : 4
[2026-08-09 12:57:39] [INFO] [EasyAIStudio] Models    : 2
[2026-08-09 12:57:39] [INFO] [EasyAIStudio] Services  : 10
[2026-08-09 12:57:56] [INFO] [EasyAIStudio] OPTIONS /api/chat/ 200 0.13ms
[2026-08-09 12:58:03] [INFO] [EasyAIStudio] POST /api/chat/ 200 6653.97ms
[2026-08-09 12:59:07] [INFO] [EasyAIStudio] POST /api/chat/ 200 6684.04ms
[2026-08-10 00:55:14] [INFO] [EasyAIStudio] Logger initialized.
[2026-08-10 00:55:14] [INFO] [EasyAIStudio] Bootstrap completed.
[2026-08-10 00:55:14] [INFO] [EasyAIStudio] Providers : 4
[2026-08-10 00:55:14] [INFO] [EasyAIStudio] Models    : 2
[2026-08-10 00:55:14] [INFO] [EasyAIStudio] Services  : 10
[2026-08-10 00:56:34] [INFO] [EasyAIStudio] GET /docs 200 0.19ms
[2026-08-10 00:56:34] [INFO] [EasyAIStudio] GET /openapi.json 200 20.83ms
[2026-08-10 00:56:43] [INFO] [EasyAIStudio] GET /api/gallery 200 46.59ms
[2026-08-10 00:56:43] [INFO] [EasyAIStudio] GET /api/gallery/7be6bc397be34bde9bfc1a26a30ff60e.png 200 33.09ms
[2026-08-10 00:56:43] [INFO] [EasyAIStudio] GET /api/gallery/bb4ec04be5ab4c89a5e00eee5d303f0d.png 200 1.81ms
[2026-08-10 00:59:03] [INFO] [EasyAIStudio] GET /api/gallery 200 43.58ms
[2026-08-10 00:59:04] [INFO] [EasyAIStudio] GET /api/gallery 200 6.39ms
[2026-08-10 01:14:24] [INFO] [EasyAIStudio] GET /health 200 8.01ms
[2026-08-10 01:16:41] [INFO] [EasyAIStudio] GET /docs 200 0.30ms
[2026-08-10 01:16:41] [INFO] [EasyAIStudio] GET /openapi.json 200 0.56ms
[2026-08-10 01:26:07] [INFO] [EasyAIStudio] POST /api/videos/generate 200 15.71ms
[2026-08-10 01:28:59] [INFO] [EasyAIStudio] GET /api/videos/b5e9fd08-805a-4c78-bf64-22f7c657931f 200 0.57ms
[2026-08-10 09:42:15] [INFO] [EasyAIStudio] Logger initialized.
[2026-08-10 09:42:15] [INFO] [EasyAIStudio] Bootstrap completed.
[2026-08-10 09:42:15] [INFO] [EasyAIStudio] Providers : 4
[2026-08-10 09:42:15] [INFO] [EasyAIStudio] Models    : 2
[2026-08-10 09:42:15] [INFO] [EasyAIStudio] Services  : 10
[2026-08-10 09:43:18] [INFO] [EasyAIStudio] GET /api/gallery 200 55.67ms
[2026-08-10 09:43:18] [INFO] [EasyAIStudio] GET /api/gallery/7be6bc397be34bde9bfc1a26a30ff60e.png 200 28.45ms
[2026-08-10 09:43:18] [INFO] [EasyAIStudio] GET /api/gallery/db08a2f1721b496baf54502fc9e9542c.png 200 4.91ms
[2026-08-10 09:43:18] [INFO] [EasyAIStudio] GET /api/gallery/0d1f6dea9bed4dae8d026897d2590e6e.png 200 5.04ms
[2026-08-10 09:43:18] [INFO] [EasyAIStudio] GET /api/gallery/dec2f35506c142a18ae6c8f1dacec0b9.png 200 5.17ms
[2026-08-10 09:43:18] [INFO] [EasyAIStudio] GET /api/gallery/526867194fd640a9b4042cc32588838b.png 200 5.23ms
[2026-08-10 09:43:18] [INFO] [EasyAIStudio] GET /api/gallery/bb4ec04be5ab4c89a5e00eee5d303f0d.png 200 5.41ms
[2026-08-10 09:58:18] [INFO] [EasyAIStudio] Logger initialized.
[2026-08-10 09:58:18] [INFO] [EasyAIStudio] Bootstrap completed.
[2026-08-10 09:58:18] [INFO] [EasyAIStudio] Providers : 4
[2026-08-10 09:58:18] [INFO] [EasyAIStudio] Models    : 2
[2026-08-10 09:58:18] [INFO] [EasyAIStudio] Services  : 10
[2026-08-10 09:59:57] [INFO] [EasyAIStudio] Logger initialized.
[2026-08-10 09:59:57] [INFO] [EasyAIStudio] Bootstrap completed.
[2026-08-10 09:59:57] [INFO] [EasyAIStudio] Providers : 4
[2026-08-10 09:59:57] [INFO] [EasyAIStudio] Models    : 2
[2026-08-10 09:59:57] [INFO] [EasyAIStudio] Services  : 10
[2026-08-10 10:01:55] [INFO] [EasyAIStudio] Logger initialized.
[2026-08-10 10:01:55] [INFO] [EasyAIStudio] Bootstrap completed.
[2026-08-10 10:01:55] [INFO] [EasyAIStudio] Providers : 4
[2026-08-10 10:01:55] [INFO] [EasyAIStudio] Models    : 2
[2026-08-10 10:01:55] [INFO] [EasyAIStudio] Services  : 10
[2026-08-10 10:03:00] [INFO] [EasyAIStudio] GET /api/gallery 200 49.30ms
[2026-08-10 10:03:00] [INFO] [EasyAIStudio] GET /api/gallery 200 6.28ms
[2026-08-10 10:03:07] [INFO] [EasyAIStudio] GET /api/gallery 200 6.59ms
[2026-08-10 10:03:11] [INFO] [EasyAIStudio] GET /api/gallery 200 6.95ms
[2026-08-10 10:03:58] [INFO] [EasyAIStudio] Logger initialized.
[2026-08-10 10:03:58] [INFO] [EasyAIStudio] Bootstrap completed.
[2026-08-10 10:03:58] [INFO] [EasyAIStudio] Providers : 4
[2026-08-10 10:03:58] [INFO] [EasyAIStudio] Models    : 2
[2026-08-10 10:03:58] [INFO] [EasyAIStudio] Services  : 10
[2026-08-10 10:07:00] [INFO] [EasyAIStudio] POST /api/videos/generate 200 77291.44ms
[2026-08-10 10:14:11] [INFO] [EasyAIStudio] Logger initialized.
[2026-08-10 10:14:11] [INFO] [EasyAIStudio] Bootstrap completed.
[2026-08-10 10:14:11] [INFO] [EasyAIStudio] Providers : 4
[2026-08-10 10:14:11] [INFO] [EasyAIStudio] Models    : 2
[2026-08-10 10:14:11] [INFO] [EasyAIStudio] Services  : 10
[2026-08-10 10:15:30] [INFO] [EasyAIStudio] Logger initialized.
[2026-08-10 10:15:30] [INFO] [EasyAIStudio] Bootstrap completed.
[2026-08-10 10:15:30] [INFO] [EasyAIStudio] Providers : 4
[2026-08-10 10:15:30] [INFO] [EasyAIStudio] Models    : 2
[2026-08-10 10:15:30] [INFO] [EasyAIStudio] Services  : 10
[2026-08-10 10:17:15] [INFO] [EasyAIStudio] POST /api/videos/generate 200 72411.04ms
[2026-08-10 10:26:51] [INFO] [EasyAIStudio] Logger initialized.
[2026-08-10 10:29:24] [INFO] [EasyAIStudio] Logger initialized.
[2026-08-10 10:31:21] [INFO] [EasyAIStudio] Logger initialized.
[2026-08-10 10:42:19] [INFO] [EasyAIStudio] Logger initialized.
[2026-08-10 10:42:19] [INFO] [EasyAIStudio] Bootstrap completed.
[2026-08-10 10:42:19] [INFO] [EasyAIStudio] Providers : 4
[2026-08-10 10:42:19] [INFO] [EasyAIStudio] Models    : 2
[2026-08-10 10:42:19] [INFO] [EasyAIStudio] Services  : 10
[2026-08-10 10:43:37] [INFO] [EasyAIStudio] Logger initialized.
[2026-08-10 10:43:37] [INFO] [EasyAIStudio] Bootstrap completed.
[2026-08-10 10:43:37] [INFO] [EasyAIStudio] Providers : 4
[2026-08-10 10:43:37] [INFO] [EasyAIStudio] Models    : 2
[2026-08-10 10:43:37] [INFO] [EasyAIStudio] Services  : 10
[2026-08-10 10:45:51] [INFO] [EasyAIStudio] POST /api/videos/generate 200 73765.79ms
[2026-08-10 10:46:32] [INFO] [EasyAIStudio] GET /exports/EasyAIStudio_00003_.mp4 200 27.17ms
[2026-08-10 10:52:49] [INFO] [EasyAIStudio] POST /api/videos/generate 200 258883.08ms
[2026-08-10 10:56:23] [INFO] [EasyAIStudio] GET /exports/EasyAIStudio_00003_.mp4 304 0.80ms
[2026-08-10 10:56:30] [INFO] [EasyAIStudio] GET /api/gallery 200 8.81ms
[2026-08-10 10:56:33] [INFO] [EasyAIStudio] GET /api/gallery 200 5.31ms
[2026-08-10 10:56:34] [INFO] [EasyAIStudio] GET /api/gallery 200 5.09ms
[2026-08-10 10:56:34] [INFO] [EasyAIStudio] GET /api/gallery 200 5.12ms
[2026-08-10 10:56:34] [INFO] [EasyAIStudio] GET /api/gallery 200 16.52ms
[2026-08-10 10:56:41] [INFO] [EasyAIStudio] GET /api/gallery 200 7.69ms
[2026-08-10 10:56:43] [INFO] [EasyAIStudio] GET /api/gallery 200 6.84ms
[2026-08-10 10:56:48] [INFO] [EasyAIStudio] GET /api/gallery 200 22.28ms
[2026-08-11 00:53:01] [INFO] [EasyAIStudio] Logger initialized.
[2026-08-11 00:53:01] [INFO] [EasyAIStudio] Bootstrap completed.
[2026-08-11 00:53:01] [INFO] [EasyAIStudio] Providers : 4
[2026-08-11 00:53:01] [INFO] [EasyAIStudio] Models    : 2
[2026-08-11 00:53:01] [INFO] [EasyAIStudio] Services  : 10
[2026-08-11 00:53:36] [INFO] [EasyAIStudio] GET /api/gallery 200 50.53ms
[2026-08-11 00:53:36] [INFO] [EasyAIStudio] GET /api/gallery/7be6bc397be34bde9bfc1a26a30ff60e.png 200 32.27ms
[2026-08-11 00:53:36] [INFO] [EasyAIStudio] GET /api/gallery/bb4ec04be5ab4c89a5e00eee5d303f0d.png 200 2.15ms
[2026-08-11 00:54:08] [INFO] [EasyAIStudio] GET /docs 200 0.23ms
[2026-08-11 00:54:08] [INFO] [EasyAIStudio] GET /openapi.json 200 21.51ms
[2026-08-11 01:04:49] [INFO] [EasyAIStudio] POST /api/videos/generate 200 301063.16ms
[2026-08-11 01:08:05] [INFO] [EasyAIStudio] Logger initialized.
[2026-08-11 01:08:05] [INFO] [EasyAIStudio] Bootstrap completed.
[2026-08-11 01:08:05] [INFO] [EasyAIStudio] Providers : 4
[2026-08-11 01:08:05] [INFO] [EasyAIStudio] Models    : 2
[2026-08-11 01:08:05] [INFO] [EasyAIStudio] Services  : 10
[2026-08-11 01:08:46] [INFO] [EasyAIStudio] Logger initialized.
[2026-08-11 01:08:46] [INFO] [EasyAIStudio] Bootstrap completed.
[2026-08-11 01:08:46] [INFO] [EasyAIStudio] Providers : 4
[2026-08-11 01:08:46] [INFO] [EasyAIStudio] Models    : 2
[2026-08-11 01:08:46] [INFO] [EasyAIStudio] Services  : 10
[2026-08-11 01:14:02] [INFO] [EasyAIStudio] Logger initialized.
[2026-08-11 01:14:03] [INFO] [EasyAIStudio] Bootstrap completed.
[2026-08-11 01:14:03] [INFO] [EasyAIStudio] Providers : 4
[2026-08-11 01:14:03] [INFO] [EasyAIStudio] Models    : 2
[2026-08-11 01:14:03] [INFO] [EasyAIStudio] Services  : 10
[2026-08-11 01:15:43] [INFO] [EasyAIStudio] Logger initialized.
[2026-08-11 01:15:43] [INFO] [EasyAIStudio] Bootstrap completed.
[2026-08-11 01:15:43] [INFO] [EasyAIStudio] Providers : 4
[2026-08-11 01:15:43] [INFO] [EasyAIStudio] Models    : 2
[2026-08-11 01:15:43] [INFO] [EasyAIStudio] Services  : 10
[2026-08-11 01:15:56] [INFO] [EasyAIStudio] GET /docs 200 0.29ms
[2026-08-11 01:15:56] [INFO] [EasyAIStudio] GET /openapi.json 200 28.79ms
[2026-08-11 01:23:27] [INFO] [EasyAIStudio] POST /api/videos/generate 200 412744.72ms
[2026-08-11 01:28:25] [INFO] [EasyAIStudio] HEAD /exports/EasyAIStudio_00006_.mp4 200 30.75ms
[2026-08-11 01:49:45] [INFO] [EasyAIStudio] GET /api/gallery 200 82.19ms
[2026-08-11 10:01:08] [INFO] [EasyAIStudio] Logger initialized.
[2026-08-11 10:01:08] [INFO] [EasyAIStudio] Bootstrap completed.
[2026-08-11 10:01:08] [INFO] [EasyAIStudio] Providers : 4
[2026-08-11 10:01:08] [INFO] [EasyAIStudio] Models    : 2
[2026-08-11 10:01:08] [INFO] [EasyAIStudio] Services  : 10
[2026-08-11 10:01:47] [INFO] [EasyAIStudio] GET /api/gallery 200 58.70ms
[2026-08-11 10:01:47] [INFO] [EasyAIStudio] GET /api/gallery/7be6bc397be34bde9bfc1a26a30ff60e.png 200 28.81ms
[2026-08-11 10:01:47] [INFO] [EasyAIStudio] GET /api/gallery/bb4ec04be5ab4c89a5e00eee5d303f0d.png 200 2.07ms
[2026-08-11 10:08:01] [INFO] [EasyAIStudio] GET /api/gallery 200 30.37ms
[2026-08-11 10:32:11] [INFO] [EasyAIStudio] GET /api/gallery 200 7.63ms
[2026-08-11 10:32:14] [INFO] [EasyAIStudio] GET /api/gallery 200 7.03ms
[2026-08-11 10:32:23] [INFO] [EasyAIStudio] GET /api/gallery 200 7.35ms
[2026-08-11 10:32:26] [INFO] [EasyAIStudio] GET /api/gallery 200 6.15ms
[2026-08-12 00:55:29] [INFO] [EasyAIStudio] Logger initialized.
[2026-08-12 00:55:29] [INFO] [EasyAIStudio] Bootstrap completed.
[2026-08-12 00:55:29] [INFO] [EasyAIStudio] Providers : 4
[2026-08-12 00:55:29] [INFO] [EasyAIStudio] Models    : 2
[2026-08-12 00:55:29] [INFO] [EasyAIStudio] Services  : 10
[2026-08-12 00:55:56] [INFO] [EasyAIStudio] GET /api/gallery 200 58.45ms
[2026-08-12 00:55:57] [INFO] [EasyAIStudio] GET /api/gallery/7be6bc397be34bde9bfc1a26a30ff60e.png 200 37.00ms
[2026-08-12 00:55:57] [INFO] [EasyAIStudio] GET /api/gallery/526867194fd640a9b4042cc32588838b.png 200 6.16ms
[2026-08-12 00:55:57] [INFO] [EasyAIStudio] GET /api/gallery/dec2f35506c142a18ae6c8f1dacec0b9.png 200 6.33ms
[2026-08-12 00:55:57] [INFO] [EasyAIStudio] GET /api/gallery/bb4ec04be5ab4c89a5e00eee5d303f0d.png 200 6.47ms
[2026-08-12 00:55:57] [INFO] [EasyAIStudio] GET /api/gallery/db08a2f1721b496baf54502fc9e9542c.png 200 6.51ms
[2026-08-12 00:55:57] [INFO] [EasyAIStudio] GET /api/gallery/0d1f6dea9bed4dae8d026897d2590e6e.png 200 6.80ms
[2026-08-12 00:56:03] [INFO] [EasyAIStudio] GET /favicon.ico 404 5.02ms
[2026-08-12 01:39:09] [INFO] [EasyAIStudio] GET /api/videos 307 1.00ms
[2026-08-12 01:39:09] [INFO] [EasyAIStudio] GET /api/videos/ 200 12.83ms
[2026-08-12 01:39:09] [INFO] [EasyAIStudio] GET /favicon.ico 404 0.42ms
[2026-08-12 01:53:34] [INFO] [EasyAIStudio] Logger initialized.
[2026-08-12 01:53:34] [INFO] [EasyAIStudio] Bootstrap completed.
[2026-08-12 01:53:34] [INFO] [EasyAIStudio] Providers : 4
[2026-08-12 01:53:34] [INFO] [EasyAIStudio] Models    : 2
[2026-08-12 01:53:34] [INFO] [EasyAIStudio] Services  : 10
[2026-08-12 01:54:03] [INFO] [EasyAIStudio] Logger initialized.
[2026-08-12 01:54:03] [INFO] [EasyAIStudio] Bootstrap completed.
[2026-08-12 01:54:03] [INFO] [EasyAIStudio] Providers : 4
[2026-08-12 01:54:03] [INFO] [EasyAIStudio] Models    : 2
[2026-08-12 01:54:03] [INFO] [EasyAIStudio] Services  : 10
[2026-08-12 01:54:13] [INFO] [EasyAIStudio] GET /exports/ 404 14.29ms
[2026-08-12 01:54:40] [INFO] [EasyAIStudio] GET /exports/DOSYA_ADI.mp4 404 1.39ms
[2026-08-12 01:59:09] [INFO] [EasyAIStudio] HEAD /exports/EasyAIStudio_00006_.mp4 200 31.53ms
[2026-08-12 01:59:39] [INFO] [EasyAIStudio] GET /exports/EasyAIStudio_00006_.mp4 200 1.20ms
[2026-08-12 02:21:50] [INFO] [EasyAIStudio] GET /api/videos 307 0.61ms
[2026-08-12 02:21:50] [INFO] [EasyAIStudio] GET /api/videos/ 200 3.59ms
[2026-08-12 02:29:54] [INFO] [EasyAIStudio] GET /api/videos 307 0.36ms
[2026-08-12 02:29:54] [INFO] [EasyAIStudio] GET /api/videos/ 200 1.08ms
[2026-08-12 02:32:26] [INFO] [EasyAIStudio] GET /api/videos 307 0.49ms
[2026-08-12 02:32:26] [INFO] [EasyAIStudio] GET /api/videos/ 200 0.84ms
[2026-08-12 02:37:53] [INFO] [EasyAIStudio] GET /api/videos 307 0.69ms
[2026-08-12 02:37:53] [INFO] [EasyAIStudio] GET /api/videos/ 200 0.70ms
[2026-08-12 02:45:53] [INFO] [EasyAIStudio] GET /api/videos 307 0.50ms
[2026-08-12 02:45:53] [INFO] [EasyAIStudio] GET /api/videos/ 200 0.79ms
[2026-08-12 02:46:05] [INFO] [EasyAIStudio] GET /api/videos 307 0.39ms
[2026-08-12 02:46:05] [INFO] [EasyAIStudio] GET /api/videos/ 200 0.57ms
[2026-08-12 02:54:08] [INFO] [EasyAIStudio] GET /api/videos 307 0.51ms
[2026-08-12 02:54:08] [INFO] [EasyAIStudio] GET /api/videos/ 200 0.91ms
[2026-08-12 02:55:02] [INFO] [EasyAIStudio] GET /api/videos 307 0.49ms
[2026-08-12 02:55:02] [INFO] [EasyAIStudio] GET /api/videos/ 200 0.61ms
[2026-08-12 02:57:30] [INFO] [EasyAIStudio] GET /api/videos 307 0.42ms
[2026-08-12 02:57:30] [INFO] [EasyAIStudio] GET /api/videos/ 200 1.27ms
[2026-08-12 09:27:47] [INFO] [EasyAIStudio] Logger initialized.
[2026-08-12 09:27:47] [INFO] [EasyAIStudio] Bootstrap completed.
[2026-08-12 09:27:47] [INFO] [EasyAIStudio] Providers : 4
[2026-08-12 09:27:47] [INFO] [EasyAIStudio] Models    : 2
[2026-08-12 09:27:47] [INFO] [EasyAIStudio] Services  : 10
[2026-08-12 09:28:13] [INFO] [EasyAIStudio] GET /api/gallery 200 97.79ms
[2026-08-12 09:28:51] [INFO] [EasyAIStudio] GET /api/videos 307 4.63ms
[2026-08-12 09:28:51] [INFO] [EasyAIStudio] GET /api/videos/ 200 8.32ms
[2026-08-12 10:21:58] [INFO] [EasyAIStudio] GET /api/videos 307 2.93ms
[2026-08-12 10:21:58] [INFO] [EasyAIStudio] GET /api/videos/ 200 1.24ms
[2026-08-12 10:22:03] [INFO] [EasyAIStudio] GET /api/videos 307 0.66ms
[2026-08-12 10:22:03] [INFO] [EasyAIStudio] GET /api/videos/ 200 0.83ms
[2026-08-12 10:45:31] [INFO] [EasyAIStudio] GET /api/videos 307 0.80ms
[2026-08-12 10:45:31] [INFO] [EasyAIStudio] GET /api/videos/ 200 0.64ms
[2026-08-12 10:46:14] [INFO] [EasyAIStudio] GET /api/videos 307 0.90ms
[2026-08-12 10:46:14] [INFO] [EasyAIStudio] GET /api/videos/ 200 0.74ms
[2026-08-12 10:58:13] [INFO] [EasyAIStudio] GET /api/videos 307 0.56ms
[2026-08-12 10:58:13] [INFO] [EasyAIStudio] GET /api/videos/ 200 0.60ms
[2026-08-12 11:34:23] [INFO] [EasyAIStudio] GET /api/videos 307 1.57ms
[2026-08-12 11:34:23] [INFO] [EasyAIStudio] GET /api/videos/ 200 1.04ms
[2026-08-12 11:34:27] [INFO] [EasyAIStudio] GET /api/videos 307 0.61ms
[2026-08-12 11:34:27] [INFO] [EasyAIStudio] GET /api/videos/ 200 0.57ms
[2026-08-12 11:38:47] [INFO] [EasyAIStudio] GET /api/videos 307 0.85ms
[2026-08-12 11:38:47] [INFO] [EasyAIStudio] GET /api/videos/ 200 0.65ms
[2026-08-12 12:01:46] [INFO] [EasyAIStudio] GET /api/videos 307 0.75ms
[2026-08-12 12:01:46] [INFO] [EasyAIStudio] GET /api/videos/ 200 0.62ms
[2026-08-12 12:01:49] [INFO] [EasyAIStudio] GET /api/videos 307 0.52ms
[2026-08-12 12:01:49] [INFO] [EasyAIStudio] GET /api/videos/ 200 1.04ms
[2026-08-12 12:05:23] [INFO] [EasyAIStudio] GET /api/videos 307 0.54ms
[2026-08-12 12:05:23] [INFO] [EasyAIStudio] GET /api/videos/ 200 1.45ms
[2026-08-12 12:25:46] [INFO] [EasyAIStudio] GET /api/videos 307 0.62ms
[2026-08-12 12:25:46] [INFO] [EasyAIStudio] GET /api/videos/ 200 0.64ms
[2026-08-12 12:38:38] [INFO] [EasyAIStudio] GET /api/videos 307 0.54ms
[2026-08-12 12:38:38] [INFO] [EasyAIStudio] GET /api/videos/ 200 0.59ms
[2026-08-13 00:57:56] [INFO] [EasyAIStudio] Logger initialized.
[2026-08-13 00:57:56] [INFO] [EasyAIStudio] Bootstrap completed.
[2026-08-13 00:57:56] [INFO] [EasyAIStudio] Providers : 4
[2026-08-13 00:57:56] [INFO] [EasyAIStudio] Models    : 2
[2026-08-13 00:57:56] [INFO] [EasyAIStudio] Services  : 10
[2026-08-13 01:17:15] [INFO] [EasyAIStudio] GET /api/gallery 200 106.69ms
[2026-08-13 01:17:15] [INFO] [EasyAIStudio] GET /api/gallery/7be6bc397be34bde9bfc1a26a30ff60e.png 200 38.24ms
[2026-08-13 01:17:15] [INFO] [EasyAIStudio] GET /api/gallery/bb4ec04be5ab4c89a5e00eee5d303f0d.png 200 2.61ms
[2026-08-13 01:17:18] [INFO] [EasyAIStudio] GET /api/videos 307 6.65ms
[2026-08-13 01:17:18] [INFO] [EasyAIStudio] GET /api/videos/ 200 11.20ms
[2026-08-13 01:25:27] [INFO] [EasyAIStudio] GET /api/videos 307 0.54ms
[2026-08-13 01:25:27] [INFO] [EasyAIStudio] GET /api/videos/ 200 0.62ms
[2026-08-13 01:27:27] [INFO] [EasyAIStudio] GET /api/videos 307 0.43ms
[2026-08-13 01:27:28] [INFO] [EasyAIStudio] GET /api/videos/ 200 0.73ms
[2026-08-13 02:01:22] [INFO] [EasyAIStudio] GET /api/videos 307 0.58ms
[2026-08-13 02:01:22] [INFO] [EasyAIStudio] GET /api/videos/ 200 0.84ms
[2026-08-13 02:01:28] [INFO] [EasyAIStudio] GET /api/videos 307 0.48ms
[2026-08-13 02:01:28] [INFO] [EasyAIStudio] GET /api/videos/ 200 0.68ms
[2026-08-13 02:06:10] [INFO] [EasyAIStudio] GET /api/videos 307 0.46ms
[2026-08-13 02:06:10] [INFO] [EasyAIStudio] GET /api/videos/ 200 2.87ms
[2026-08-13 11:49:41] [INFO] [EasyAIStudio] Logger initialized.
[2026-08-13 11:49:41] [INFO] [EasyAIStudio] Bootstrap completed.
[2026-08-13 11:49:41] [INFO] [EasyAIStudio] Providers : 4
[2026-08-13 11:49:41] [INFO] [EasyAIStudio] Models    : 2
[2026-08-13 11:49:41] [INFO] [EasyAIStudio] Services  : 10
[2026-08-13 11:50:18] [INFO] [EasyAIStudio] GET /api/gallery 200 52.35ms
[2026-08-13 11:50:18] [INFO] [EasyAIStudio] GET /api/gallery/dec2f35506c142a18ae6c8f1dacec0b9.png 200 35.34ms
[2026-08-13 11:50:18] [INFO] [EasyAIStudio] GET /api/gallery/db08a2f1721b496baf54502fc9e9542c.png 200 3.00ms
[2026-08-13 11:50:18] [INFO] [EasyAIStudio] GET /api/gallery/0d1f6dea9bed4dae8d026897d2590e6e.png 200 1.89ms
[2026-08-13 12:07:06] [INFO] [EasyAIStudio] GET /api/videos 307 6.21ms
[2026-08-13 12:07:06] [INFO] [EasyAIStudio] GET /api/videos/ 200 12.36ms
[2026-08-13 12:07:15] [INFO] [EasyAIStudio] GET /api/videos 307 0.64ms
[2026-08-13 12:07:15] [INFO] [EasyAIStudio] GET /api/videos/ 200 0.72ms
[2026-08-13 12:12:41] [INFO] [EasyAIStudio] GET /api/videos 307 0.56ms
[2026-08-13 12:12:41] [INFO] [EasyAIStudio] GET /api/videos/ 200 0.68ms
[2026-08-13 13:03:24] [INFO] [EasyAIStudio] GET /api/videos 307 1.89ms
[2026-08-13 13:03:24] [INFO] [EasyAIStudio] GET /api/videos/ 200 1.57ms
[2026-08-13 13:52:47] [INFO] [EasyAIStudio] GET /api/videos 307 1.09ms
[2026-08-13 13:52:47] [INFO] [EasyAIStudio] GET /api/videos/ 200 0.73ms
[2026-08-13 13:57:38] [INFO] [EasyAIStudio] GET /api/videos 307 0.53ms
[2026-08-13 13:57:38] [INFO] [EasyAIStudio] GET /api/videos/ 200 0.67ms
[2026-08-13 14:35:32] [INFO] [EasyAIStudio] GET /api/gallery 200 20.06ms
[2026-08-13 14:35:32] [INFO] [EasyAIStudio] GET /api/gallery/526867194fd640a9b4042cc32588838b.png 200 6.20ms
[2026-08-13 14:35:58] [INFO] [EasyAIStudio] OPTIONS /api/images/generate 200 0.28ms
[2026-08-13 14:35:58] [ERROR] [EasyAIStudio] Unhandled Exception
[2026-08-13 14:35:58] [ERROR] [EasyAIStudio] Provider 'ComfyUI' not found.
[2026-08-13 14:35:58] [ERROR] [EasyAIStudio]   + Exception Group Traceback (most recent call last):
  |   File "C:\Users\murat\AppData\Local\Programs\Python\Python312\Lib\site-packages\starlette\_utils.py", line 85, in create_collapsing_task_group
  |     async with anyio.create_task_group() as tg:
  |                ^^^^^^^^^^^^^^^^^^^^^^^^^
  |   File "C:\Users\murat\AppData\Local\Programs\Python\Python312\Lib\site-packages\anyio\_backends\_asyncio.py", line 799, in __aexit__
  |     raise BaseExceptionGroup(
  | ExceptionGroup: unhandled errors in a TaskGroup (1 sub-exception)
  +-+---------------- 1 ----------------
    | Traceback (most recent call last):
    |   File "C:\Users\murat\Desktop\EasyAIStudio\backend\middleware\error_handler.py", line 22, in dispatch
    |     return await call_next(request)
    |            ^^^^^^^^^^^^^^^^^^^^^^^^
    |   File "C:\Users\murat\AppData\Local\Programs\Python\Python312\Lib\site-packages\starlette\middleware\base.py", line 168, in call_next
    |     raise app_exc from app_exc.__cause__ or app_exc.__context__
    |   File "C:\Users\murat\AppData\Local\Programs\Python\Python312\Lib\site-packages\starlette\middleware\base.py", line 144, in coro
    |     await self.app(scope, receive_or_disconnect, send_no_error)
    |   File "C:\Users\murat\AppData\Local\Programs\Python\Python312\Lib\site-packages\starlette\middleware\base.py", line 193, in __call__
    |     response = await self.dispatch_func(request, call_next)
    |                ^^^^^^^^^^^^^^^^^^^^^^^^^^^^^^^^^^^^^^^^^^^^
    |   File "C:\Users\murat\Desktop\EasyAIStudio\backend\middleware\request_logger.py", line 21, in dispatch
    |     response = await call_next(request)
    |                ^^^^^^^^^^^^^^^^^^^^^^^^
    |   File "C:\Users\murat\AppData\Local\Programs\Python\Python312\Lib\site-packages\starlette\middleware\base.py", line 168, in call_next
    |     raise app_exc from app_exc.__cause__ or app_exc.__context__
    |   File "C:\Users\murat\AppData\Local\Programs\Python\Python312\Lib\site-packages\starlette\middleware\base.py", line 144, in coro
    |     await self.app(scope, receive_or_disconnect, send_no_error)
    |   File "C:\Users\murat\AppData\Local\Programs\Python\Python312\Lib\site-packages\starlette\middleware\cors.py", line 96, in __call__
    |     await self.simple_response(scope, receive, send, request_headers=headers)
    |   File "C:\Users\murat\AppData\Local\Programs\Python\Python312\Lib\site-packages\starlette\middleware\cors.py", line 154, in simple_response
    |     await self.app(scope, receive, send)
    |   File "C:\Users\murat\AppData\Local\Programs\Python\Python312\Lib\site-packages\starlette\middleware\exceptions.py", line 63, in __call__
    |     await wrap_app_handling_exceptions(self.app, conn)(scope, receive, send)
    |   File "C:\Users\murat\AppData\Local\Programs\Python\Python312\Lib\site-packages\starlette\_exception_handler.py", line 53, in wrapped_app
    |     raise exc
    |   File "C:\Users\murat\AppData\Local\Programs\Python\Python312\Lib\site-packages\starlette\_exception_handler.py", line 42, in wrapped_app
    |     await app(scope, receive, sender)
    |   File "C:\Users\murat\AppData\Local\Programs\Python\Python312\Lib\site-packages\fastapi\middleware\asyncexitstack.py", line 18, in __call__
    |     await self.app(scope, receive, send)
    |   File "C:\Users\murat\AppData\Local\Programs\Python\Python312\Lib\site-packages\starlette\routing.py", line 660, in __call__
    |     await self.middleware_stack(scope, receive, send)
    |   File "C:\Users\murat\AppData\Local\Programs\Python\Python312\Lib\site-packages\fastapi\routing.py", line 2683, in app
    |     await route.handle(scope, receive, send)
    |   File "C:\Users\murat\AppData\Local\Programs\Python\Python312\Lib\site-packages\fastapi\routing.py", line 1753, in handle
    |     await self.original_router.handle(scope, receive, send)
    |   File "C:\Users\murat\AppData\Local\Programs\Python\Python312\Lib\site-packages\fastapi\routing.py", line 2738, in handle
    |     await included_router._handle_selected(scope, receive, send)
    |   File "C:\Users\murat\AppData\Local\Programs\Python\Python312\Lib\site-packages\fastapi\routing.py", line 1764, in _handle_selected
    |     await route.handle(scope, receive, send)
    |   File "C:\Users\murat\AppData\Local\Programs\Python\Python312\Lib\site-packages\fastapi\routing.py", line 1753, in handle
    |     await self.original_router.handle(scope, receive, send)
    |   File "C:\Users\murat\AppData\Local\Programs\Python\Python312\Lib\site-packages\fastapi\routing.py", line 2738, in handle
    |     await included_router._handle_selected(scope, receive, send)
    |   File "C:\Users\murat\AppData\Local\Programs\Python\Python312\Lib\site-packages\fastapi\routing.py", line 1773, in _handle_selected
    |     await original_route.handle(scope, receive, send)
    |   File "C:\Users\murat\AppData\Local\Programs\Python\Python312\Lib\site-packages\fastapi\routing.py", line 1264, in handle
    |     await app(scope, receive, send)
    |   File "C:\Users\murat\AppData\Local\Programs\Python\Python312\Lib\site-packages\fastapi\routing.py", line 150, in app
    |     await wrap_app_handling_exceptions(app, request)(scope, receive, send)
    |   File "C:\Users\murat\AppData\Local\Programs\Python\Python312\Lib\site-packages\starlette\_exception_handler.py", line 53, in wrapped_app
    |     raise exc
    |   File "C:\Users\murat\AppData\Local\Programs\Python\Python312\Lib\site-packages\starlette\_exception_handler.py", line 42, in wrapped_app
    |     await app(scope, receive, sender)
    |   File "C:\Users\murat\AppData\Local\Programs\Python\Python312\Lib\site-packages\fastapi\routing.py", line 136, in app
    |     response = await f(request)
    |                ^^^^^^^^^^^^^^^^
    |   File "C:\Users\murat\AppData\Local\Programs\Python\Python312\Lib\site-packages\fastapi\routing.py", line 690, in app
    |     raw_response = await run_endpoint_function(
    |                    ^^^^^^^^^^^^^^^^^^^^^^^^^^^^
    |   File "C:\Users\murat\AppData\Local\Programs\Python\Python312\Lib\site-packages\fastapi\routing.py", line 344, in run_endpoint_function
    |     return await dependant.call(**values)
    |            ^^^^^^^^^^^^^^^^^^^^^^^^^^^^^^
    |   File "C:\Users\murat\Desktop\EasyAIStudio\backend\api\endpoints\images.py", line 30, in generate_image
    |     result = await image_service.generate(request)
    |              ^^^^^^^^^^^^^^^^^^^^^^^^^^^^^^^^^^^^^
    |   File "C:\Users\murat\Desktop\EasyAIStudio\backend\services\image_service.py", line 24, in generate
    |     provider = provider_service.manager().get(
    |                ^^^^^^^^^^^^^^^^^^^^^^^^^^^^^^^
    |   File "C:\Users\murat\Desktop\EasyAIStudio\backend\providers\provider_manager.py", line 36, in get
    |     raise ValueError(f"Provider '{provider_name}' not found.")
    | ValueError: Provider 'ComfyUI' not found.
    +------------------------------------

The above exception was the direct cause of the following exception:

Traceback (most recent call last):
  File "C:\Users\murat\Desktop\EasyAIStudio\backend\middleware\error_handler.py", line 22, in dispatch
    return await call_next(request)
           ^^^^^^^^^^^^^^^^^^^^^^^^
  File "C:\Users\murat\AppData\Local\Programs\Python\Python312\Lib\site-packages\starlette\middleware\base.py", line 168, in call_next
    raise app_exc from app_exc.__cause__ or app_exc.__context__
  File "C:\Users\murat\AppData\Local\Programs\Python\Python312\Lib\site-packages\starlette\middleware\base.py", line 144, in coro
    await self.app(scope, receive_or_disconnect, send_no_error)
  File "C:\Users\murat\AppData\Local\Programs\Python\Python312\Lib\site-packages\starlette\middleware\base.py", line 193, in __call__
    response = await self.dispatch_func(request, call_next)
               ^^^^^^^^^^^^^^^^^^^^^^^^^^^^^^^^^^^^^^^^^^^^
  File "C:\Users\murat\Desktop\EasyAIStudio\backend\middleware\request_logger.py", line 21, in dispatch
    response = await call_next(request)
               ^^^^^^^^^^^^^^^^^^^^^^^^
  File "C:\Users\murat\AppData\Local\Programs\Python\Python312\Lib\site-packages\starlette\middleware\base.py", line 168, in call_next
    raise app_exc from app_exc.__cause__ or app_exc.__context__
  File "C:\Users\murat\AppData\Local\Programs\Python\Python312\Lib\site-packages\starlette\middleware\base.py", line 144, in coro
    await self.app(scope, receive_or_disconnect, send_no_error)
  File "C:\Users\murat\AppData\Local\Programs\Python\Python312\Lib\site-packages\starlette\middleware\cors.py", line 96, in __call__
    await self.simple_response(scope, receive, send, request_headers=headers)
  File "C:\Users\murat\AppData\Local\Programs\Python\Python312\Lib\site-packages\starlette\middleware\cors.py", line 154, in simple_response
    await self.app(scope, receive, send)
  File "C:\Users\murat\AppData\Local\Programs\Python\Python312\Lib\site-packages\starlette\middleware\exceptions.py", line 63, in __call__
    await wrap_app_handling_exceptions(self.app, conn)(scope, receive, send)
  File "C:\Users\murat\AppData\Local\Programs\Python\Python312\Lib\site-packages\starlette\_exception_handler.py", line 53, in wrapped_app
    raise exc
  File "C:\Users\murat\AppData\Local\Programs\Python\Python312\Lib\site-packages\starlette\_exception_handler.py", line 42, in wrapped_app
    await app(scope, receive, sender)
  File "C:\Users\murat\AppData\Local\Programs\Python\Python312\Lib\site-packages\fastapi\middleware\asyncexitstack.py", line 18, in __call__
    await self.app(scope, receive, send)
  File "C:\Users\murat\AppData\Local\Programs\Python\Python312\Lib\site-packages\starlette\routing.py", line 660, in __call__
    await self.middleware_stack(scope, receive, send)
  File "C:\Users\murat\AppData\Local\Programs\Python\Python312\Lib\site-packages\fastapi\routing.py", line 2683, in app
    await route.handle(scope, receive, send)
  File "C:\Users\murat\AppData\Local\Programs\Python\Python312\Lib\site-packages\fastapi\routing.py", line 1753, in handle
    await self.original_router.handle(scope, receive, send)
  File "C:\Users\murat\AppData\Local\Programs\Python\Python312\Lib\site-packages\fastapi\routing.py", line 2738, in handle
    await included_router._handle_selected(scope, receive, send)
  File "C:\Users\murat\AppData\Local\Programs\Python\Python312\Lib\site-packages\fastapi\routing.py", line 1764, in _handle_selected
    await route.handle(scope, receive, send)
  File "C:\Users\murat\AppData\Local\Programs\Python\Python312\Lib\site-packages\fastapi\routing.py", line 1753, in handle
    await self.original_router.handle(scope, receive, send)
  File "C:\Users\murat\AppData\Local\Programs\Python\Python312\Lib\site-packages\fastapi\routing.py", line 2738, in handle
    await included_router._handle_selected(scope, receive, send)
  File "C:\Users\murat\AppData\Local\Programs\Python\Python312\Lib\site-packages\fastapi\routing.py", line 1773, in _handle_selected
    await original_route.handle(scope, receive, send)
  File "C:\Users\murat\AppData\Local\Programs\Python\Python312\Lib\site-packages\fastapi\routing.py", line 1264, in handle
    await app(scope, receive, send)
  File "C:\Users\murat\AppData\Local\Programs\Python\Python312\Lib\site-packages\fastapi\routing.py", line 150, in app
    await wrap_app_handling_exceptions(app, request)(scope, receive, send)
  File "C:\Users\murat\AppData\Local\Programs\Python\Python312\Lib\site-packages\starlette\_exception_handler.py", line 53, in wrapped_app
    raise exc
  File "C:\Users\murat\AppData\Local\Programs\Python\Python312\Lib\site-packages\starlette\_exception_handler.py", line 42, in wrapped_app
    await app(scope, receive, sender)
  File "C:\Users\murat\AppData\Local\Programs\Python\Python312\Lib\site-packages\fastapi\routing.py", line 136, in app
    response = await f(request)
               ^^^^^^^^^^^^^^^^
  File "C:\Users\murat\AppData\Local\Programs\Python\Python312\Lib\site-packages\fastapi\routing.py", line 690, in app
    raw_response = await run_endpoint_function(
                   ^^^^^^^^^^^^^^^^^^^^^^^^^^^^
  File "C:\Users\murat\AppData\Local\Programs\Python\Python312\Lib\site-packages\fastapi\routing.py", line 344, in run_endpoint_function
    return await dependant.call(**values)
           ^^^^^^^^^^^^^^^^^^^^^^^^^^^^^^
  File "C:\Users\murat\Desktop\EasyAIStudio\backend\api\endpoints\images.py", line 30, in generate_image
    result = await image_service.generate(request)
             ^^^^^^^^^^^^^^^^^^^^^^^^^^^^^^^^^^^^^
  File "C:\Users\murat\Desktop\EasyAIStudio\backend\services\image_service.py", line 24, in generate
    provider = provider_service.manager().get(
               ^^^^^^^^^^^^^^^^^^^^^^^^^^^^^^^
  File "C:\Users\murat\Desktop\EasyAIStudio\backend\providers\provider_manager.py", line 36, in get
    raise ValueError(f"Provider '{provider_name}' not found.")
ValueError: Provider 'ComfyUI' not found.

[2026-08-13 14:36:44] [INFO] [EasyAIStudio] GET /api/gallery 200 7.52ms
[2026-08-13 14:36:54] [INFO] [EasyAIStudio] GET /api/videos 307 0.60ms
[2026-08-13 14:36:54] [INFO] [EasyAIStudio] GET /api/videos/ 200 0.82ms
[2026-08-13 14:36:59] [INFO] [EasyAIStudio] GET /api/gallery 200 9.95ms
[2026-08-13 14:37:01] [INFO] [EasyAIStudio] GET /api/gallery 200 8.16ms
[2026-08-13 14:52:18] [INFO] [EasyAIStudio] GET /api/gallery 200 32.31ms
[2026-08-13 14:52:18] [INFO] [EasyAIStudio] GET /api/gallery/7be6bc397be34bde9bfc1a26a30ff60e.png 200 1.50ms
[2026-08-13 14:52:18] [INFO] [EasyAIStudio] GET /api/gallery/bb4ec04be5ab4c89a5e00eee5d303f0d.png 200 2.20ms
[2026-08-13 14:52:22] [INFO] [EasyAIStudio] GET /api/gallery 200 23.77ms
[2026-08-13 14:52:24] [INFO] [EasyAIStudio] GET /api/videos 307 0.49ms
[2026-08-13 14:52:24] [INFO] [EasyAIStudio] GET /api/videos/ 200 0.37ms
[2026-08-13 14:52:57] [INFO] [EasyAIStudio] GET /api/gallery 200 6.62ms
[2026-08-13 14:53:49] [INFO] [EasyAIStudio] GET /api/videos 307 0.46ms
[2026-08-13 14:53:49] [INFO] [EasyAIStudio] GET /api/videos/ 200 0.33ms
[2026-08-13 14:59:05] [INFO] [EasyAIStudio] GET /api/videos 307 1.11ms
[2026-08-13 14:59:05] [INFO] [EasyAIStudio] GET /api/videos/ 200 0.45ms
[2026-08-14 01:08:14] [INFO] [EasyAIStudio] Logger initialized.
[2026-08-14 01:08:14] [INFO] [EasyAIStudio] Bootstrap completed.
[2026-08-14 01:08:14] [INFO] [EasyAIStudio] Providers : 4
[2026-08-14 01:08:14] [INFO] [EasyAIStudio] Models    : 2
[2026-08-14 01:08:14] [INFO] [EasyAIStudio] Services  : 10
[2026-08-14 01:11:15] [INFO] [EasyAIStudio] GET /api/gallery 200 56.22ms
[2026-08-14 01:22:03] [INFO] [EasyAIStudio] GET /api/videos 307 6.40ms
[2026-08-14 01:22:03] [INFO] [EasyAIStudio] GET /api/videos/ 200 11.98ms
[2026-08-14 01:34:52] [INFO] [EasyAIStudio] GET /api/videos 307 0.64ms
[2026-08-14 01:34:52] [INFO] [EasyAIStudio] GET /api/videos/ 200 0.61ms
[2026-08-14 01:54:24] [INFO] [EasyAIStudio] GET /api/videos 307 0.59ms
[2026-08-14 01:54:24] [INFO] [EasyAIStudio] GET /api/videos/ 200 1.00ms
[2026-08-14 01:54:45] [INFO] [EasyAIStudio] GET /api/videos 307 0.53ms
[2026-08-14 01:54:45] [INFO] [EasyAIStudio] GET /api/videos/ 200 1.01ms
[2026-08-14 01:56:01] [INFO] [EasyAIStudio] GET /api/videos 307 0.54ms
[2026-08-14 01:56:01] [INFO] [EasyAIStudio] GET /api/videos/ 200 0.62ms
[2026-08-14 02:14:03] [INFO] [EasyAIStudio] GET /api/videos 307 0.58ms
[2026-08-14 02:14:03] [INFO] [EasyAIStudio] GET /api/videos/ 200 1.25ms
[2026-08-14 02:14:05] [INFO] [EasyAIStudio] GET /api/videos 307 0.53ms
[2026-08-14 02:14:05] [INFO] [EasyAIStudio] GET /api/videos/ 200 0.70ms
[2026-08-14 02:27:17] [INFO] [EasyAIStudio] GET /api/videos 307 0.61ms
[2026-08-14 02:27:17] [INFO] [EasyAIStudio] GET /api/videos/ 200 0.73ms
[2026-08-14 09:03:44] [INFO] [EasyAIStudio] Logger initialized.
[2026-08-14 09:03:44] [INFO] [EasyAIStudio] Bootstrap completed.
[2026-08-14 09:03:44] [INFO] [EasyAIStudio] Providers : 4
[2026-08-14 09:03:44] [INFO] [EasyAIStudio] Models    : 2
[2026-08-14 09:03:44] [INFO] [EasyAIStudio] Services  : 10
[2026-08-14 09:34:58] [INFO] [EasyAIStudio] GET /api/videos 307 16.38ms
[2026-08-14 09:34:58] [INFO] [EasyAIStudio] GET /api/videos/ 200 9.73ms
[2026-08-14 09:42:23] [INFO] [EasyAIStudio] GET /api/videos 307 0.84ms
[2026-08-14 09:42:23] [INFO] [EasyAIStudio] GET /api/videos/ 200 0.58ms
[2026-08-14 09:43:14] [INFO] [EasyAIStudio] GET /api/videos 307 0.63ms
[2026-08-14 09:43:14] [INFO] [EasyAIStudio] GET /api/videos/ 200 0.50ms
[2026-08-14 10:21:26] [INFO] [EasyAIStudio] GET /api/videos 307 1.23ms
[2026-08-14 10:21:26] [INFO] [EasyAIStudio] GET /api/videos/ 200 2.49ms
[2026-08-14 10:27:21] [INFO] [EasyAIStudio] GET /api/videos 307 0.52ms
[2026-08-14 10:27:21] [INFO] [EasyAIStudio] GET /api/videos/ 200 1.48ms
[2026-08-14 10:42:53] [INFO] [EasyAIStudio] GET /api/videos 307 0.61ms
[2026-08-14 10:42:54] [INFO] [EasyAIStudio] GET /api/videos/ 200 0.69ms
[2026-08-14 10:47:18] [INFO] [EasyAIStudio] GET /api/videos 307 0.59ms
[2026-08-14 10:47:18] [INFO] [EasyAIStudio] GET /api/videos/ 200 0.39ms
[2026-08-14 10:54:52] [INFO] [EasyAIStudio] GET /api/videos 307 0.60ms
[2026-08-14 10:54:52] [INFO] [EasyAIStudio] GET /api/videos/ 200 0.70ms
[2026-08-14 10:58:20] [INFO] [EasyAIStudio] GET /api/videos 307 0.59ms
[2026-08-14 10:58:20] [INFO] [EasyAIStudio] GET /api/videos/ 200 0.70ms
[2026-08-14 11:04:19] [INFO] [EasyAIStudio] GET /api/gallery 200 66.14ms
[2026-08-14 11:04:19] [INFO] [EasyAIStudio] GET /api/gallery/7be6bc397be34bde9bfc1a26a30ff60e.png 200 45.43ms
[2026-08-14 11:04:19] [INFO] [EasyAIStudio] GET /api/gallery/bb4ec04be5ab4c89a5e00eee5d303f0d.png 200 3.62ms
[2026-08-14 11:04:23] [INFO] [EasyAIStudio] GET /api/gallery 200 8.32ms
[2026-08-14 11:04:39] [INFO] [EasyAIStudio] GET /api/gallery 200 7.53ms
[2026-08-14 11:04:41] [INFO] [EasyAIStudio] GET /api/videos 307 0.76ms
[2026-08-14 11:04:41] [INFO] [EasyAIStudio] GET /api/videos/ 200 0.62ms
[2026-08-14 11:04:48] [INFO] [EasyAIStudio] GET /api/gallery 200 8.47ms
[2026-08-14 11:05:47] [INFO] [EasyAIStudio] GET /api/videos 307 0.52ms
[2026-08-14 11:05:47] [INFO] [EasyAIStudio] GET /api/videos/ 200 0.48ms
[2026-08-14 11:06:03] [INFO] [EasyAIStudio] GET /api/videos 307 0.57ms
[2026-08-14 11:06:03] [INFO] [EasyAIStudio] GET /api/videos/ 200 0.54ms
[2026-08-14 11:16:07] [INFO] [EasyAIStudio] GET /api/videos 307 0.45ms
[2026-08-14 11:16:07] [INFO] [EasyAIStudio] GET /api/videos/ 200 1.11ms
[2026-08-14 16:12:01] [INFO] [EasyAIStudio] GET /api/gallery 200 152.01ms
[2026-08-14 16:12:01] [INFO] [EasyAIStudio] GET /api/gallery/7be6bc397be34bde9bfc1a26a30ff60e.png 200 5.34ms
[2026-08-14 16:12:01] [INFO] [EasyAIStudio] GET /api/gallery/bb4ec04be5ab4c89a5e00eee5d303f0d.png 200 4.46ms
[2026-08-14 16:12:01] [INFO] [EasyAIStudio] GET /api/gallery/dec2f35506c142a18ae6c8f1dacec0b9.png 200 4.75ms
[2026-08-14 16:12:01] [INFO] [EasyAIStudio] GET /api/gallery/db08a2f1721b496baf54502fc9e9542c.png 200 3.42ms
[2026-08-14 16:12:01] [INFO] [EasyAIStudio] GET /api/gallery/0d1f6dea9bed4dae8d026897d2590e6e.png 200 8.03ms
[2026-08-14 16:12:01] [INFO] [EasyAIStudio] GET /api/gallery/526867194fd640a9b4042cc32588838b.png 200 11.12ms
[2026-08-14 16:12:07] [INFO] [EasyAIStudio] GET /api/gallery 200 13.45ms
[2026-08-14 18:32:19] [INFO] [EasyAIStudio] Logger initialized.
[2026-08-14 18:32:19] [INFO] [EasyAIStudio] Bootstrap completed.
[2026-08-14 18:32:19] [INFO] [EasyAIStudio] Providers : 4
[2026-08-14 18:32:19] [INFO] [EasyAIStudio] Models    : 2
[2026-08-14 18:32:19] [INFO] [EasyAIStudio] Services  : 10
[2026-08-14 21:12:55] [INFO] [EasyAIStudio] Logger initialized.
[2026-08-14 21:12:55] [INFO] [EasyAIStudio] Bootstrap completed.
[2026-08-14 21:12:55] [INFO] [EasyAIStudio] Providers : 4
[2026-08-14 21:12:55] [INFO] [EasyAIStudio] Models    : 2
[2026-08-14 21:12:55] [INFO] [EasyAIStudio] Services  : 10
[2026-08-14 21:13:17] [INFO] [EasyAIStudio] GET /api/gallery 200 23.52ms
[2026-08-16 01:01:56] [INFO] [EasyAIStudio] Logger initialized.
[2026-08-16 01:01:56] [INFO] [EasyAIStudio] Bootstrap completed.
[2026-08-16 01:01:56] [INFO] [EasyAIStudio] Providers : 4
[2026-08-16 01:01:56] [INFO] [EasyAIStudio] Models    : 2
[2026-08-16 01:01:56] [INFO] [EasyAIStudio] Services  : 10
[2026-08-16 01:02:29] [INFO] [EasyAIStudio] GET /api/gallery 200 115.18ms
[2026-08-16 01:02:29] [INFO] [EasyAIStudio] GET /api/gallery/7be6bc397be34bde9bfc1a26a30ff60e.png 200 32.19ms
[2026-08-16 01:02:29] [INFO] [EasyAIStudio] GET /api/gallery/0d1f6dea9bed4dae8d026897d2590e6e.png 200 6.33ms
[2026-08-16 01:02:29] [INFO] [EasyAIStudio] GET /api/gallery/526867194fd640a9b4042cc32588838b.png 200 6.56ms
[2026-08-16 01:02:29] [INFO] [EasyAIStudio] GET /api/gallery/db08a2f1721b496baf54502fc9e9542c.png 200 6.69ms
[2026-08-16 01:02:29] [INFO] [EasyAIStudio] GET /api/gallery/bb4ec04be5ab4c89a5e00eee5d303f0d.png 200 6.73ms
[2026-08-16 01:02:29] [INFO] [EasyAIStudio] GET /api/gallery/dec2f35506c142a18ae6c8f1dacec0b9.png 200 7.98ms
[2026-08-16 01:32:40] [INFO] [EasyAIStudio] GET /api/gallery 200 60.34ms
[2026-08-16 01:32:40] [INFO] [EasyAIStudio] GET /api/gallery/7be6bc397be34bde9bfc1a26a30ff60e.png 200 1.46ms
[2026-08-16 01:32:40] [INFO] [EasyAIStudio] GET /api/gallery/bb4ec04be5ab4c89a5e00eee5d303f0d.png 200 1.35ms
[2026-08-16 01:32:40] [INFO] [EasyAIStudio] GET /api/gallery/dec2f35506c142a18ae6c8f1dacec0b9.png 200 1.66ms
[2026-08-16 01:32:40] [INFO] [EasyAIStudio] GET /api/gallery/db08a2f1721b496baf54502fc9e9542c.png 200 1.39ms
[2026-08-16 01:32:40] [INFO] [EasyAIStudio] GET /api/gallery/0d1f6dea9bed4dae8d026897d2590e6e.png 200 1.65ms
[2026-08-16 01:32:40] [INFO] [EasyAIStudio] GET /api/gallery/526867194fd640a9b4042cc32588838b.png 200 2.25ms
[2026-08-16 02:49:51] [INFO] [EasyAIStudio] GET /api/videos 307 7.58ms
[2026-08-16 02:49:51] [INFO] [EasyAIStudio] GET /api/videos/ 200 11.97ms
[2026-08-16 02:52:49] [INFO] [EasyAIStudio] GET /api/videos 307 0.37ms
[2026-08-16 02:52:49] [INFO] [EasyAIStudio] GET /api/videos/ 200 0.37ms
[2026-08-16 02:52:55] [INFO] [EasyAIStudio] GET /api/videos 307 0.56ms
[2026-08-16 02:52:55] [INFO] [EasyAIStudio] GET /api/videos/ 200 0.61ms
[2026-08-16 03:02:50] [INFO] [EasyAIStudio] GET /api/videos 307 0.74ms
[2026-08-16 03:02:50] [INFO] [EasyAIStudio] GET /api/videos/ 200 0.69ms
[2026-08-16 03:10:43] [INFO] [EasyAIStudio] GET /api/videos 307 0.54ms
[2026-08-16 03:10:43] [INFO] [EasyAIStudio] GET /api/videos/ 200 0.63ms
[2026-08-16 03:25:30] [INFO] [EasyAIStudio] GET /api/videos 307 0.58ms
[2026-08-16 03:25:30] [INFO] [EasyAIStudio] GET /api/videos/ 200 0.41ms
[2026-08-16 03:31:25] [INFO] [EasyAIStudio] GET /api/videos 307 0.71ms
[2026-08-16 03:31:25] [INFO] [EasyAIStudio] GET /api/videos/ 200 0.62ms
[2026-08-16 03:33:30] [INFO] [EasyAIStudio] GET /api/videos 307 0.50ms
[2026-08-16 03:33:30] [INFO] [EasyAIStudio] GET /api/videos/ 200 0.58ms
[2026-08-17 01:03:52] [INFO] [EasyAIStudio] Logger initialized.
[2026-08-17 01:03:52] [INFO] [EasyAIStudio] Bootstrap completed.
[2026-08-17 01:03:52] [INFO] [EasyAIStudio] Providers : 4
[2026-08-17 01:03:52] [INFO] [EasyAIStudio] Models    : 2
[2026-08-17 01:03:52] [INFO] [EasyAIStudio] Services  : 10
[2026-08-17 01:03:52] [INFO] [EasyAIStudio] GET /favicon.ico 404 11.49ms
[2026-08-17 01:04:47] [INFO] [EasyAIStudio] Logger initialized.
[2026-08-17 01:04:47] [INFO] [EasyAIStudio] Bootstrap completed.
[2026-08-17 01:04:47] [INFO] [EasyAIStudio] Providers : 4
[2026-08-17 01:04:47] [INFO] [EasyAIStudio] Models    : 2
[2026-08-17 01:04:47] [INFO] [EasyAIStudio] Services  : 10
[2026-08-17 01:07:04] [INFO] [EasyAIStudio] GET /api/videos 307 13.27ms
[2026-08-17 01:07:04] [INFO] [EasyAIStudio] GET /api/videos/ 200 11.01ms
[2026-08-17 01:25:15] [INFO] [EasyAIStudio] GET /api/videos 307 1.39ms
[2026-08-17 01:25:15] [INFO] [EasyAIStudio] GET /api/videos/ 200 0.49ms
[2026-08-17 01:26:18] [INFO] [EasyAIStudio] GET /api/videos 307 0.53ms
[2026-08-17 01:26:18] [INFO] [EasyAIStudio] GET /api/videos/ 200 0.57ms
[2026-08-17 01:28:05] [INFO] [EasyAIStudio] GET /api/videos 307 0.60ms
[2026-08-17 01:28:05] [INFO] [EasyAIStudio] GET /api/videos/ 200 0.55ms
[2026-08-17 01:31:52] [INFO] [EasyAIStudio] GET /api/videos 307 0.52ms
[2026-08-17 01:31:52] [INFO] [EasyAIStudio] GET /api/videos/ 200 0.86ms
[2026-08-17 01:33:21] [INFO] [EasyAIStudio] GET /api/videos 307 0.40ms
[2026-08-17 01:33:21] [INFO] [EasyAIStudio] GET /api/videos/ 200 0.66ms
[2026-08-17 02:07:15] [INFO] [EasyAIStudio] GET /api/videos 307 0.50ms
[2026-08-17 02:07:15] [INFO] [EasyAIStudio] GET /api/videos/ 200 0.77ms
[2026-08-17 02:07:18] [INFO] [EasyAIStudio] GET /api/videos 307 0.41ms
[2026-08-17 02:07:18] [INFO] [EasyAIStudio] GET /api/videos/ 200 1.53ms
[2026-08-17 16:47:14] [INFO] [EasyAIStudio] Logger initialized.
[2026-08-17 16:47:14] [INFO] [EasyAIStudio] Bootstrap completed.
[2026-08-17 16:47:14] [INFO] [EasyAIStudio] Providers : 4
[2026-08-17 16:47:14] [INFO] [EasyAIStudio] Models    : 2
[2026-08-17 16:47:14] [INFO] [EasyAIStudio] Services  : 10
[2026-08-17 17:23:55] [INFO] [EasyAIStudio] GET /api/videos 307 10.52ms
[2026-08-17 17:23:55] [INFO] [EasyAIStudio] GET /api/videos/ 200 8.85ms
[2026-08-17 17:31:46] [INFO] [EasyAIStudio] GET /api/videos 307 1.01ms
[2026-08-17 17:31:46] [INFO] [EasyAIStudio] GET /api/videos/ 200 0.58ms
[2026-08-17 17:41:07] [INFO] [EasyAIStudio] GET /api/videos 307 0.43ms
[2026-08-17 17:41:07] [INFO] [EasyAIStudio] GET /api/videos/ 200 0.39ms
[2026-08-17 18:01:51] [INFO] [EasyAIStudio] GET /api/videos 307 0.69ms
[2026-08-17 18:01:51] [INFO] [EasyAIStudio] GET /api/videos/ 200 0.65ms
[2026-08-17 18:05:08] [INFO] [EasyAIStudio] GET /api/videos 307 0.36ms
[2026-08-17 18:05:08] [INFO] [EasyAIStudio] GET /api/videos/ 200 0.71ms
[2026-08-17 18:22:44] [INFO] [EasyAIStudio] GET /sw.js 404 0.46ms
[2026-08-17 18:39:11] [INFO] [EasyAIStudio] GET /api/videos 307 0.52ms
[2026-08-17 18:39:11] [INFO] [EasyAIStudio] GET /api/videos/ 200 0.54ms
[2026-08-17 19:28:55] [INFO] [EasyAIStudio] GET /api/videos 307 0.60ms
[2026-08-17 19:28:55] [INFO] [EasyAIStudio] GET /api/videos/ 200 1.07ms
[2026-08-17 19:48:41] [INFO] [EasyAIStudio] GET /api/videos 307 0.57ms
[2026-08-17 19:48:41] [INFO] [EasyAIStudio] GET /api/videos/ 200 0.58ms
[2026-08-18 17:58:42] [INFO] [EasyAIStudio] Logger initialized.
[2026-08-18 17:58:42] [INFO] [EasyAIStudio] Bootstrap completed.
[2026-08-18 17:58:42] [INFO] [EasyAIStudio] Providers : 4
[2026-08-18 17:58:42] [INFO] [EasyAIStudio] Models    : 2
[2026-08-18 17:58:42] [INFO] [EasyAIStudio] Services  : 10
[2026-08-18 17:59:04] [INFO] [EasyAIStudio] GET /api/gallery 200 49.50ms
[2026-08-18 17:59:04] [INFO] [EasyAIStudio] GET /api/gallery/7be6bc397be34bde9bfc1a26a30ff60e.png 200 28.64ms
[2026-08-18 17:59:04] [INFO] [EasyAIStudio] GET /api/gallery/bb4ec04be5ab4c89a5e00eee5d303f0d.png 200 5.69ms
[2026-08-18 17:59:04] [INFO] [EasyAIStudio] GET /api/gallery/db08a2f1721b496baf54502fc9e9542c.png 200 5.83ms
[2026-08-18 17:59:04] [INFO] [EasyAIStudio] GET /api/gallery/dec2f35506c142a18ae6c8f1dacec0b9.png 200 5.95ms
[2026-08-18 17:59:04] [INFO] [EasyAIStudio] GET /api/gallery/0d1f6dea9bed4dae8d026897d2590e6e.png 200 6.03ms
[2026-08-18 17:59:04] [INFO] [EasyAIStudio] GET /api/gallery/526867194fd640a9b4042cc32588838b.png 200 6.26ms
[2026-08-18 18:07:08] [INFO] [EasyAIStudio] GET /api/videos 307 4.58ms
[2026-08-18 18:07:08] [INFO] [EasyAIStudio] GET /api/videos/ 200 8.65ms
[2026-08-18 23:10:27] [INFO] [EasyAIStudio] GET /api/videos 307 20.99ms
[2026-08-18 23:10:27] [INFO] [EasyAIStudio] GET /api/videos/ 200 1.13ms
[2026-08-18 23:11:31] [INFO] [EasyAIStudio] GET /api/videos 307 0.48ms
[2026-08-18 23:11:31] [INFO] [EasyAIStudio] GET /api/videos/ 200 0.48ms
[2026-08-18 23:11:33] [INFO] [EasyAIStudio] GET /api/videos 307 0.42ms
[2026-08-18 23:11:33] [INFO] [EasyAIStudio] GET /api/videos/ 200 0.56ms
[2026-08-18 23:12:16] [INFO] [EasyAIStudio] GET /api/videos 307 1.37ms
[2026-08-18 23:12:16] [INFO] [EasyAIStudio] GET /api/videos/ 200 1.24ms
[2026-08-18 23:12:49] [INFO] [EasyAIStudio] GET /api/videos 307 0.52ms
[2026-08-18 23:12:49] [INFO] [EasyAIStudio] GET /api/videos/ 200 0.86ms
[2026-08-18 23:12:51] [INFO] [EasyAIStudio] GET /api/videos 307 1.06ms
[2026-08-18 23:12:51] [INFO] [EasyAIStudio] GET /api/videos/ 200 0.87ms
[2026-08-18 23:12:53] [INFO] [EasyAIStudio] GET /api/videos 307 1.22ms
[2026-08-18 23:12:53] [INFO] [EasyAIStudio] GET /api/videos/ 200 0.72ms
[2026-08-18 23:12:55] [INFO] [EasyAIStudio] GET /api/videos 307 0.63ms
[2026-08-18 23:12:55] [INFO] [EasyAIStudio] GET /api/videos/ 200 0.62ms
[2026-08-18 23:13:20] [INFO] [EasyAIStudio] GET /api/videos 307 0.46ms
[2026-08-18 23:13:20] [INFO] [EasyAIStudio] GET /api/videos/ 200 0.47ms
[2026-08-18 23:17:12] [INFO] [EasyAIStudio] GET /api/videos 307 0.62ms
[2026-08-18 23:17:12] [INFO] [EasyAIStudio] GET /api/videos/ 200 0.59ms
[2026-08-19 16:43:38] [INFO] [EasyAIStudio] Logger initialized.
[2026-08-19 16:43:38] [INFO] [EasyAIStudio] Bootstrap completed.
[2026-08-19 16:43:38] [INFO] [EasyAIStudio] Providers : 4
[2026-08-19 16:43:38] [INFO] [EasyAIStudio] Models    : 2
[2026-08-19 16:43:38] [INFO] [EasyAIStudio] Services  : 10
[2026-08-19 16:48:21] [INFO] [EasyAIStudio] GET /api/videos 307 9.46ms
[2026-08-19 16:48:21] [INFO] [EasyAIStudio] GET /api/videos/ 200 9.54ms
[2026-08-20 16:57:22] [INFO] [EasyAIStudio] Logger initialized.
[2026-08-20 16:57:22] [INFO] [EasyAIStudio] Bootstrap completed.
[2026-08-20 16:57:22] [INFO] [EasyAIStudio] Providers : 4
[2026-08-20 16:57:22] [INFO] [EasyAIStudio] Models    : 2
[2026-08-20 16:57:22] [INFO] [EasyAIStudio] Services  : 10
[2026-08-20 17:21:58] [INFO] [EasyAIStudio] GET /api/videos 307 9.87ms
[2026-08-20 17:21:58] [INFO] [EasyAIStudio] GET /api/videos/ 200 15.06ms
[2026-08-20 22:26:45] [INFO] [EasyAIStudio] Logger initialized.
[2026-08-20 22:26:45] [INFO] [EasyAIStudio] Bootstrap completed.
[2026-08-20 22:26:45] [INFO] [EasyAIStudio] Providers : 4
[2026-08-20 22:26:45] [INFO] [EasyAIStudio] Models    : 2
[2026-08-20 22:26:45] [INFO] [EasyAIStudio] Services  : 10
[2026-08-20 22:29:21] [INFO] [EasyAIStudio] GET /api/videos 307 24.21ms
[2026-08-20 22:29:21] [INFO] [EasyAIStudio] GET /api/videos/ 200 12.99ms
[2026-08-20 22:29:23] [INFO] [EasyAIStudio] GET /api/videos 307 0.73ms
[2026-08-20 22:29:23] [INFO] [EasyAIStudio] GET /api/videos/ 200 0.75ms
[2026-08-20 22:34:19] [INFO] [EasyAIStudio] GET /api/videos 307 0.54ms
[2026-08-20 22:34:19] [INFO] [EasyAIStudio] GET /api/videos/ 200 0.55ms
[2026-08-20 23:02:01] [INFO] [EasyAIStudio] GET /api/videos 307 0.76ms
[2026-08-20 23:02:01] [INFO] [EasyAIStudio] GET /api/videos/ 200 0.73ms
[2026-08-22 17:02:02] [INFO] [EasyAIStudio] Logger initialized.
[2026-08-22 17:02:02] [INFO] [EasyAIStudio] Bootstrap completed.
[2026-08-22 17:02:02] [INFO] [EasyAIStudio] Providers : 4
[2026-08-22 17:02:02] [INFO] [EasyAIStudio] Models    : 2
[2026-08-22 17:02:02] [INFO] [EasyAIStudio] Services  : 10
[2026-08-22 17:02:51] [INFO] [EasyAIStudio] GET /api/videos 307 9.95ms
[2026-08-22 17:02:51] [INFO] [EasyAIStudio] GET /api/videos/ 200 16.13ms
[2026-08-22 17:22:26] [INFO] [EasyAIStudio] GET /api/videos 307 0.39ms
[2026-08-22 17:22:26] [INFO] [EasyAIStudio] GET /api/videos/ 200 0.71ms
[2026-08-23 17:32:20] [INFO] [EasyAIStudio] Logger initialized.
[2026-08-23 17:32:20] [INFO] [EasyAIStudio] Bootstrap completed.
[2026-08-23 17:32:20] [INFO] [EasyAIStudio] Providers : 4
[2026-08-23 17:32:20] [INFO] [EasyAIStudio] Models    : 2
[2026-08-23 17:32:20] [INFO] [EasyAIStudio] Services  : 10
[2026-08-23 21:01:39] [INFO] [EasyAIStudio] Logger initialized.
[2026-08-23 21:01:39] [INFO] [EasyAIStudio] Bootstrap completed.
[2026-08-23 21:01:39] [INFO] [EasyAIStudio] Providers : 4
[2026-08-23 21:01:39] [INFO] [EasyAIStudio] Models    : 2
[2026-08-23 21:01:39] [INFO] [EasyAIStudio] Services  : 10
[2026-08-23 21:02:35] [INFO] [EasyAIStudio] GET /api/videos 307 13.13ms
[2026-08-23 21:02:35] [INFO] [EasyAIStudio] GET /api/videos/ 200 17.81ms
[2026-08-23 21:11:32] [INFO] [EasyAIStudio] GET /api/videos 307 0.88ms
[2026-08-23 21:11:32] [INFO] [EasyAIStudio] GET /api/videos/ 200 0.54ms
[2026-08-23 21:21:02] [INFO] [EasyAIStudio] GET /api/videos 307 0.59ms
[2026-08-23 21:21:02] [INFO] [EasyAIStudio] GET /api/videos/ 200 0.77ms
[2026-08-23 22:03:21] [INFO] [EasyAIStudio] Logger initialized.
[2026-08-23 22:03:21] [INFO] [EasyAIStudio] Bootstrap completed.
[2026-08-23 22:03:21] [INFO] [EasyAIStudio] Providers : 4
[2026-08-23 22:03:21] [INFO] [EasyAIStudio] Models    : 2
[2026-08-23 22:03:21] [INFO] [EasyAIStudio] Services  : 10
[2026-08-23 22:17:08] [INFO] [EasyAIStudio] Logger initialized.
[2026-08-23 22:17:08] [INFO] [EasyAIStudio] Bootstrap completed.
[2026-08-23 22:17:08] [INFO] [EasyAIStudio] Providers : 4
[2026-08-23 22:17:08] [INFO] [EasyAIStudio] Models    : 2
[2026-08-23 22:17:08] [INFO] [EasyAIStudio] Services  : 10
[2026-08-23 22:17:34] [INFO] [EasyAIStudio] GET /api/videos 307 13.08ms
[2026-08-23 22:17:34] [INFO] [EasyAIStudio] GET /api/videos/ 200 1.84ms
[2026-08-24 19:47:13] [INFO] [EasyAIStudio] Logger initialized.
[2026-08-24 19:47:13] [INFO] [EasyAIStudio] Bootstrap completed.
[2026-08-24 19:47:13] [INFO] [EasyAIStudio] Providers : 4
[2026-08-24 19:47:13] [INFO] [EasyAIStudio] Models    : 2
[2026-08-24 19:47:13] [INFO] [EasyAIStudio] Services  : 10
[2026-08-24 19:48:32] [INFO] [EasyAIStudio] GET /api/videos 307 14.36ms
[2026-08-24 19:48:32] [INFO] [EasyAIStudio] GET /api/videos/ 200 10.52ms
[2026-08-24 20:06:10] [INFO] [EasyAIStudio] GET /api/videos 307 0.39ms
[2026-08-24 20:06:10] [INFO] [EasyAIStudio] GET /api/videos/ 200 0.82ms
[2026-08-25 14:57:07] [INFO] [EasyAIStudio] Logger initialized.
[2026-08-25 14:57:07] [INFO] [EasyAIStudio] Bootstrap completed.
[2026-08-25 14:57:07] [INFO] [EasyAIStudio] Providers : 4
[2026-08-25 14:57:07] [INFO] [EasyAIStudio] Models    : 2
[2026-08-25 14:57:07] [INFO] [EasyAIStudio] Services  : 10
[2026-08-25 14:57:49] [INFO] [EasyAIStudio] GET /api/videos 307 11.60ms
[2026-08-25 14:57:49] [INFO] [EasyAIStudio] GET /api/videos/ 200 9.84ms
[2026-08-25 22:44:11] [INFO] [EasyAIStudio] GET /api/videos 307 0.43ms
[2026-08-25 22:44:11] [INFO] [EasyAIStudio] GET /api/videos/ 200 0.58ms
[2026-08-26 12:04:03] [INFO] [EasyAIStudio] Logger initialized.
[2026-08-26 12:04:03] [INFO] [EasyAIStudio] Bootstrap completed.
[2026-08-26 12:04:03] [INFO] [EasyAIStudio] Providers : 4
[2026-08-26 12:04:03] [INFO] [EasyAIStudio] Models    : 2
[2026-08-26 12:04:03] [INFO] [EasyAIStudio] Services  : 10
[2026-08-26 16:57:13] [INFO] [EasyAIStudio] GET /api/videos 307 22.41ms
[2026-08-26 16:57:13] [INFO] [EasyAIStudio] GET /api/videos/ 200 13.86ms
[2026-08-27 15:48:31] [INFO] [EasyAIStudio] Logger initialized.
[2026-08-27 15:48:31] [INFO] [EasyAIStudio] Bootstrap completed.
[2026-08-27 15:48:31] [INFO] [EasyAIStudio] Providers : 4
[2026-08-27 15:48:31] [INFO] [EasyAIStudio] Models    : 2
[2026-08-27 15:48:31] [INFO] [EasyAIStudio] Services  : 10
[2026-08-27 15:54:27] [INFO] [EasyAIStudio] GET /api/videos 307 17.25ms
[2026-08-27 15:54:27] [INFO] [EasyAIStudio] GET /api/videos/ 200 11.00ms
[2026-08-27 21:18:59] [INFO] [EasyAIStudio] GET /api/videos 307 8.63ms
[2026-08-27 21:18:59] [INFO] [EasyAIStudio] GET /api/videos/ 200 1.22ms
[2026-08-27 23:16:12] [INFO] [EasyAIStudio] GET /api/videos 307 3.37ms
[2026-08-27 23:16:12] [INFO] [EasyAIStudio] GET /api/videos/ 200 1.57ms
[2026-08-27 23:38:59] [INFO] [EasyAIStudio] GET /api/videos 307 0.68ms
[2026-08-27 23:38:59] [INFO] [EasyAIStudio] GET /api/videos/ 200 0.80ms
[2026-08-28 00:32:10] [INFO] [EasyAIStudio] GET /api/videos 307 0.64ms
[2026-08-28 00:32:10] [INFO] [EasyAIStudio] GET /api/videos/ 200 1.59ms
[2026-08-28 08:16:50] [INFO] [EasyAIStudio] Logger initialized.
[2026-08-28 08:16:51] [INFO] [EasyAIStudio] Bootstrap completed.
[2026-08-28 08:16:51] [INFO] [EasyAIStudio] Providers : 4
[2026-08-28 08:16:51] [INFO] [EasyAIStudio] Models    : 2
[2026-08-28 08:16:51] [INFO] [EasyAIStudio] Services  : 10
[2026-08-28 09:33:17] [INFO] [EasyAIStudio] GET /api/videos 307 20.44ms
[2026-08-28 09:33:17] [INFO] [EasyAIStudio] GET /api/videos/ 200 13.08ms
[2026-08-28 09:42:19] [INFO] [EasyAIStudio] GET /api/videos 307 0.51ms
[2026-08-28 09:42:19] [INFO] [EasyAIStudio] GET /api/videos/ 200 0.65ms
[2026-08-28 09:44:38] [INFO] [EasyAIStudio] GET /api/videos 307 0.56ms
[2026-08-28 09:44:38] [INFO] [EasyAIStudio] GET /api/videos/ 200 0.53ms
[2026-08-28 10:17:08] [INFO] [EasyAIStudio] GET /api/videos 307 0.91ms
[2026-08-28 10:17:08] [INFO] [EasyAIStudio] GET /api/videos/ 200 0.64ms
[2026-08-28 10:21:52] [INFO] [EasyAIStudio] GET /api/videos 307 5.42ms
[2026-08-28 10:21:52] [INFO] [EasyAIStudio] GET /api/videos/ 200 0.71ms
[2026-08-28 11:03:46] [INFO] [EasyAIStudio] GET /api/videos 307 1.43ms
[2026-08-28 11:03:46] [INFO] [EasyAIStudio] GET /api/videos/ 200 0.74ms
[2026-08-28 11:17:44] [INFO] [EasyAIStudio] GET /api/videos 307 0.69ms
[2026-08-28 11:17:44] [INFO] [EasyAIStudio] GET /api/videos/ 200 0.75ms
[2026-08-28 12:26:47] [INFO] [EasyAIStudio] GET /api/videos 307 1.27ms
[2026-08-28 12:26:47] [INFO] [EasyAIStudio] GET /api/videos/ 200 1.10ms
[2026-08-28 12:26:51] [INFO] [EasyAIStudio] GET /api/videos 307 0.58ms
[2026-08-28 12:26:51] [INFO] [EasyAIStudio] GET /api/videos/ 200 0.63ms
[2026-08-28 13:14:37] [INFO] [EasyAIStudio] GET /api/videos 307 1.12ms
[2026-08-28 13:14:37] [INFO] [EasyAIStudio] GET /api/videos/ 200 8.12ms
[2026-08-28 13:42:13] [INFO] [EasyAIStudio] GET /api/videos 307 0.44ms
[2026-08-28 13:42:13] [INFO] [EasyAIStudio] GET /api/videos/ 200 1.69ms
[2026-08-28 13:43:09] [INFO] [EasyAIStudio] GET /api/videos 307 0.82ms
[2026-08-28 13:43:10] [INFO] [EasyAIStudio] GET /api/videos/ 200 1.10ms
[2026-08-28 13:49:33] [INFO] [EasyAIStudio] GET /api/videos 307 0.53ms
[2026-08-28 13:49:33] [INFO] [EasyAIStudio] GET /api/videos/ 200 0.64ms
[2026-08-28 13:53:13] [INFO] [EasyAIStudio] GET /api/videos 307 0.52ms
[2026-08-28 13:53:13] [INFO] [EasyAIStudio] GET /api/videos/ 200 0.60ms
[2026-08-28 13:55:08] [INFO] [EasyAIStudio] GET /api/videos 307 0.60ms
[2026-08-28 13:55:08] [INFO] [EasyAIStudio] GET /api/videos/ 200 0.57ms
[2026-08-28 13:57:39] [INFO] [EasyAIStudio] GET /api/videos 307 0.53ms
[2026-08-28 13:57:39] [INFO] [EasyAIStudio] GET /api/videos/ 200 0.61ms
[2026-08-28 13:58:13] [INFO] [EasyAIStudio] GET /api/videos 307 0.37ms
[2026-08-28 13:58:13] [INFO] [EasyAIStudio] GET /api/videos/ 200 0.72ms
[2026-08-28 13:58:19] [INFO] [EasyAIStudio] GET /api/videos 307 0.63ms
[2026-08-28 13:58:19] [INFO] [EasyAIStudio] GET /api/videos/ 200 0.72ms
[2026-08-28 13:59:21] [INFO] [EasyAIStudio] GET /api/videos 307 0.55ms
[2026-08-28 13:59:21] [INFO] [EasyAIStudio] GET /api/videos/ 200 0.82ms
[2026-08-28 14:00:26] [INFO] [EasyAIStudio] GET /api/videos 307 0.52ms
[2026-08-28 14:00:26] [INFO] [EasyAIStudio] GET /api/videos/ 200 0.97ms
[2026-08-28 14:01:15] [INFO] [EasyAIStudio] GET /api/videos 307 0.33ms
[2026-08-28 14:01:15] [INFO] [EasyAIStudio] GET /api/videos/ 200 0.65ms
[2026-08-28 14:01:55] [INFO] [EasyAIStudio] Logger initialized.
[2026-08-28 14:01:55] [INFO] [EasyAIStudio] Bootstrap completed.
[2026-08-28 14:01:55] [INFO] [EasyAIStudio] Providers : 4
[2026-08-28 14:01:55] [INFO] [EasyAIStudio] Models    : 2
[2026-08-28 14:01:55] [INFO] [EasyAIStudio] Services  : 10
[2026-08-28 14:02:18] [INFO] [EasyAIStudio] GET /api/videos 307 14.64ms
[2026-08-28 14:02:18] [INFO] [EasyAIStudio] GET /api/videos/ 200 1.11ms
[2026-08-28 14:04:03] [INFO] [EasyAIStudio] GET /api/videos 307 0.37ms
[2026-08-28 14:04:03] [INFO] [EasyAIStudio] GET /api/videos/ 200 0.71ms
[2026-08-28 14:04:04] [INFO] [EasyAIStudio] GET /api/videos 307 0.55ms
[2026-08-28 14:04:04] [INFO] [EasyAIStudio] GET /api/videos/ 200 0.60ms
[2026-08-28 14:10:25] [INFO] [EasyAIStudio] GET /api/videos 307 0.54ms
[2026-08-28 14:10:25] [INFO] [EasyAIStudio] GET /api/videos/ 200 2.16ms
[2026-08-28 14:19:36] [INFO] [EasyAIStudio] GET /api/videos 307 0.66ms
[2026-08-28 14:19:36] [INFO] [EasyAIStudio] GET /api/videos/ 200 1.05ms
[2026-08-28 14:19:38] [INFO] [EasyAIStudio] GET /api/videos 307 0.53ms
[2026-08-28 14:19:39] [INFO] [EasyAIStudio] GET /api/videos 307 0.36ms
[2026-08-28 14:19:39] [INFO] [EasyAIStudio] GET /api/videos/ 200 0.72ms
[2026-08-28 16:28:03] [INFO] [EasyAIStudio] GET /api/videos 307 3.00ms
[2026-08-28 16:28:03] [INFO] [EasyAIStudio] GET /api/videos/ 200 1.71ms
[2026-08-28 16:30:33] [INFO] [EasyAIStudio] GET /api/videos 307 0.78ms
[2026-08-28 16:30:33] [INFO] [EasyAIStudio] GET /api/videos/ 200 0.95ms
[2026-08-28 17:06:27] [INFO] [EasyAIStudio] GET /api/videos 307 0.63ms
[2026-08-28 17:06:27] [INFO] [EasyAIStudio] GET /api/videos/ 200 0.73ms
[2026-08-28 17:07:18] [INFO] [EasyAIStudio] GET /api/videos 307 0.85ms
[2026-08-28 17:07:18] [INFO] [EasyAIStudio] GET /api/videos/ 200 0.52ms
[2026-08-28 17:07:34] [INFO] [EasyAIStudio] GET /api/videos 307 0.63ms
[2026-08-28 17:07:34] [INFO] [EasyAIStudio] GET /api/videos/ 200 0.64ms
[2026-08-28 17:07:59] [INFO] [EasyAIStudio] GET /api/videos 307 0.59ms
[2026-08-28 17:07:59] [INFO] [EasyAIStudio] GET /api/videos/ 200 0.89ms
[2026-08-28 17:27:58] [INFO] [EasyAIStudio] GET /api/videos 307 0.66ms
[2026-08-28 17:27:58] [INFO] [EasyAIStudio] GET /api/videos/ 200 0.45ms
[2026-08-28 17:47:51] [INFO] [EasyAIStudio] GET /api/videos 307 0.68ms
[2026-08-28 17:47:51] [INFO] [EasyAIStudio] GET /api/videos/ 200 0.48ms
[2026-08-28 17:51:25] [INFO] [EasyAIStudio] GET /api/videos 307 0.61ms
[2026-08-28 17:51:25] [INFO] [EasyAIStudio] GET /api/videos/ 200 0.72ms
[2026-08-28 17:57:37] [INFO] [EasyAIStudio] GET /api/videos 307 0.69ms
[2026-08-28 17:57:37] [INFO] [EasyAIStudio] GET /api/videos/ 200 0.74ms
[2026-08-28 18:03:08] [INFO] [EasyAIStudio] GET /api/videos 307 0.62ms
[2026-08-28 18:03:08] [INFO] [EasyAIStudio] GET /api/videos/ 200 0.73ms
[2026-08-28 18:36:01] [INFO] [EasyAIStudio] GET /api/videos 307 0.48ms
[2026-08-28 18:36:01] [INFO] [EasyAIStudio] GET /api/videos/ 200 2.24ms
[2026-08-28 18:54:24] [INFO] [EasyAIStudio] GET /api/videos 307 0.68ms
[2026-08-28 18:54:24] [INFO] [EasyAIStudio] GET /api/videos/ 200 0.62ms
[2026-08-28 21:51:30] [INFO] [EasyAIStudio] Logger initialized.
[2026-08-28 21:51:30] [INFO] [EasyAIStudio] Bootstrap completed.
[2026-08-28 21:51:30] [INFO] [EasyAIStudio] Providers : 4
[2026-08-28 21:51:30] [INFO] [EasyAIStudio] Models    : 2
[2026-08-28 21:51:30] [INFO] [EasyAIStudio] Services  : 10
[2026-08-28 21:51:55] [INFO] [EasyAIStudio] GET /api/videos 307 27.44ms
[2026-08-28 21:51:55] [INFO] [EasyAIStudio] GET /api/videos/ 200 2.27ms
[2026-08-28 21:51:58] [INFO] [EasyAIStudio] GET /api/videos 307 0.60ms
[2026-08-28 21:51:58] [INFO] [EasyAIStudio] GET /api/videos/ 200 1.79ms
[2026-08-29 01:48:28] [INFO] [EasyAIStudio] Logger initialized.
[2026-08-29 01:48:28] [INFO] [EasyAIStudio] Bootstrap completed.
[2026-08-29 01:48:28] [INFO] [EasyAIStudio] Providers : 4
[2026-08-29 01:48:28] [INFO] [EasyAIStudio] Models    : 2
[2026-08-29 01:48:28] [INFO] [EasyAIStudio] Services  : 10
[2026-08-29 01:49:44] [INFO] [EasyAIStudio] GET /api/videos 307 13.21ms
[2026-08-29 01:49:44] [INFO] [EasyAIStudio] GET /api/videos/ 200 1.41ms
[2026-08-29 01:49:45] [INFO] [EasyAIStudio] GET /api/videos 307 0.38ms
[2026-08-29 01:49:45] [INFO] [EasyAIStudio] GET /api/videos/ 200 0.53ms
[2026-08-29 01:49:47] [INFO] [EasyAIStudio] GET /api/videos 307 0.45ms
[2026-08-29 01:49:47] [INFO] [EasyAIStudio] GET /api/videos/ 200 0.55ms
[2026-08-29 01:51:20] [INFO] [EasyAIStudio] GET /api/videos 307 0.49ms
[2026-08-29 01:51:20] [INFO] [EasyAIStudio] GET /api/videos/ 200 0.53ms
[2026-08-29 01:51:26] [INFO] [EasyAIStudio] GET /api/videos 307 0.60ms
[2026-08-29 01:51:26] [INFO] [EasyAIStudio] GET /api/videos/ 200 3.25ms
[2026-08-29 09:14:18] [INFO] [EasyAIStudio] Logger initialized.
[2026-08-29 09:14:18] [INFO] [EasyAIStudio] Bootstrap completed.
[2026-08-29 09:14:18] [INFO] [EasyAIStudio] Providers : 4
[2026-08-29 09:14:18] [INFO] [EasyAIStudio] Models    : 2
[2026-08-29 09:14:18] [INFO] [EasyAIStudio] Services  : 10
[2026-08-29 09:21:01] [INFO] [EasyAIStudio] GET /api/videos 307 10.47ms
[2026-08-29 09:21:02] [INFO] [EasyAIStudio] GET /api/videos/ 200 13.77ms
[2026-08-29 09:49:09] [INFO] [EasyAIStudio] GET /api/videos 307 0.65ms
[2026-08-29 09:49:09] [INFO] [EasyAIStudio] GET /api/videos/ 200 0.70ms
[2026-08-30 00:55:25] [INFO] [EasyAIStudio] Logger initialized.
[2026-08-30 00:55:26] [INFO] [EasyAIStudio] Bootstrap completed.
[2026-08-30 00:55:26] [INFO] [EasyAIStudio] Providers : 4
[2026-08-30 00:55:26] [INFO] [EasyAIStudio] Models    : 2
[2026-08-30 00:55:26] [INFO] [EasyAIStudio] Services  : 10
[2026-08-30 09:01:43] [INFO] [EasyAIStudio] Logger initialized.
[2026-08-30 09:01:43] [INFO] [EasyAIStudio] Bootstrap completed.
[2026-08-30 09:01:43] [INFO] [EasyAIStudio] Providers : 4
[2026-08-30 09:01:43] [INFO] [EasyAIStudio] Models    : 2
[2026-08-30 09:01:43] [INFO] [EasyAIStudio] Services  : 10
[2026-08-30 09:35:06] [INFO] [EasyAIStudio] GET /api/videos 307 10.00ms
[2026-08-30 09:35:06] [INFO] [EasyAIStudio] GET /api/videos/ 200 10.34ms
[2026-08-30 09:40:23] [INFO] [EasyAIStudio] GET /api/videos 307 0.43ms
[2026-08-30 09:40:23] [INFO] [EasyAIStudio] GET /api/videos/ 200 0.55ms
[2026-08-31 00:50:09] [INFO] [EasyAIStudio] Logger initialized.
[2026-08-31 00:50:09] [INFO] [EasyAIStudio] Bootstrap completed.
[2026-08-31 00:50:09] [INFO] [EasyAIStudio] Providers : 4
[2026-08-31 00:50:09] [INFO] [EasyAIStudio] Models    : 2
[2026-08-31 00:50:09] [INFO] [EasyAIStudio] Services  : 10
[2026-08-31 01:12:27] [INFO] [EasyAIStudio] GET /api/videos 307 14.05ms
[2026-08-31 01:12:27] [INFO] [EasyAIStudio] GET /api/videos/ 200 8.90ms
[2026-08-31 01:58:24] [INFO] [EasyAIStudio] GET /api/videos 307 0.45ms
[2026-08-31 01:58:25] [INFO] [EasyAIStudio] GET /api/videos/ 200 0.79ms
[2026-08-31 01:58:37] [INFO] [EasyAIStudio] GET /api/videos 307 0.41ms
[2026-08-31 01:58:37] [INFO] [EasyAIStudio] GET /api/videos/ 200 0.38ms
[2026-08-31 02:09:32] [INFO] [EasyAIStudio] GET /api/videos 307 0.59ms
[2026-08-31 02:09:32] [INFO] [EasyAIStudio] GET /api/videos/ 200 0.46ms
[2026-08-31 02:09:48] [INFO] [EasyAIStudio] GET /api/videos 307 0.35ms
[2026-08-31 02:09:48] [INFO] [EasyAIStudio] GET /api/videos/ 200 0.58ms
[2026-09-01 01:02:35] [INFO] [EasyAIStudio] Logger initialized.
[2026-09-01 01:02:35] [INFO] [EasyAIStudio] Bootstrap completed.
[2026-09-01 01:02:35] [INFO] [EasyAIStudio] Providers : 4
[2026-09-01 01:02:35] [INFO] [EasyAIStudio] Models    : 2
[2026-09-01 01:02:35] [INFO] [EasyAIStudio] Services  : 10
[2026-09-01 01:04:24] [INFO] [EasyAIStudio] GET /api/videos 307 12.24ms
[2026-09-01 01:04:24] [INFO] [EasyAIStudio] GET /api/videos/ 200 19.76ms
[2026-09-01 01:25:17] [INFO] [EasyAIStudio] Logger initialized.
[2026-09-01 01:25:17] [INFO] [EasyAIStudio] Bootstrap completed.
[2026-09-01 01:25:17] [INFO] [EasyAIStudio] Providers : 4
[2026-09-01 01:25:17] [INFO] [EasyAIStudio] Models    : 2
[2026-09-01 01:25:17] [INFO] [EasyAIStudio] Services  : 10
[2026-09-01 02:02:31] [INFO] [EasyAIStudio] GET /api/videos 307 13.74ms
[2026-09-01 02:02:31] [INFO] [EasyAIStudio] GET /api/videos/ 200 52.38ms
[2026-09-01 02:03:54] [INFO] [EasyAIStudio] GET /api/videos 307 0.45ms
[2026-09-01 02:03:54] [INFO] [EasyAIStudio] GET /api/videos/ 200 0.64ms
[2026-09-01 02:05:12] [INFO] [EasyAIStudio] Logger initialized.
[2026-09-01 02:05:12] [INFO] [EasyAIStudio] Bootstrap completed.
[2026-09-01 02:05:12] [INFO] [EasyAIStudio] Providers : 4
[2026-09-01 02:05:12] [INFO] [EasyAIStudio] Models    : 2
[2026-09-01 02:05:12] [INFO] [EasyAIStudio] Services  : 10
[2026-09-01 02:05:29] [INFO] [EasyAIStudio] GET /api/videos 307 13.44ms
[2026-09-01 02:05:29] [INFO] [EasyAIStudio] GET /api/videos/ 200 1.47ms
[2026-09-01 02:05:32] [INFO] [EasyAIStudio] GET /api/videos 307 0.51ms
[2026-09-01 02:05:32] [INFO] [EasyAIStudio] GET /api/videos/ 200 0.63ms
[2026-09-01 02:08:15] [INFO] [EasyAIStudio] GET /api/videos 307 0.42ms
[2026-09-01 02:08:15] [INFO] [EasyAIStudio] GET /api/videos/ 200 0.66ms
[2026-09-01 02:19:20] [INFO] [EasyAIStudio] GET /api/videos 307 0.55ms
[2026-09-01 02:19:20] [INFO] [EasyAIStudio] GET /api/videos/ 200 0.65ms
[2026-09-01 02:19:22] [INFO] [EasyAIStudio] GET /api/videos 307 0.56ms
[2026-09-01 02:19:22] [INFO] [EasyAIStudio] GET /api/videos/ 200 0.62ms
[2026-09-01 02:19:54] [INFO] [EasyAIStudio] GET /api/videos 307 0.72ms
[2026-09-01 02:19:55] [INFO] [EasyAIStudio] GET /api/videos/ 200 0.58ms
[2026-09-01 02:19:55] [INFO] [EasyAIStudio] GET /api/videos 307 0.60ms
[2026-09-01 02:19:55] [INFO] [EasyAIStudio] GET /api/videos/ 200 0.63ms
[2026-09-01 02:19:56] [INFO] [EasyAIStudio] GET /api/videos 307 0.60ms
[2026-09-01 02:19:56] [INFO] [EasyAIStudio] GET /api/videos/ 200 0.53ms
[2026-09-01 02:19:56] [INFO] [EasyAIStudio] GET /api/videos 307 0.59ms
[2026-09-01 02:19:56] [INFO] [EasyAIStudio] GET /api/videos/ 200 0.73ms
[2026-09-01 02:19:56] [INFO] [EasyAIStudio] GET /api/videos 307 0.48ms
[2026-09-01 02:19:56] [INFO] [EasyAIStudio] GET /api/videos/ 200 0.54ms
[2026-09-01 02:20:03] [INFO] [EasyAIStudio] GET /api/videos 307 0.49ms
[2026-09-01 02:20:03] [INFO] [EasyAIStudio] GET /api/videos/ 200 0.76ms
[2026-09-01 02:28:39] [INFO] [EasyAIStudio] GET /api/videos 307 0.43ms
[2026-09-01 02:28:39] [INFO] [EasyAIStudio] GET /api/videos/ 200 1.52ms
[2026-09-01 02:29:29] [INFO] [EasyAIStudio] Logger initialized.
[2026-09-01 02:29:29] [INFO] [EasyAIStudio] Bootstrap completed.
[2026-09-01 02:29:29] [INFO] [EasyAIStudio] Providers : 4
[2026-09-01 02:29:29] [INFO] [EasyAIStudio] Models    : 2
[2026-09-01 02:29:29] [INFO] [EasyAIStudio] Services  : 10
[2026-09-01 02:29:47] [INFO] [EasyAIStudio] GET /api/videos 307 12.35ms
[2026-09-01 02:29:47] [INFO] [EasyAIStudio] GET /api/videos/ 200 1.14ms
[2026-09-01 02:35:04] [INFO] [EasyAIStudio] GET /api/videos 307 0.45ms
[2026-09-01 02:35:04] [INFO] [EasyAIStudio] GET /api/videos/ 200 0.60ms
[2026-09-01 02:35:05] [INFO] [EasyAIStudio] GET /api/videos 307 0.47ms
[2026-09-01 02:35:05] [INFO] [EasyAIStudio] GET /api/videos/ 200 0.67ms
[2026-09-01 02:35:05] [INFO] [EasyAIStudio] GET /api/videos 307 0.47ms
[2026-09-01 02:35:05] [INFO] [EasyAIStudio] GET /api/videos/ 200 0.56ms
[2026-09-01 02:35:05] [INFO] [EasyAIStudio] GET /api/videos 307 0.38ms
[2026-09-01 02:35:05] [INFO] [EasyAIStudio] GET /api/videos/ 200 0.76ms
[2026-09-01 02:41:17] [INFO] [EasyAIStudio] GET /api/videos 307 0.57ms
[2026-09-01 02:41:17] [INFO] [EasyAIStudio] GET /api/videos/ 200 0.62ms
[2026-09-01 02:43:14] [INFO] [EasyAIStudio] GET /api/videos 307 0.46ms
[2026-09-01 02:43:14] [INFO] [EasyAIStudio] GET /api/videos/ 200 0.56ms
[2026-09-01 09:19:32] [INFO] [EasyAIStudio] Logger initialized.
[2026-09-01 09:19:32] [INFO] [EasyAIStudio] Bootstrap completed.
[2026-09-01 09:19:32] [INFO] [EasyAIStudio] Providers : 4
[2026-09-01 09:19:32] [INFO] [EasyAIStudio] Models    : 2
[2026-09-01 09:19:32] [INFO] [EasyAIStudio] Services  : 10
[2026-09-01 09:23:22] [INFO] [EasyAIStudio] GET /api/videos 307 17.24ms
[2026-09-01 09:23:22] [INFO] [EasyAIStudio] GET /api/videos/ 200 11.74ms
[2026-09-01 09:23:24] [INFO] [EasyAIStudio] GET /api/videos 307 0.53ms
[2026-09-01 09:23:24] [INFO] [EasyAIStudio] GET /api/videos/ 200 0.55ms
[2026-09-01 09:54:12] [INFO] [EasyAIStudio] GET /api/videos 307 0.60ms
[2026-09-01 09:54:12] [INFO] [EasyAIStudio] GET /api/videos/ 200 8.64ms
[2026-09-01 09:54:14] [INFO] [EasyAIStudio] GET /api/videos 307 0.63ms
[2026-09-01 09:54:14] [INFO] [EasyAIStudio] GET /api/videos/ 200 0.55ms
[2026-09-01 09:54:15] [INFO] [EasyAIStudio] GET /api/videos 307 0.36ms
[2026-09-01 09:54:15] [INFO] [EasyAIStudio] GET /api/videos/ 200 0.77ms
[2026-09-01 10:52:57] [INFO] [EasyAIStudio] GET /api/videos 307 1.27ms
[2026-09-01 10:52:57] [INFO] [EasyAIStudio] GET /api/videos/ 200 0.98ms
[2026-09-01 10:52:58] [INFO] [EasyAIStudio] GET /api/videos 307 0.51ms
[2026-09-01 10:52:58] [INFO] [EasyAIStudio] GET /api/videos/ 200 0.85ms
[2026-09-01 10:55:22] [INFO] [EasyAIStudio] GET /api/videos 307 0.60ms
[2026-09-01 10:55:22] [INFO] [EasyAIStudio] GET /api/videos/ 200 0.57ms
[2026-09-01 10:55:59] [INFO] [EasyAIStudio] Logger initialized.
[2026-09-01 10:55:59] [INFO] [EasyAIStudio] Bootstrap completed.
[2026-09-01 10:55:59] [INFO] [EasyAIStudio] Providers : 4
[2026-09-01 10:55:59] [INFO] [EasyAIStudio] Models    : 2
[2026-09-01 10:55:59] [INFO] [EasyAIStudio] Services  : 10
[2026-09-01 10:56:18] [INFO] [EasyAIStudio] GET /api/videos 307 19.49ms
[2026-09-01 10:56:18] [INFO] [EasyAIStudio] GET /api/videos/ 200 11.60ms
[2026-09-01 10:57:44] [INFO] [EasyAIStudio] GET /api/videos 307 0.52ms
[2026-09-01 10:57:44] [INFO] [EasyAIStudio] GET /api/videos/ 200 0.56ms
[2026-09-02 01:30:55] [INFO] [EasyAIStudio] Logger initialized.
[2026-09-02 01:30:55] [INFO] [EasyAIStudio] Bootstrap completed.
[2026-09-02 01:30:55] [INFO] [EasyAIStudio] Providers : 4
[2026-09-02 01:30:55] [INFO] [EasyAIStudio] Models    : 2
[2026-09-02 01:30:55] [INFO] [EasyAIStudio] Services  : 10
[2026-09-02 01:32:13] [INFO] [EasyAIStudio] GET /api/videos 307 14.11ms
[2026-09-02 01:32:13] [INFO] [EasyAIStudio] GET /api/videos/ 200 9.20ms
[2026-09-02 01:32:15] [INFO] [EasyAIStudio] GET /api/videos 307 0.58ms
[2026-09-02 01:32:16] [INFO] [EasyAIStudio] GET /api/videos/ 200 0.64ms
[2026-09-02 01:32:16] [INFO] [EasyAIStudio] GET /api/videos 307 0.56ms
[2026-09-02 01:32:16] [INFO] [EasyAIStudio] GET /api/videos/ 200 0.51ms
[2026-09-02 02:00:24] [INFO] [EasyAIStudio] GET /api/videos 307 0.54ms
[2026-09-02 02:00:24] [INFO] [EasyAIStudio] GET /api/videos/ 200 0.54ms
[2026-09-02 10:18:50] [INFO] [EasyAIStudio] Logger initialized.
[2026-09-02 10:18:50] [INFO] [EasyAIStudio] Bootstrap completed.
[2026-09-02 10:18:50] [INFO] [EasyAIStudio] Providers : 4
[2026-09-02 10:18:50] [INFO] [EasyAIStudio] Models    : 2
[2026-09-02 10:18:50] [INFO] [EasyAIStudio] Services  : 10
[2026-09-02 10:22:08] [INFO] [EasyAIStudio] GET /api/videos 307 10.24ms
[2026-09-02 10:22:08] [INFO] [EasyAIStudio] GET /api/videos/ 200 8.74ms
[2026-09-02 10:22:09] [INFO] [EasyAIStudio] GET /api/videos 307 0.32ms
[2026-09-02 10:22:09] [INFO] [EasyAIStudio] GET /api/videos/ 200 0.70ms
[2026-09-02 10:22:09] [INFO] [EasyAIStudio] GET /api/videos 307 0.47ms
[2026-09-02 10:22:09] [INFO] [EasyAIStudio] GET /api/videos/ 200 0.55ms
[2026-09-02 10:22:10] [INFO] [EasyAIStudio] GET /api/videos 307 0.43ms
[2026-09-02 10:22:10] [INFO] [EasyAIStudio] GET /api/videos/ 200 0.48ms
[2026-09-02 10:22:10] [INFO] [EasyAIStudio] GET /api/videos 307 0.40ms
[2026-09-02 10:22:10] [INFO] [EasyAIStudio] GET /api/videos/ 200 0.53ms
[2026-09-02 10:22:10] [INFO] [EasyAIStudio] GET /api/videos 307 0.33ms
[2026-09-02 10:22:10] [INFO] [EasyAIStudio] GET /api/videos/ 200 0.61ms
[2026-09-02 10:22:10] [INFO] [EasyAIStudio] GET /api/videos 307 0.43ms
[2026-09-02 10:22:10] [INFO] [EasyAIStudio] GET /api/videos/ 200 0.62ms
[2026-09-02 10:22:10] [INFO] [EasyAIStudio] GET /api/videos 307 0.36ms
[2026-09-02 10:22:10] [INFO] [EasyAIStudio] GET /api/videos/ 200 0.45ms
[2026-09-02 11:15:51] [INFO] [EasyAIStudio] Logger initialized.
[2026-09-02 11:15:51] [INFO] [EasyAIStudio] Bootstrap completed.
[2026-09-02 11:15:51] [INFO] [EasyAIStudio] Providers : 4
[2026-09-02 11:15:51] [INFO] [EasyAIStudio] Models    : 2
[2026-09-02 11:15:51] [INFO] [EasyAIStudio] Services  : 10
[2026-09-02 11:15:59] [INFO] [EasyAIStudio] GET /api/videos 307 29.98ms
[2026-09-02 11:15:59] [INFO] [EasyAIStudio] GET /api/videos/ 200 1.78ms
[2026-09-02 11:42:37] [INFO] [EasyAIStudio] Logger initialized.
[2026-09-02 11:42:37] [INFO] [EasyAIStudio] Bootstrap completed.
[2026-09-02 11:42:37] [INFO] [EasyAIStudio] Providers : 4
[2026-09-02 11:42:37] [INFO] [EasyAIStudio] Models    : 2
[2026-09-02 11:42:37] [INFO] [EasyAIStudio] Services  : 10
[2026-09-02 11:43:20] [INFO] [EasyAIStudio] Logger initialized.
[2026-09-02 11:43:20] [INFO] [EasyAIStudio] Bootstrap completed.
[2026-09-02 11:43:20] [INFO] [EasyAIStudio] Providers : 4
[2026-09-02 11:43:20] [INFO] [EasyAIStudio] Models    : 2
[2026-09-02 11:43:20] [INFO] [EasyAIStudio] Services  : 10
[2026-09-02 11:46:16] [INFO] [EasyAIStudio] POST /api/videos/export 200 507.10ms
[2026-09-02 11:46:39] [INFO] [EasyAIStudio] GET /api/videos/export/status 200 0.94ms
[2026-09-02 11:47:19] [INFO] [EasyAIStudio] GET /api/videos 307 5.46ms
[2026-09-02 11:47:19] [INFO] [EasyAIStudio] GET /api/videos/ 200 1.95ms
[2026-09-02 11:47:20] [INFO] [EasyAIStudio] GET /api/videos 307 0.37ms
[2026-09-02 11:47:20] [INFO] [EasyAIStudio] GET /api/videos/ 200 1.07ms
[2026-09-02 11:47:21] [INFO] [EasyAIStudio] GET /api/videos 307 0.41ms
[2026-09-02 11:47:21] [INFO] [EasyAIStudio] GET /api/videos/ 200 0.38ms
[2026-09-02 11:47:21] [INFO] [EasyAIStudio] GET /api/videos 307 0.39ms
[2026-09-02 11:47:21] [INFO] [EasyAIStudio] GET /api/videos/ 200 0.48ms
[2026-09-02 12:19:00] [INFO] [EasyAIStudio] Logger initialized.
[2026-09-02 12:19:00] [INFO] [EasyAIStudio] Logger initialized.
[2026-09-02 12:19:00] [INFO] [EasyAIStudio] Bootstrap completed.
[2026-09-02 12:19:00] [INFO] [EasyAIStudio] Providers : 4
[2026-09-02 12:19:00] [INFO] [EasyAIStudio] Models    : 2
[2026-09-02 12:19:00] [INFO] [EasyAIStudio] Services  : 10
[2026-09-02 12:19:00] [INFO] [EasyAIStudio] Bootstrap completed.
[2026-09-02 12:19:00] [INFO] [EasyAIStudio] Providers : 4
[2026-09-02 12:19:00] [INFO] [EasyAIStudio] Models    : 2
[2026-09-02 12:19:00] [INFO] [EasyAIStudio] Services  : 10
[2026-09-02 12:19:23] [INFO] [EasyAIStudio] Logger initialized.
[2026-09-02 12:19:23] [INFO] [EasyAIStudio] Bootstrap completed.
[2026-09-02 12:19:23] [INFO] [EasyAIStudio] Providers : 4
[2026-09-02 12:19:23] [INFO] [EasyAIStudio] Models    : 2
[2026-09-02 12:19:23] [INFO] [EasyAIStudio] Services  : 10
[2026-09-02 12:19:52] [INFO] [EasyAIStudio] POST /api/videos/export 200 539.99ms
[2026-09-02 12:20:18] [INFO] [EasyAIStudio] GET /api/videos/export/status 200 1.01ms
[2026-09-02 12:25:56] [INFO] [EasyAIStudio] Logger initialized.
[2026-09-02 12:25:56] [INFO] [EasyAIStudio] Bootstrap completed.
[2026-09-02 12:25:56] [INFO] [EasyAIStudio] Providers : 4
[2026-09-02 12:25:56] [INFO] [EasyAIStudio] Models    : 2
[2026-09-02 12:25:56] [INFO] [EasyAIStudio] Services  : 10
[2026-09-02 12:26:24] [INFO] [EasyAIStudio] Logger initialized.
[2026-09-02 12:26:24] [INFO] [EasyAIStudio] Bootstrap completed.
[2026-09-02 12:26:24] [INFO] [EasyAIStudio] Providers : 4
[2026-09-02 12:26:24] [INFO] [EasyAIStudio] Models    : 2
[2026-09-02 12:26:24] [INFO] [EasyAIStudio] Services  : 10
[2026-09-02 12:26:41] [INFO] [EasyAIStudio] GET /api/videos/export/status 200 9.36ms
[2026-09-02 12:27:10] [INFO] [EasyAIStudio] POST /api/videos/export 200 530.11ms
[2026-09-02 12:27:36] [INFO] [EasyAIStudio] GET /api/videos/export/status 200 0.75ms
[2026-09-02 12:28:28] [INFO] [EasyAIStudio] GET /api/videos 307 4.98ms
[2026-09-02 12:28:28] [INFO] [EasyAIStudio] GET /api/videos/ 200 1.07ms
[2026-09-02 12:28:29] [INFO] [EasyAIStudio] GET /api/videos 307 0.54ms
[2026-09-02 12:28:29] [INFO] [EasyAIStudio] GET /api/videos/ 200 0.63ms
[2026-09-02 12:58:30] [INFO] [EasyAIStudio] Logger initialized.
[2026-09-02 12:58:30] [INFO] [EasyAIStudio] Bootstrap completed.
[2026-09-02 12:58:30] [INFO] [EasyAIStudio] Providers : 4
[2026-09-02 12:58:30] [INFO] [EasyAIStudio] Models    : 2
[2026-09-02 12:58:30] [INFO] [EasyAIStudio] Services  : 10
[2026-09-02 13:07:33] [INFO] [EasyAIStudio] Logger initialized.
[2026-09-02 13:07:33] [INFO] [EasyAIStudio] Bootstrap completed.
[2026-09-02 13:07:33] [INFO] [EasyAIStudio] Providers : 4
[2026-09-02 13:07:33] [INFO] [EasyAIStudio] Models    : 2
[2026-09-02 13:07:33] [INFO] [EasyAIStudio] Services  : 10
[2026-09-02 13:22:03] [INFO] [EasyAIStudio] GET /api/videos 307 15.41ms
[2026-09-02 13:22:03] [INFO] [EasyAIStudio] GET /api/videos/ 200 1.75ms
[2026-09-02 13:24:29] [INFO] [EasyAIStudio] GET /api/gallery 200 9.54ms
[2026-09-02 13:24:29] [INFO] [EasyAIStudio] GET /api/gallery/7be6bc397be34bde9bfc1a26a30ff60e.png 200 41.49ms
[2026-09-02 13:24:29] [INFO] [EasyAIStudio] GET /api/gallery/bb4ec04be5ab4c89a5e00eee5d303f0d.png 200 6.99ms
[2026-09-02 13:24:29] [INFO] [EasyAIStudio] GET /api/gallery/0d1f6dea9bed4dae8d026897d2590e6e.png 200 5.95ms
[2026-09-02 13:24:29] [INFO] [EasyAIStudio] GET /api/gallery/db08a2f1721b496baf54502fc9e9542c.png 200 6.05ms
[2026-09-02 13:24:29] [INFO] [EasyAIStudio] GET /api/gallery/dec2f35506c142a18ae6c8f1dacec0b9.png 200 6.07ms
[2026-09-02 13:24:29] [INFO] [EasyAIStudio] GET /api/gallery/526867194fd640a9b4042cc32588838b.png 200 6.33ms
[2026-09-02 13:24:35] [INFO] [EasyAIStudio] GET /api/videos 307 0.58ms
[2026-09-02 13:24:35] [INFO] [EasyAIStudio] GET /api/videos/ 200 0.48ms
[2026-09-02 13:24:45] [INFO] [EasyAIStudio] GET /api/videos 307 0.45ms
[2026-09-02 13:24:45] [INFO] [EasyAIStudio] GET /api/videos/ 200 0.56ms
[2026-09-02 13:24:45] [INFO] [EasyAIStudio] GET /api/videos 307 0.58ms
[2026-09-02 13:24:45] [INFO] [EasyAIStudio] GET /api/videos/ 200 0.83ms
[2026-09-02 13:27:17] [INFO] [EasyAIStudio] GET /api/videos 307 0.39ms
[2026-09-02 13:27:18] [INFO] [EasyAIStudio] GET /api/videos/ 200 0.61ms
[2026-09-02 13:27:18] [INFO] [EasyAIStudio] GET /api/videos 307 0.62ms
[2026-09-02 13:27:18] [INFO] [EasyAIStudio] GET /api/videos/ 200 3.58ms
[2026-09-02 13:27:35] [INFO] [EasyAIStudio] GET /api/videos 307 0.50ms
[2026-09-02 13:27:35] [INFO] [EasyAIStudio] GET /api/videos/ 200 1.86ms
[2026-09-02 13:28:25] [INFO] [EasyAIStudio] GET /api/videos 307 0.53ms
[2026-09-02 13:28:25] [INFO] [EasyAIStudio] GET /api/videos/ 200 0.84ms
[2026-09-02 13:44:39] [INFO] [EasyAIStudio] GET /api/videos 307 0.53ms
[2026-09-02 13:44:39] [INFO] [EasyAIStudio] GET /api/videos/ 200 0.78ms
[2026-09-02 13:44:45] [INFO] [EasyAIStudio] GET /api/videos 307 0.49ms
[2026-09-02 13:44:45] [INFO] [EasyAIStudio] GET /api/videos/ 200 0.55ms
[2026-09-02 13:45:20] [INFO] [EasyAIStudio] GET /api/gallery 200 7.69ms
[2026-09-02 13:45:23] [INFO] [EasyAIStudio] GET /api/videos 307 0.44ms
[2026-09-02 13:45:23] [INFO] [EasyAIStudio] GET /api/videos/ 200 0.51ms
[2026-09-02 13:45:30] [INFO] [EasyAIStudio] GET /api/videos 307 0.51ms
[2026-09-02 13:45:30] [INFO] [EasyAIStudio] GET /api/videos/ 200 0.76ms
[2026-09-02 13:45:31] [INFO] [EasyAIStudio] GET /api/videos 307 0.56ms
[2026-09-02 13:45:31] [INFO] [EasyAIStudio] GET /api/videos/ 200 0.58ms
[2026-09-02 13:45:31] [INFO] [EasyAIStudio] GET /api/videos 307 0.71ms
[2026-09-02 13:45:31] [INFO] [EasyAIStudio] GET /api/videos/ 200 0.80ms
[2026-09-02 13:46:28] [INFO] [EasyAIStudio] GET /api/videos 307 0.55ms
[2026-09-02 13:46:28] [INFO] [EasyAIStudio] GET /api/videos/ 200 0.69ms
[2026-09-02 13:50:06] [INFO] [EasyAIStudio] GET /api/videos 307 0.37ms
[2026-09-02 13:50:06] [INFO] [EasyAIStudio] GET /api/videos/ 200 1.20ms
[2026-09-02 13:51:23] [INFO] [EasyAIStudio] GET /api/videos 307 0.55ms
[2026-09-02 13:51:23] [INFO] [EasyAIStudio] GET /api/videos/ 200 0.97ms
[2026-09-02 13:51:24] [INFO] [EasyAIStudio] GET /api/videos 307 0.59ms
[2026-09-02 13:51:24] [INFO] [EasyAIStudio] GET /api/videos/ 200 0.85ms
[2026-09-02 13:51:51] [INFO] [EasyAIStudio] POST /api/files/upload 200 17.01ms
[2026-09-02 13:51:51] [INFO] [EasyAIStudio] OPTIONS /api/videos/export 200 0.15ms
[2026-09-02 13:51:51] [INFO] [EasyAIStudio] POST /api/videos/export 200 577.30ms
[2026-09-02 13:51:52] [INFO] [EasyAIStudio] GET /api/videos/export/status 200 1.37ms
[2026-09-02 13:51:52] [INFO] [EasyAIStudio] GET /api/videos/export/status 200 0.85ms
[2026-09-02 13:52:23] [INFO] [EasyAIStudio] GET /api/videos 307 0.44ms
[2026-09-02 13:52:23] [INFO] [EasyAIStudio] GET /api/videos/ 200 0.62ms
[2026-09-02 13:52:24] [INFO] [EasyAIStudio] GET /api/videos 307 0.49ms
[2026-09-02 13:52:24] [INFO] [EasyAIStudio] GET /api/videos/ 200 0.53ms
[2026-09-02 13:52:24] [INFO] [EasyAIStudio] GET /api/videos 307 0.37ms
[2026-09-02 13:52:24] [INFO] [EasyAIStudio] GET /api/videos/ 200 0.66ms
[2026-09-02 13:52:25] [INFO] [EasyAIStudio] GET /api/videos 307 0.43ms
[2026-09-02 13:52:25] [INFO] [EasyAIStudio] GET /api/videos 307 0.61ms
[2026-09-02 13:52:25] [INFO] [EasyAIStudio] GET /api/videos/ 200 1.10ms
[2026-09-02 13:52:42] [INFO] [EasyAIStudio] POST /api/files/upload 200 14.44ms
[2026-09-02 13:52:42] [INFO] [EasyAIStudio] OPTIONS /api/videos/export 200 0.10ms
[2026-09-02 13:52:42] [INFO] [EasyAIStudio] POST /api/videos/export 200 565.14ms
[2026-09-02 13:52:43] [INFO] [EasyAIStudio] GET /api/videos/export/status 200 0.65ms
[2026-09-02 13:52:43] [INFO] [EasyAIStudio] GET /api/videos/export/status 200 0.79ms
[2026-09-02 13:52:45] [INFO] [EasyAIStudio] OPTIONS /api/videos/export 200 0.11ms
[2026-09-02 13:52:46] [INFO] [EasyAIStudio] POST /api/videos/export 200 555.55ms
[2026-09-02 13:52:46] [INFO] [EasyAIStudio] GET /api/videos/export/status 200 1.21ms
[2026-09-02 13:52:46] [INFO] [EasyAIStudio] GET /api/videos/export/status 200 0.69ms
[2026-09-02 13:52:52] [INFO] [EasyAIStudio] OPTIONS /api/videos/export 200 0.17ms
[2026-09-02 13:52:52] [INFO] [EasyAIStudio] POST /api/videos/export 200 553.84ms
[2026-09-02 13:52:52] [INFO] [EasyAIStudio] GET /api/videos/export/status 200 1.05ms
[2026-09-02 13:52:53] [INFO] [EasyAIStudio] GET /api/videos/export/status 200 1.04ms
[2026-09-02 13:53:13] [INFO] [EasyAIStudio] OPTIONS /api/videos/export 200 0.14ms
[2026-09-02 13:53:14] [INFO] [EasyAIStudio] POST /api/videos/export 200 555.82ms
[2026-09-02 13:53:14] [INFO] [EasyAIStudio] GET /api/videos/export/status 200 0.83ms
[2026-09-02 13:53:14] [INFO] [EasyAIStudio] GET /api/videos/export/status 200 0.92ms
[2026-09-02 13:55:11] [INFO] [EasyAIStudio] GET /api/videos 307 0.41ms
[2026-09-02 13:55:11] [INFO] [EasyAIStudio] GET /api/videos/ 200 2.97ms
[2026-09-02 13:55:26] [INFO] [EasyAIStudio] POST /api/files/upload 200 17.27ms
[2026-09-02 13:55:26] [INFO] [EasyAIStudio] OPTIONS /api/videos/export 200 0.08ms
[2026-09-02 13:55:27] [INFO] [EasyAIStudio] POST /api/videos/export 200 566.63ms
[2026-09-02 13:55:27] [INFO] [EasyAIStudio] GET /api/videos/export/status 200 0.70ms
[2026-09-02 13:55:28] [INFO] [EasyAIStudio] GET /api/videos/export/status 200 0.77ms
[2026-09-02 13:55:32] [INFO] [EasyAIStudio] POST /api/videos/export 200 556.89ms
[2026-09-02 13:55:32] [INFO] [EasyAIStudio] GET /api/videos/export/status 200 0.65ms
[2026-09-02 13:55:33] [INFO] [EasyAIStudio] GET /api/videos/export/status 200 0.75ms
[2026-09-02 13:55:34] [INFO] [EasyAIStudio] POST /api/videos/export 200 556.99ms
[2026-09-02 13:55:34] [INFO] [EasyAIStudio] GET /api/videos/export/status 200 0.52ms
[2026-09-02 13:55:35] [INFO] [EasyAIStudio] GET /api/videos/export/status 200 0.73ms
[2026-09-02 13:55:38] [INFO] [EasyAIStudio] POST /api/videos/export 200 554.33ms
[2026-09-02 13:55:38] [INFO] [EasyAIStudio] GET /api/videos/export/status 200 0.79ms
[2026-09-02 13:55:38] [INFO] [EasyAIStudio] GET /api/videos/export/status 200 0.65ms
[2026-09-02 13:55:53] [INFO] [EasyAIStudio] POST /api/videos/export 200 559.49ms
[2026-09-02 13:55:53] [INFO] [EasyAIStudio] GET /api/videos/export/status 200 0.67ms
[2026-09-02 13:55:54] [INFO] [EasyAIStudio] GET /api/videos/export/status 200 0.85ms
[2026-09-02 13:55:55] [INFO] [EasyAIStudio] POST /api/videos/export 200 554.46ms
[2026-09-02 13:55:55] [INFO] [EasyAIStudio] GET /api/videos/export/status 200 0.77ms
[2026-09-02 13:55:56] [INFO] [EasyAIStudio] GET /api/videos/export/status 200 0.74ms
[2026-09-02 13:55:57] [INFO] [EasyAIStudio] POST /api/videos/export 200 552.13ms
[2026-09-02 13:55:58] [INFO] [EasyAIStudio] GET /api/videos/export/status 200 0.69ms
[2026-09-02 13:55:58] [INFO] [EasyAIStudio] GET /api/videos/export/status 200 0.68ms
[2026-09-02 13:56:11] [INFO] [EasyAIStudio] POST /api/videos/export 200 555.19ms
[2026-09-02 13:56:11] [INFO] [EasyAIStudio] GET /api/videos/export/status 200 0.59ms
[2026-09-02 13:56:12] [INFO] [EasyAIStudio] GET /api/videos/export/status 200 0.69ms
[2026-09-02 14:02:14] [INFO] [EasyAIStudio] POST /api/videos/export 200 556.29ms
[2026-09-02 14:02:14] [INFO] [EasyAIStudio] GET /api/videos/export/status 200 0.73ms
[2026-09-02 14:02:15] [INFO] [EasyAIStudio] GET /api/videos/export/status 200 0.89ms
[2026-09-02 14:14:02] [INFO] [EasyAIStudio] GET /api/videos 307 0.47ms
[2026-09-02 14:14:02] [INFO] [EasyAIStudio] GET /api/videos/ 200 0.81ms
[2026-09-02 14:14:06] [INFO] [EasyAIStudio] GET /api/videos 307 0.43ms
[2026-09-02 14:14:06] [INFO] [EasyAIStudio] GET /api/videos/ 200 2.62ms
[2026-09-02 14:14:24] [INFO] [EasyAIStudio] POST /api/files/upload 200 13.46ms
[2026-09-02 14:14:24] [INFO] [EasyAIStudio] OPTIONS /api/videos/export 200 0.12ms
[2026-09-02 14:14:24] [INFO] [EasyAIStudio] POST /api/videos/export 200 560.17ms
[2026-09-02 14:14:24] [INFO] [EasyAIStudio] GET /api/videos/export/status 200 0.53ms
[2026-09-02 14:14:25] [INFO] [EasyAIStudio] GET /api/videos/export/status 200 0.87ms
[2026-09-02 14:15:19] [INFO] [EasyAIStudio] POST /api/videos/export 200 541.16ms
[2026-09-02 14:15:19] [INFO] [EasyAIStudio] GET /api/videos/export/status 200 0.54ms
[2026-09-02 14:15:20] [INFO] [EasyAIStudio] GET /api/videos/export/status 200 0.65ms
[2026-09-02 14:15:25] [INFO] [EasyAIStudio] POST /api/videos/export 200 539.84ms
[2026-09-02 14:15:26] [INFO] [EasyAIStudio] GET /api/videos/export/status 200 0.60ms
[2026-09-02 14:15:26] [INFO] [EasyAIStudio] GET /api/videos/export/status 200 0.71ms
[2026-09-03 01:00:16] [INFO] [EasyAIStudio] Logger initialized.
[2026-09-03 01:00:16] [INFO] [EasyAIStudio] Bootstrap completed.
[2026-09-03 01:00:16] [INFO] [EasyAIStudio] Providers : 4
[2026-09-03 01:00:16] [INFO] [EasyAIStudio] Models    : 2
[2026-09-03 01:00:16] [INFO] [EasyAIStudio] Services  : 10
[2026-09-03 01:07:14] [INFO] [EasyAIStudio] GET /api/videos 307 41.89ms
[2026-09-03 01:07:14] [INFO] [EasyAIStudio] GET /api/videos/ 200 8.78ms
[2026-09-03 01:07:17] [INFO] [EasyAIStudio] GET /api/videos 307 0.47ms
[2026-09-03 01:07:17] [INFO] [EasyAIStudio] GET /api/videos/ 200 0.63ms
[2026-09-03 01:07:18] [INFO] [EasyAIStudio] GET /api/videos 307 0.46ms
[2026-09-03 01:07:18] [INFO] [EasyAIStudio] GET /api/videos/ 200 0.77ms
[2026-09-03 01:08:42] [INFO] [EasyAIStudio] POST /api/files/upload 200 21.42ms
[2026-09-03 01:08:42] [INFO] [EasyAIStudio] OPTIONS /api/videos/export 200 0.09ms
[2026-09-03 01:08:43] [INFO] [EasyAIStudio] POST /api/videos/export 200 555.41ms
[2026-09-03 01:08:43] [INFO] [EasyAIStudio] GET /api/videos/export/status 200 1.79ms
[2026-09-03 01:08:43] [INFO] [EasyAIStudio] GET /api/videos/export/status 200 0.71ms
[2026-09-03 01:09:27] [INFO] [EasyAIStudio] POST /api/videos/export 200 540.10ms
[2026-09-03 01:09:27] [INFO] [EasyAIStudio] GET /api/videos/export/status 200 0.79ms
[2026-09-03 01:09:28] [INFO] [EasyAIStudio] GET /api/videos/export/status 200 0.86ms
[2026-09-03 10:15:24] [INFO] [EasyAIStudio] Logger initialized.
[2026-09-03 10:15:24] [INFO] [EasyAIStudio] Bootstrap completed.
[2026-09-03 10:15:24] [INFO] [EasyAIStudio] Providers : 4
[2026-09-03 10:15:24] [INFO] [EasyAIStudio] Models    : 2
[2026-09-03 10:15:24] [INFO] [EasyAIStudio] Services  : 10
[2026-09-03 10:15:46] [INFO] [EasyAIStudio] GET /api/videos 307 10.22ms
[2026-09-03 10:15:46] [INFO] [EasyAIStudio] GET /api/videos/ 200 1.52ms
[2026-09-03 10:15:47] [INFO] [EasyAIStudio] GET /api/videos 307 0.35ms
[2026-09-03 10:15:47] [INFO] [EasyAIStudio] GET /api/videos/ 200 1.47ms
[2026-09-03 10:16:01] [INFO] [EasyAIStudio] POST /api/files/upload 200 14.13ms
[2026-09-03 10:16:01] [INFO] [EasyAIStudio] OPTIONS /api/videos/export 200 0.08ms
[2026-09-03 10:16:01] [INFO] [EasyAIStudio] POST /api/videos/export 200 541.97ms
[2026-09-03 10:16:01] [INFO] [EasyAIStudio] GET /api/videos/export/status 200 1.13ms
[2026-09-03 10:16:02] [INFO] [EasyAIStudio] GET /api/videos/export/status 200 0.62ms
[2026-09-03 10:16:02] [INFO] [EasyAIStudio] GET /exports/EasyAIStudio_Render_20260903_101601.mp4 200 26.74ms
[2026-09-03 10:16:55] [INFO] [EasyAIStudio] POST /api/videos/export 200 531.32ms
[2026-09-03 10:16:55] [INFO] [EasyAIStudio] GET /api/videos/export/status 200 0.49ms
[2026-09-03 10:16:55] [INFO] [EasyAIStudio] GET /api/videos/export/status 200 0.67ms
[2026-09-03 10:16:55] [INFO] [EasyAIStudio] GET /exports/EasyAIStudio_Render_20260903_101654.mp4 200 0.76ms
[2026-09-03 10:22:33] [INFO] [EasyAIStudio] POST /api/videos/export 200 526.87ms
[2026-09-03 10:22:34] [INFO] [EasyAIStudio] GET /api/videos/export/status 200 0.57ms
[2026-09-03 10:22:34] [INFO] [EasyAIStudio] GET /api/videos/export/status 200 0.63ms
[2026-09-03 10:22:34] [INFO] [EasyAIStudio] GET /exports/EasyAIStudio_Render_20260903_102233.mp4 200 0.94ms
[2026-09-03 10:24:09] [INFO] [EasyAIStudio] GET /api/videos 307 0.40ms
[2026-09-03 10:24:09] [INFO] [EasyAIStudio] GET /api/videos/ 200 0.50ms
[2026-09-03 10:24:11] [INFO] [EasyAIStudio] GET /api/videos 307 0.50ms
[2026-09-03 10:24:11] [INFO] [EasyAIStudio] GET /api/videos/ 200 0.66ms
[2026-09-03 10:26:30] [INFO] [EasyAIStudio] POST /api/files/upload 200 11.21ms
[2026-09-03 10:26:30] [INFO] [EasyAIStudio] OPTIONS /api/videos/export 200 0.10ms
[2026-09-03 10:26:31] [INFO] [EasyAIStudio] POST /api/videos/export 200 535.20ms
[2026-09-03 10:26:31] [INFO] [EasyAIStudio] GET /api/videos/export/status 200 0.52ms
[2026-09-03 10:26:31] [INFO] [EasyAIStudio] GET /api/videos/export/status 200 0.69ms
[2026-09-03 10:26:31] [INFO] [EasyAIStudio] GET /exports/EasyAIStudio_Render_20260903_102630.mp4 200 0.94ms
[2026-09-03 10:27:11] [INFO] [EasyAIStudio] GET /api/videos 307 0.55ms
[2026-09-03 10:27:11] [INFO] [EasyAIStudio] GET /api/videos/ 200 0.56ms
[2026-09-03 13:25:26] [INFO] [EasyAIStudio] Logger initialized.
[2026-09-03 13:25:26] [INFO] [EasyAIStudio] Bootstrap completed.
[2026-09-03 13:25:26] [INFO] [EasyAIStudio] Providers : 4
[2026-09-03 13:25:26] [INFO] [EasyAIStudio] Models    : 2
[2026-09-03 13:25:26] [INFO] [EasyAIStudio] Services  : 10
[2026-09-03 13:25:49] [INFO] [EasyAIStudio] GET /api/videos 307 53.72ms
[2026-09-03 13:25:49] [INFO] [EasyAIStudio] GET /api/videos/ 200 2.12ms
[2026-09-03 13:25:52] [INFO] [EasyAIStudio] GET /api/videos 307 0.55ms
[2026-09-03 13:25:52] [INFO] [EasyAIStudio] GET /api/videos/ 200 0.50ms
[2026-09-03 13:25:53] [INFO] [EasyAIStudio] GET /api/videos 307 0.70ms
[2026-09-03 13:25:53] [INFO] [EasyAIStudio] GET /api/videos/ 200 0.43ms
[2026-09-03 13:27:29] [INFO] [EasyAIStudio] Logger initialized.
[2026-09-03 13:27:29] [INFO] [EasyAIStudio] Bootstrap completed.
[2026-09-03 13:27:29] [INFO] [EasyAIStudio] Providers : 4
[2026-09-03 13:27:29] [INFO] [EasyAIStudio] Models    : 2
[2026-09-03 13:27:29] [INFO] [EasyAIStudio] Services  : 10
[2026-09-03 13:27:33] [INFO] [EasyAIStudio] GET /api/videos 307 58.21ms
[2026-09-03 13:27:33] [INFO] [EasyAIStudio] GET /api/videos/ 200 1.43ms
[2026-09-03 13:27:34] [INFO] [EasyAIStudio] GET /api/videos 307 0.65ms
[2026-09-03 13:27:34] [INFO] [EasyAIStudio] GET /api/videos/ 200 0.95ms
[2026-09-03 13:33:33] [INFO] [EasyAIStudio] Logger initialized.
[2026-09-03 13:33:33] [INFO] [EasyAIStudio] Bootstrap completed.
[2026-09-03 13:33:33] [INFO] [EasyAIStudio] Providers : 4
[2026-09-03 13:33:33] [INFO] [EasyAIStudio] Models    : 2
[2026-09-03 13:33:33] [INFO] [EasyAIStudio] Services  : 10
[2026-09-03 13:33:35] [INFO] [EasyAIStudio] GET /api/videos 307 13.36ms
[2026-09-03 13:33:35] [INFO] [EasyAIStudio] GET /api/videos/ 200 1.56ms
[2026-09-03 13:45:17] [INFO] [EasyAIStudio] Logger initialized.
[2026-09-03 13:45:17] [INFO] [EasyAIStudio] Bootstrap completed.
[2026-09-03 13:45:17] [INFO] [EasyAIStudio] Providers : 4
[2026-09-03 13:45:17] [INFO] [EasyAIStudio] Models    : 2
[2026-09-03 13:45:17] [INFO] [EasyAIStudio] Services  : 10
[2026-09-03 14:37:53] [INFO] [EasyAIStudio] GET /api/videos 307 13.91ms
[2026-09-03 14:37:53] [INFO] [EasyAIStudio] GET /api/videos/ 200 18.07ms
[2026-09-03 14:37:54] [INFO] [EasyAIStudio] GET /api/videos 307 0.85ms
[2026-09-03 14:37:54] [INFO] [EasyAIStudio] GET /api/videos/ 200 1.13ms
[2026-09-03 14:37:56] [INFO] [EasyAIStudio] GET /api/videos 307 0.40ms
[2026-09-03 14:37:56] [INFO] [EasyAIStudio] GET /api/videos/ 200 0.83ms
[2026-09-03 14:37:57] [INFO] [EasyAIStudio] GET /api/videos 307 0.58ms
[2026-09-03 14:37:57] [INFO] [EasyAIStudio] GET /api/videos/ 200 0.52ms
[2026-09-03 14:37:57] [INFO] [EasyAIStudio] GET /api/videos 307 0.59ms
[2026-09-03 14:37:57] [INFO] [EasyAIStudio] GET /api/videos/ 200 0.64ms
[2026-09-03 14:37:58] [INFO] [EasyAIStudio] GET /api/videos 307 0.63ms
[2026-09-03 14:37:58] [INFO] [EasyAIStudio] GET /api/videos/ 200 0.46ms
[2026-09-03 15:43:38] [INFO] [EasyAIStudio] GET /api/videos 307 0.46ms
[2026-09-03 15:43:38] [INFO] [EasyAIStudio] GET /api/videos/ 200 0.64ms
[2026-09-03 15:47:30] [INFO] [EasyAIStudio] GET /api/videos 307 0.43ms
[2026-09-03 15:47:30] [INFO] [EasyAIStudio] GET /api/videos/ 200 1.88ms
[2026-09-03 15:47:30] [INFO] [EasyAIStudio] GET /api/videos 307 0.62ms
[2026-09-03 15:47:30] [INFO] [EasyAIStudio] GET /api/videos/ 200 1.60ms
[2026-09-03 15:47:31] [INFO] [EasyAIStudio] GET /api/videos 307 0.63ms
[2026-09-03 15:47:31] [INFO] [EasyAIStudio] GET /api/videos/ 200 0.71ms
[2026-09-03 15:47:31] [INFO] [EasyAIStudio] GET /api/videos 307 0.56ms
[2026-09-03 15:47:31] [INFO] [EasyAIStudio] GET /api/videos/ 200 0.59ms
[2026-09-03 15:47:33] [INFO] [EasyAIStudio] GET /api/videos 307 0.69ms
[2026-09-03 15:47:33] [INFO] [EasyAIStudio] GET /api/videos/ 200 0.73ms
[2026-09-03 15:48:17] [INFO] [EasyAIStudio] Logger initialized.
[2026-09-03 15:48:18] [INFO] [EasyAIStudio] Bootstrap completed.
[2026-09-03 15:48:18] [INFO] [EasyAIStudio] Providers : 4
[2026-09-03 15:48:18] [INFO] [EasyAIStudio] Models    : 2
[2026-09-03 15:48:18] [INFO] [EasyAIStudio] Services  : 10
[2026-09-03 15:48:24] [INFO] [EasyAIStudio] GET /api/videos 307 55.19ms
[2026-09-03 15:48:24] [INFO] [EasyAIStudio] GET /api/videos/ 200 10.46ms
[2026-09-03 15:50:05] [INFO] [EasyAIStudio] GET /api/videos 307 0.70ms
[2026-09-03 15:50:05] [INFO] [EasyAIStudio] GET /api/videos/ 200 0.66ms
[2026-09-03 16:03:20] [INFO] [EasyAIStudio] GET /api/videos 307 0.63ms
[2026-09-03 16:03:20] [INFO] [EasyAIStudio] GET /api/videos/ 200 0.97ms
[2026-09-03 16:03:22] [INFO] [EasyAIStudio] GET /api/videos 307 0.56ms
[2026-09-03 16:03:22] [INFO] [EasyAIStudio] GET /api/videos/ 200 0.74ms
[2026-09-03 16:05:42] [INFO] [EasyAIStudio] GET /api/videos 307 0.56ms
[2026-09-03 16:05:42] [INFO] [EasyAIStudio] GET /api/videos/ 200 1.01ms
[2026-09-03 16:05:52] [INFO] [EasyAIStudio] GET /api/videos 307 0.36ms
[2026-09-03 16:05:52] [INFO] [EasyAIStudio] GET /api/videos/ 200 1.31ms
[2026-09-03 16:05:54] [INFO] [EasyAIStudio] GET /api/videos 307 0.51ms
[2026-09-03 16:05:54] [INFO] [EasyAIStudio] GET /api/videos/ 200 0.65ms
[2026-09-03 16:06:05] [INFO] [EasyAIStudio] POST /api/files/upload 200 27.18ms
[2026-09-03 16:06:05] [INFO] [EasyAIStudio] OPTIONS /api/videos/export 200 0.12ms
[2026-09-03 16:06:06] [INFO] [EasyAIStudio] POST /api/videos/export 400 95.63ms
[2026-09-03 16:06:25] [INFO] [EasyAIStudio] POST /api/videos/export 400 74.79ms
[2026-09-03 16:07:17] [INFO] [EasyAIStudio] POST /api/videos/export 400 74.00ms
[2026-09-03 16:07:39] [INFO] [EasyAIStudio] GET /api/videos 307 0.45ms
[2026-09-03 16:07:39] [INFO] [EasyAIStudio] GET /api/videos/ 200 0.81ms
[2026-09-03 16:07:54] [INFO] [EasyAIStudio] POST /api/files/upload 200 14.15ms
[2026-09-03 16:07:54] [INFO] [EasyAIStudio] OPTIONS /api/videos/export 200 0.15ms
[2026-09-03 16:07:54] [INFO] [EasyAIStudio] POST /api/videos/export 400 76.25ms
[2026-09-04 00:00:19] [INFO] [EasyAIStudio] OPTIONS /api/videos/export 200 1.65ms
[2026-09-04 00:00:20] [INFO] [EasyAIStudio] POST /api/videos/export 400 107.93ms
[2026-09-04 00:00:36] [INFO] [EasyAIStudio] POST /api/videos/export 400 89.54ms
[2026-09-04 00:03:37] [INFO] [EasyAIStudio] GET /api/videos 307 0.79ms
[2026-09-04 00:03:37] [INFO] [EasyAIStudio] GET /api/videos/ 200 0.83ms
[2026-09-04 00:04:00] [INFO] [EasyAIStudio] POST /api/files/upload 200 28.35ms
[2026-09-04 00:04:00] [INFO] [EasyAIStudio] OPTIONS /api/videos/export 200 0.24ms
[2026-09-04 00:04:00] [INFO] [EasyAIStudio] POST /api/videos/export 400 92.28ms
[2026-09-04 00:18:14] [INFO] [EasyAIStudio] Logger initialized.
[2026-09-04 00:18:14] [INFO] [EasyAIStudio] Bootstrap completed.
[2026-09-04 00:18:14] [INFO] [EasyAIStudio] Providers : 4
[2026-09-04 00:18:14] [INFO] [EasyAIStudio] Models    : 2
[2026-09-04 00:18:14] [INFO] [EasyAIStudio] Services  : 10
[2026-09-04 00:18:16] [INFO] [EasyAIStudio] GET /api/videos 307 82.93ms
[2026-09-04 00:18:16] [INFO] [EasyAIStudio] GET /api/videos/ 200 3.00ms
[2026-09-04 00:18:18] [INFO] [EasyAIStudio] GET /api/videos 307 1.13ms
[2026-09-04 00:18:18] [INFO] [EasyAIStudio] GET /api/videos/ 200 0.76ms
[2026-09-04 00:18:46] [INFO] [EasyAIStudio] Logger initialized.
[2026-09-04 00:18:46] [INFO] [EasyAIStudio] Bootstrap completed.
[2026-09-04 00:18:46] [INFO] [EasyAIStudio] Providers : 4
[2026-09-04 00:18:46] [INFO] [EasyAIStudio] Models    : 2
[2026-09-04 00:18:46] [INFO] [EasyAIStudio] Services  : 10
[2026-09-04 00:19:06] [INFO] [EasyAIStudio] POST /api/files/upload 200 44.46ms
[2026-09-04 00:19:06] [INFO] [EasyAIStudio] OPTIONS /api/videos/export 200 0.16ms
[2026-09-04 00:19:06] [INFO] [EasyAIStudio] POST /api/videos/export 200 99.46ms
[2026-09-04 00:19:07] [INFO] [EasyAIStudio] GET /api/videos/export/status 200 1.31ms
[2026-09-04 00:19:35] [INFO] [EasyAIStudio] POST /api/videos/export 200 85.28ms
[2026-09-04 00:19:35] [INFO] [EasyAIStudio] GET /api/videos/export/status 200 0.87ms
[2026-09-04 00:19:59] [INFO] [EasyAIStudio] POST /api/videos/export 200 84.95ms
[2026-09-04 00:19:59] [INFO] [EasyAIStudio] GET /api/videos/export/status 200 1.03ms
[2026-09-04 00:20:24] [INFO] [EasyAIStudio] POST /api/videos/export 200 84.70ms
[2026-09-04 00:20:24] [INFO] [EasyAIStudio] GET /api/videos/export/status 200 1.07ms
[2026-09-04 00:20:46] [INFO] [EasyAIStudio] GET /api/videos 307 20.45ms
[2026-09-04 00:20:46] [INFO] [EasyAIStudio] GET /api/videos/ 200 1.22ms
[2026-09-04 00:21:01] [INFO] [EasyAIStudio] POST /api/files/upload 200 22.77ms
[2026-09-04 00:21:01] [INFO] [EasyAIStudio] OPTIONS /api/videos/export 200 0.15ms
[2026-09-04 00:21:01] [INFO] [EasyAIStudio] POST /api/videos/export 200 89.63ms
[2026-09-04 00:21:01] [INFO] [EasyAIStudio] GET /api/videos/export/status 200 0.92ms
[2026-09-04 00:43:36] [INFO] [EasyAIStudio] Logger initialized.
[2026-09-04 00:43:36] [INFO] [EasyAIStudio] Bootstrap completed.
[2026-09-04 00:43:36] [INFO] [EasyAIStudio] Providers : 4
[2026-09-04 00:43:36] [INFO] [EasyAIStudio] Models    : 2
[2026-09-04 00:43:36] [INFO] [EasyAIStudio] Services  : 10
[2026-09-04 00:52:54] [INFO] [EasyAIStudio] Logger initialized.
[2026-09-04 00:52:54] [INFO] [EasyAIStudio] Bootstrap completed.
[2026-09-04 00:52:54] [INFO] [EasyAIStudio] Providers : 4
[2026-09-04 00:52:54] [INFO] [EasyAIStudio] Models    : 2
[2026-09-04 00:52:54] [INFO] [EasyAIStudio] Services  : 10
[2026-09-04 00:52:55] [INFO] [EasyAIStudio] GET /api/videos 307 24.07ms
[2026-09-04 00:52:55] [INFO] [EasyAIStudio] GET /api/videos/ 200 1.87ms
[2026-09-04 00:52:56] [INFO] [EasyAIStudio] GET /api/videos 307 0.65ms
[2026-09-04 00:52:56] [INFO] [EasyAIStudio] GET /api/videos/ 200 0.63ms
[2026-09-04 00:53:16] [INFO] [EasyAIStudio] Logger initialized.
[2026-09-04 00:53:16] [INFO] [EasyAIStudio] Bootstrap completed.
[2026-09-04 00:53:16] [INFO] [EasyAIStudio] Providers : 4
[2026-09-04 00:53:16] [INFO] [EasyAIStudio] Models    : 2
[2026-09-04 00:53:16] [INFO] [EasyAIStudio] Services  : 10
[2026-09-04 00:53:23] [INFO] [EasyAIStudio] GET /api/videos 307 47.82ms
[2026-09-04 00:53:23] [INFO] [EasyAIStudio] GET /api/videos/ 200 1.97ms
[2026-09-04 00:53:26] [INFO] [EasyAIStudio] GET /api/videos 307 0.62ms
[2026-09-04 00:53:26] [INFO] [EasyAIStudio] GET /api/videos/ 200 0.99ms
[2026-09-04 00:53:26] [INFO] [EasyAIStudio] GET /api/videos 307 0.64ms
[2026-09-04 00:53:27] [INFO] [EasyAIStudio] GET /api/videos/ 200 1.32ms
[2026-09-04 00:53:27] [INFO] [EasyAIStudio] GET /api/videos 307 0.83ms
[2026-09-04 00:53:27] [INFO] [EasyAIStudio] GET /api/videos/ 200 0.99ms
[2026-09-04 00:53:29] [INFO] [EasyAIStudio] GET /api/videos 307 1.09ms
[2026-09-04 00:53:29] [INFO] [EasyAIStudio] GET /api/videos/ 200 0.96ms
[2026-09-04 00:53:46] [INFO] [EasyAIStudio] POST /api/files/upload 200 28.27ms
[2026-09-04 00:53:46] [INFO] [EasyAIStudio] OPTIONS /api/videos/export 200 0.21ms
[2026-09-04 00:53:46] [INFO] [EasyAIStudio] POST /api/videos/export 200 98.01ms
[2026-09-04 00:53:46] [INFO] [EasyAIStudio] GET /api/videos/export/status 200 1.55ms
[2026-09-04 00:54:53] [INFO] [EasyAIStudio] GET /api/videos 307 0.64ms
[2026-09-04 00:54:53] [INFO] [EasyAIStudio] GET /api/videos/ 200 1.46ms
[2026-09-04 00:55:10] [INFO] [EasyAIStudio] POST /api/files/upload 200 20.40ms
[2026-09-04 00:55:10] [INFO] [EasyAIStudio] OPTIONS /api/videos/export 200 0.26ms
[2026-09-04 00:55:11] [INFO] [EasyAIStudio] POST /api/videos/export 200 100.11ms
[2026-09-04 00:55:11] [INFO] [EasyAIStudio] GET /api/videos/export/status 200 0.83ms
[2026-09-04 00:55:41] [INFO] [EasyAIStudio] POST /api/videos/export 200 88.16ms
[2026-09-04 00:55:41] [INFO] [EasyAIStudio] GET /api/videos/export/status 200 0.78ms
[2026-09-04 00:55:49] [INFO] [EasyAIStudio] POST /api/videos/export 200 85.55ms
[2026-09-04 00:55:49] [INFO] [EasyAIStudio] GET /api/videos/export/status 200 0.88ms
[2026-09-04 00:57:22] [INFO] [EasyAIStudio] Logger initialized.
[2026-09-04 00:57:22] [INFO] [EasyAIStudio] Bootstrap completed.
[2026-09-04 00:57:22] [INFO] [EasyAIStudio] Providers : 4
[2026-09-04 00:57:22] [INFO] [EasyAIStudio] Models    : 2
[2026-09-04 00:57:22] [INFO] [EasyAIStudio] Services  : 10
[2026-09-04 00:58:24] [INFO] [EasyAIStudio] POST /api/videos/export 200 114.14ms
[2026-09-04 00:58:24] [INFO] [EasyAIStudio] GET /api/videos/export/status 200 2.36ms
[2026-09-04 00:59:18] [INFO] [EasyAIStudio] POST /api/videos/export 200 87.99ms
[2026-09-04 00:59:18] [INFO] [EasyAIStudio] GET /api/videos/export/status 200 0.76ms
[2026-09-04 01:27:25] [INFO] [EasyAIStudio] Logger initialized.
[2026-09-04 01:27:25] [INFO] [EasyAIStudio] Logger initialized.
[2026-09-04 01:27:25] [INFO] [EasyAIStudio] Bootstrap completed.
[2026-09-04 01:27:25] [INFO] [EasyAIStudio] Providers : 4
[2026-09-04 01:27:25] [INFO] [EasyAIStudio] Models    : 2
[2026-09-04 01:27:25] [INFO] [EasyAIStudio] Services  : 10
[2026-09-04 01:27:25] [INFO] [EasyAIStudio] Bootstrap completed.
[2026-09-04 01:27:25] [INFO] [EasyAIStudio] Providers : 4
[2026-09-04 01:27:25] [INFO] [EasyAIStudio] Models    : 2
[2026-09-04 01:27:25] [INFO] [EasyAIStudio] Services  : 10
[2026-09-04 01:27:43] [INFO] [EasyAIStudio] Logger initialized.
[2026-09-04 01:27:43] [INFO] [EasyAIStudio] Bootstrap completed.
[2026-09-04 01:27:43] [INFO] [EasyAIStudio] Providers : 4
[2026-09-04 01:27:43] [INFO] [EasyAIStudio] Models    : 2
[2026-09-04 01:27:43] [INFO] [EasyAIStudio] Services  : 10
[2026-09-04 01:27:47] [INFO] [EasyAIStudio] GET /api/videos 307 19.10ms
[2026-09-04 01:27:47] [INFO] [EasyAIStudio] GET /api/videos/ 200 1.88ms
[2026-09-04 01:27:50] [INFO] [EasyAIStudio] GET /api/videos 307 0.77ms
[2026-09-04 01:27:50] [INFO] [EasyAIStudio] GET /api/videos/ 200 0.64ms
[2026-09-04 01:27:51] [INFO] [EasyAIStudio] GET /api/videos 307 0.69ms
[2026-09-04 01:27:51] [INFO] [EasyAIStudio] GET /api/videos/ 200 1.43ms
[2026-09-04 01:28:00] [INFO] [EasyAIStudio] POST /api/files/upload 200 21.67ms
[2026-09-04 01:28:00] [INFO] [EasyAIStudio] OPTIONS /api/videos/export 200 0.15ms
[2026-09-04 01:28:00] [INFO] [EasyAIStudio] POST /api/videos/export 200 88.09ms
[2026-09-04 01:28:01] [INFO] [EasyAIStudio] GET /api/videos/export/status 200 1.65ms
[2026-09-04 01:28:14] [INFO] [EasyAIStudio] POST /api/videos/export 200 80.82ms
[2026-09-04 01:28:15] [INFO] [EasyAIStudio] GET /api/videos/export/status 200 0.90ms
[2026-09-04 01:33:18] [INFO] [EasyAIStudio] Logger initialized.
[2026-09-04 01:33:18] [INFO] [EasyAIStudio] Bootstrap completed.
[2026-09-04 01:33:18] [INFO] [EasyAIStudio] Providers : 4
[2026-09-04 01:33:18] [INFO] [EasyAIStudio] Models    : 2
[2026-09-04 01:33:18] [INFO] [EasyAIStudio] Services  : 10
[2026-09-04 01:33:35] [INFO] [EasyAIStudio] GET /api/videos 307 18.30ms
[2026-09-04 01:33:35] [INFO] [EasyAIStudio] GET /api/videos/ 200 2.44ms
[2026-09-04 01:33:36] [INFO] [EasyAIStudio] GET /api/videos 307 0.76ms
[2026-09-04 01:33:36] [INFO] [EasyAIStudio] GET /api/videos/ 200 0.74ms
[2026-09-04 01:33:36] [INFO] [EasyAIStudio] GET /api/videos 307 0.64ms
[2026-09-04 01:33:36] [INFO] [EasyAIStudio] GET /api/videos/ 200 0.89ms
[2026-09-04 01:33:52] [INFO] [EasyAIStudio] POST /api/files/upload 200 23.83ms
[2026-09-04 01:33:52] [INFO] [EasyAIStudio] POST /api/videos/export 200 85.47ms
[2026-09-04 01:33:53] [INFO] [EasyAIStudio] GET /api/videos/export/status 200 1.75ms
[2026-09-04 01:34:02] [INFO] [EasyAIStudio] GET /api/videos/export/status 200 0.77ms
[2026-09-04 01:34:02] [INFO] [EasyAIStudio] GET /favicon.ico 404 0.86ms
[2026-09-04 01:48:35] [INFO] [EasyAIStudio] Logger initialized.
[2026-09-04 01:48:35] [INFO] [EasyAIStudio] Bootstrap completed.
[2026-09-04 01:48:35] [INFO] [EasyAIStudio] Providers : 4
[2026-09-04 01:48:35] [INFO] [EasyAIStudio] Models    : 2
[2026-09-04 01:48:35] [INFO] [EasyAIStudio] Services  : 10
[2026-09-04 01:48:42] [INFO] [EasyAIStudio] GET /api/videos 307 60.38ms
[2026-09-04 01:48:42] [INFO] [EasyAIStudio] GET /api/videos/ 200 2.28ms
[2026-09-04 01:48:43] [INFO] [EasyAIStudio] GET /api/videos 307 0.70ms
[2026-09-04 01:48:43] [INFO] [EasyAIStudio] GET /api/videos/ 200 0.86ms
[2026-09-04 01:48:57] [INFO] [EasyAIStudio] POST /api/files/upload 200 25.50ms
[2026-09-04 01:48:57] [INFO] [EasyAIStudio] OPTIONS /api/videos/export 200 0.23ms
[2026-09-04 01:48:57] [INFO] [EasyAIStudio] POST /api/videos/export 400 85.67ms
[2026-09-04 02:00:37] [INFO] [EasyAIStudio] Logger initialized.
[2026-09-04 02:00:37] [INFO] [EasyAIStudio] Bootstrap completed.
[2026-09-04 02:00:37] [INFO] [EasyAIStudio] Providers : 4
[2026-09-04 02:00:37] [INFO] [EasyAIStudio] Models    : 2
[2026-09-04 02:00:37] [INFO] [EasyAIStudio] Services  : 10
[2026-09-04 02:00:40] [INFO] [EasyAIStudio] GET /api/videos 307 17.15ms
[2026-09-04 02:00:40] [INFO] [EasyAIStudio] GET /api/videos/ 200 3.52ms
[2026-09-04 02:00:41] [INFO] [EasyAIStudio] GET /api/videos 307 0.44ms
[2026-09-04 02:00:41] [INFO] [EasyAIStudio] GET /api/videos/ 200 0.64ms
[2026-09-04 02:00:41] [INFO] [EasyAIStudio] GET /api/videos 307 0.72ms
[2026-09-04 02:00:41] [INFO] [EasyAIStudio] GET /api/videos/ 200 0.68ms
[2026-09-04 02:00:41] [INFO] [EasyAIStudio] GET /api/videos 307 0.69ms
[2026-09-04 02:00:41] [INFO] [EasyAIStudio] GET /api/videos/ 200 1.38ms
[2026-09-04 02:00:44] [INFO] [EasyAIStudio] GET /api/videos 307 0.54ms
[2026-09-04 02:00:44] [INFO] [EasyAIStudio] GET /api/videos/ 200 0.57ms
[2026-09-04 02:00:45] [INFO] [EasyAIStudio] GET /api/videos 307 0.85ms
[2026-09-04 02:00:45] [INFO] [EasyAIStudio] GET /api/videos/ 200 1.04ms
[2026-09-04 02:00:45] [INFO] [EasyAIStudio] GET /api/videos 307 0.89ms
[2026-09-04 02:00:45] [INFO] [EasyAIStudio] GET /api/videos/ 200 0.87ms
[2026-09-04 02:00:45] [INFO] [EasyAIStudio] GET /api/videos 307 0.58ms
[2026-09-04 02:00:46] [INFO] [EasyAIStudio] GET /api/videos/ 200 0.83ms
[2026-09-04 02:01:06] [INFO] [EasyAIStudio] Logger initialized.
[2026-09-04 02:01:06] [INFO] [EasyAIStudio] Bootstrap completed.
[2026-09-04 02:01:06] [INFO] [EasyAIStudio] Providers : 4
[2026-09-04 02:01:06] [INFO] [EasyAIStudio] Models    : 2
[2026-09-04 02:01:06] [INFO] [EasyAIStudio] Services  : 10
[2026-09-04 02:01:17] [INFO] [EasyAIStudio] POST /api/files/upload 200 29.58ms
[2026-09-04 02:01:17] [INFO] [EasyAIStudio] OPTIONS /api/videos/export 200 0.12ms
[2026-09-04 02:01:18] [INFO] [EasyAIStudio] POST /api/videos/export 200 198.16ms
[2026-09-04 02:01:18] [INFO] [EasyAIStudio] GET /api/videos/export/status 200 1.52ms
[2026-09-04 02:01:18] [INFO] [EasyAIStudio] GET /api/videos/export/status 200 0.61ms
[2026-09-04 02:01:19] [INFO] [EasyAIStudio] GET /api/videos/export/status 200 0.82ms
[2026-09-04 02:01:19] [INFO] [EasyAIStudio] GET /api/videos/export/status 200 1.09ms
[2026-09-04 02:01:20] [INFO] [EasyAIStudio] GET /exports/EasyAIStudio_Render_20260904_020117.mp4 200 43.76ms
[2026-09-04 02:02:37] [INFO] [EasyAIStudio] POST /api/files/upload 200 21.40ms
[2026-09-04 02:02:37] [INFO] [EasyAIStudio] POST /api/videos/export 200 280.16ms
[2026-09-04 02:02:37] [INFO] [EasyAIStudio] GET /api/videos/export/status 200 1.07ms
[2026-09-04 02:03:06] [INFO] [EasyAIStudio] POST /api/videos/export 200 257.15ms
[2026-09-04 02:03:07] [INFO] [EasyAIStudio] GET /api/videos/export/status 200 1.02ms
[2026-09-04 02:03:13] [INFO] [EasyAIStudio] GET /api/videos 307 0.53ms
[2026-09-04 02:03:13] [INFO] [EasyAIStudio] GET /api/videos/ 200 1.41ms
[2026-09-04 02:03:21] [INFO] [EasyAIStudio] POST /api/files/upload 200 16.45ms
[2026-09-04 02:03:22] [INFO] [EasyAIStudio] POST /api/videos/export 200 179.36ms
[2026-09-04 02:03:22] [INFO] [EasyAIStudio] GET /api/videos/export/status 200 1.29ms
[2026-09-04 02:03:22] [INFO] [EasyAIStudio] GET /api/videos/export/status 200 1.08ms
[2026-09-04 02:03:23] [INFO] [EasyAIStudio] GET /api/videos/export/status 200 0.95ms
[2026-09-04 02:03:23] [INFO] [EasyAIStudio] GET /api/videos/export/status 200 1.25ms
[2026-09-04 02:03:23] [INFO] [EasyAIStudio] GET /exports/EasyAIStudio_Render_20260904_020321.mp4 200 1.19ms
[2026-09-04 02:04:20] [INFO] [EasyAIStudio] POST /api/videos/export 200 171.60ms
[2026-09-04 02:04:20] [INFO] [EasyAIStudio] GET /api/videos/export/status 200 0.71ms
[2026-09-04 02:04:20] [INFO] [EasyAIStudio] GET /api/videos/export/status 200 1.03ms
[2026-09-04 02:04:21] [INFO] [EasyAIStudio] GET /api/videos/export/status 200 0.86ms
[2026-09-04 02:04:21] [INFO] [EasyAIStudio] GET /api/videos/export/status 200 0.88ms
[2026-09-04 02:04:21] [INFO] [EasyAIStudio] GET /exports/EasyAIStudio_Render_20260904_020419.mp4 200 1.70ms
[2026-09-04 02:04:51] [INFO] [EasyAIStudio] POST /api/videos/export 200 169.94ms
[2026-09-04 02:04:52] [INFO] [EasyAIStudio] GET /api/videos/export/status 200 1.12ms
[2026-09-04 02:04:52] [INFO] [EasyAIStudio] GET /api/videos/export/status 200 1.32ms
[2026-09-04 02:04:53] [INFO] [EasyAIStudio] GET /api/videos/export/status 200 1.29ms
[2026-09-04 02:04:53] [INFO] [EasyAIStudio] GET /api/videos/export/status 200 1.00ms
[2026-09-04 02:04:53] [INFO] [EasyAIStudio] GET /exports/EasyAIStudio_Render_20260904_020451.mp4 200 1.50ms
[2026-09-04 02:05:15] [INFO] [EasyAIStudio] POST /api/videos/export 200 175.76ms
[2026-09-04 02:05:15] [INFO] [EasyAIStudio] GET /api/videos/export/status 200 1.40ms
[2026-09-04 02:05:15] [INFO] [EasyAIStudio] GET /api/videos/export/status 200 0.77ms
[2026-09-04 02:05:16] [INFO] [EasyAIStudio] GET /api/videos/export/status 200 0.86ms
[2026-09-04 02:05:17] [INFO] [EasyAIStudio] GET /api/videos/export/status 200 0.84ms
[2026-09-04 02:05:17] [INFO] [EasyAIStudio] GET /exports/EasyAIStudio_Render_20260904_020515.mp4 200 1.16ms
[2026-09-04 02:12:31] [INFO] [EasyAIStudio] Logger initialized.
[2026-09-04 02:12:31] [INFO] [EasyAIStudio] Bootstrap completed.
[2026-09-04 02:12:31] [INFO] [EasyAIStudio] Providers : 4
[2026-09-04 02:12:31] [INFO] [EasyAIStudio] Models    : 2
[2026-09-04 02:12:31] [INFO] [EasyAIStudio] Services  : 10
[2026-09-04 02:12:57] [INFO] [EasyAIStudio] GET /api/videos 307 19.26ms
[2026-09-04 02:12:57] [INFO] [EasyAIStudio] GET /api/videos/ 200 2.88ms
[2026-09-04 02:12:58] [INFO] [EasyAIStudio] GET /api/videos 307 0.78ms
[2026-09-04 02:12:58] [INFO] [EasyAIStudio] GET /api/videos/ 200 0.60ms
[2026-09-04 02:12:59] [INFO] [EasyAIStudio] GET /api/videos 307 0.78ms
[2026-09-04 02:12:59] [INFO] [EasyAIStudio] GET /api/videos/ 200 0.77ms
[2026-09-04 02:12:59] [INFO] [EasyAIStudio] GET /api/videos 307 0.62ms
[2026-09-04 02:12:59] [INFO] [EasyAIStudio] GET /api/videos/ 200 0.88ms
[2026-09-04 02:13:07] [INFO] [EasyAIStudio] POST /api/files/upload 200 20.84ms
[2026-09-04 02:13:07] [INFO] [EasyAIStudio] OPTIONS /api/videos/export 200 0.12ms
[2026-09-04 02:13:07] [INFO] [EasyAIStudio] POST /api/videos/export 200 181.33ms
[2026-09-04 02:13:08] [INFO] [EasyAIStudio] GET /api/videos/export/status 200 1.73ms
[2026-09-04 02:13:08] [INFO] [EasyAIStudio] GET /api/videos/export/status 200 0.76ms
[2026-09-04 02:13:09] [INFO] [EasyAIStudio] GET /api/videos/export/status 200 0.89ms
[2026-09-04 02:13:09] [INFO] [EasyAIStudio] GET /api/videos/export/status 200 1.05ms
[2026-09-04 02:13:09] [INFO] [EasyAIStudio] GET /exports/EasyAIStudio_Render_20260904_021307.mp4 200 39.49ms
[2026-09-05 01:09:26] [INFO] [EasyAIStudio] Logger initialized.
[2026-09-05 01:09:26] [INFO] [EasyAIStudio] Bootstrap completed.
[2026-09-05 01:09:26] [INFO] [EasyAIStudio] Providers : 4
[2026-09-05 01:09:26] [INFO] [EasyAIStudio] Models    : 2
[2026-09-05 01:09:26] [INFO] [EasyAIStudio] Services  : 10
[2026-09-05 01:09:44] [INFO] [EasyAIStudio] GET /api/videos 307 10.11ms
[2026-09-05 01:09:45] [INFO] [EasyAIStudio] GET /api/videos/ 200 9.41ms
[2026-09-05 01:09:49] [INFO] [EasyAIStudio] GET /api/videos 307 0.52ms
[2026-09-05 01:09:49] [INFO] [EasyAIStudio] GET /api/videos/ 200 0.48ms
[2026-09-05 01:11:21] [INFO] [EasyAIStudio] POST /api/files/upload 200 20.49ms
[2026-09-05 01:11:21] [INFO] [EasyAIStudio] POST /api/files/upload 200 11.67ms
[2026-09-05 01:11:21] [INFO] [EasyAIStudio] OPTIONS /api/videos/export 200 0.08ms
[2026-09-05 01:11:21] [INFO] [EasyAIStudio] POST /api/videos/export 200 274.96ms
[2026-09-05 01:11:21] [INFO] [EasyAIStudio] GET /api/videos/export/status 200 1.21ms
[2026-09-05 01:12:03] [INFO] [EasyAIStudio] POST /api/videos/export 200 226.34ms
[2026-09-05 01:12:04] [INFO] [EasyAIStudio] GET /api/videos/export/status 200 0.55ms
[2026-09-05 01:12:39] [INFO] [EasyAIStudio] POST /api/videos/export 200 225.11ms
[2026-09-05 01:12:39] [INFO] [EasyAIStudio] GET /api/videos/export/status 200 0.54ms
[2026-09-05 01:12:48] [INFO] [EasyAIStudio] GET /api/videos 307 0.36ms
[2026-09-05 01:12:48] [INFO] [EasyAIStudio] GET /api/videos/ 200 0.39ms
[2026-09-05 01:13:05] [INFO] [EasyAIStudio] POST /api/files/upload 200 11.74ms
[2026-09-05 01:13:05] [INFO] [EasyAIStudio] POST /api/videos/export 200 155.25ms
[2026-09-05 01:13:05] [INFO] [EasyAIStudio] GET /api/videos/export/status 200 0.56ms
[2026-09-05 01:13:06] [INFO] [EasyAIStudio] GET /api/videos/export/status 200 0.66ms
[2026-09-05 01:13:06] [INFO] [EasyAIStudio] GET /api/videos/export/status 200 0.71ms
[2026-09-05 01:13:06] [INFO] [EasyAIStudio] GET /exports/EasyAIStudio_Render_20260905_011305.mp4 200 26.57ms
[2026-09-05 02:12:35] [INFO] [EasyAIStudio] Logger initialized.
[2026-09-05 02:12:35] [INFO] [EasyAIStudio] Bootstrap completed.
[2026-09-05 02:12:35] [INFO] [EasyAIStudio] Providers : 4
[2026-09-05 02:12:35] [INFO] [EasyAIStudio] Models    : 2
[2026-09-05 02:12:35] [INFO] [EasyAIStudio] Services  : 10
[2026-09-05 02:12:38] [INFO] [EasyAIStudio] GET /api/videos 307 63.77ms
[2026-09-05 02:12:38] [INFO] [EasyAIStudio] GET /api/videos/ 200 1.44ms
[2026-09-05 02:12:42] [INFO] [EasyAIStudio] GET /api/videos 307 0.65ms
[2026-09-05 02:12:42] [INFO] [EasyAIStudio] GET /api/videos/ 200 0.56ms
[2026-09-05 02:12:43] [INFO] [EasyAIStudio] GET /api/videos 307 0.45ms
[2026-09-05 02:12:43] [INFO] [EasyAIStudio] GET /api/videos/ 200 0.58ms
[2026-09-05 02:12:43] [INFO] [EasyAIStudio] GET /api/videos 307 0.37ms
[2026-09-05 02:12:43] [INFO] [EasyAIStudio] GET /api/videos/ 200 1.07ms
[2026-09-05 02:14:28] [INFO] [EasyAIStudio] POST /api/files/upload 200 13.86ms
[2026-09-05 02:14:28] [INFO] [EasyAIStudio] POST /api/files/upload 200 12.83ms
[2026-09-05 02:14:28] [INFO] [EasyAIStudio] OPTIONS /api/videos/export 200 0.09ms
[2026-09-05 02:14:28] [INFO] [EasyAIStudio] POST /api/videos/export 400 76.99ms
[2026-09-05 02:14:49] [INFO] [EasyAIStudio] POST /api/videos/export 400 74.95ms
[2026-09-05 02:14:55] [INFO] [EasyAIStudio] GET /api/videos 307 0.51ms
[2026-09-05 02:14:55] [INFO] [EasyAIStudio] GET /api/videos/ 200 0.84ms
[2026-09-05 02:15:03] [INFO] [EasyAIStudio] POST /api/files/upload 200 11.86ms
[2026-09-05 02:15:03] [INFO] [EasyAIStudio] POST /api/videos/export 400 73.12ms
[2026-09-05 02:18:32] [INFO] [EasyAIStudio] GET /api/videos 307 0.52ms
[2026-09-05 02:18:32] [INFO] [EasyAIStudio] GET /api/videos/ 200 0.58ms
[2026-09-05 02:18:45] [INFO] [EasyAIStudio] POST /api/files/upload 200 14.32ms
[2026-09-05 02:18:45] [INFO] [EasyAIStudio] OPTIONS /api/videos/export 200 0.10ms
[2026-09-05 02:18:45] [INFO] [EasyAIStudio] POST /api/videos/export 400 77.73ms
[2026-09-05 02:46:05] [INFO] [EasyAIStudio] Logger initialized.
[2026-09-05 02:46:05] [INFO] [EasyAIStudio] Bootstrap completed.
[2026-09-05 02:46:05] [INFO] [EasyAIStudio] Providers : 4
[2026-09-05 02:46:05] [INFO] [EasyAIStudio] Models    : 2
[2026-09-05 02:46:05] [INFO] [EasyAIStudio] Services  : 10
[2026-09-06 21:51:11] [INFO] [EasyAIStudio] Logger initialized.
[2026-09-06 21:51:11] [INFO] [EasyAIStudio] Bootstrap completed.
[2026-09-06 21:51:11] [INFO] [EasyAIStudio] Providers : 4
[2026-09-06 21:51:11] [INFO] [EasyAIStudio] Models    : 2
[2026-09-06 21:51:11] [INFO] [EasyAIStudio] Services  : 10
[2026-09-06 21:51:42] [INFO] [EasyAIStudio] GET /api/videos 307 13.68ms
[2026-09-06 21:51:42] [INFO] [EasyAIStudio] GET /api/videos/ 200 11.33ms
[2026-09-06 21:53:08] [INFO] [EasyAIStudio] POST /api/files/upload 200 25.03ms
[2026-09-06 21:53:08] [INFO] [EasyAIStudio] POST /api/files/upload 200 12.61ms
[2026-09-06 21:53:08] [INFO] [EasyAIStudio] OPTIONS /api/videos/export 200 0.11ms
[2026-09-06 21:53:09] [INFO] [EasyAIStudio] POST /api/videos/export 200 253.30ms
[2026-09-06 21:53:09] [INFO] [EasyAIStudio] GET /api/videos/export/status 200 1.30ms
[2026-09-06 21:54:08] [INFO] [EasyAIStudio] GET /api/videos 307 0.58ms
[2026-09-06 21:54:08] [INFO] [EasyAIStudio] GET /api/videos/ 200 0.64ms
[2026-09-06 21:54:19] [INFO] [EasyAIStudio] POST /api/files/upload 200 14.03ms
[2026-09-06 21:54:19] [INFO] [EasyAIStudio] OPTIONS /api/videos/export 200 0.12ms
[2026-09-06 21:54:19] [INFO] [EasyAIStudio] POST /api/videos/export 200 160.61ms
[2026-09-06 21:54:19] [INFO] [EasyAIStudio] GET /api/videos/export/status 200 0.53ms
[2026-09-06 21:54:20] [INFO] [EasyAIStudio] GET /api/videos/export/status 200 0.77ms
[2026-09-06 21:54:20] [INFO] [EasyAIStudio] GET /api/videos/export/status 200 0.74ms
[2026-09-06 21:54:20] [INFO] [EasyAIStudio] GET /exports/EasyAIStudio_Render_20260906_215419.mp4 200 30.05ms
[2026-09-06 21:54:32] [INFO] [EasyAIStudio] OPTIONS /api/videos/export 200 0.12ms
[2026-09-06 21:54:32] [INFO] [EasyAIStudio] POST /api/videos/export 200 152.07ms
[2026-09-06 21:54:32] [INFO] [EasyAIStudio] GET /api/videos/export/status 200 0.77ms
[2026-09-06 21:54:33] [INFO] [EasyAIStudio] GET /api/videos/export/status 200 0.63ms
[2026-09-06 21:54:33] [INFO] [EasyAIStudio] GET /api/videos/export/status 200 0.90ms
[2026-09-06 21:54:33] [INFO] [EasyAIStudio] GET /exports/EasyAIStudio_Render_20260906_215432.mp4 200 0.87ms
[2026-09-06 22:16:38] [INFO] [EasyAIStudio] GET /api/videos 307 0.40ms
[2026-09-06 22:16:39] [INFO] [EasyAIStudio] GET /api/videos/ 200 0.82ms
[2026-09-06 22:16:55] [INFO] [EasyAIStudio] GET /api/videos 307 0.56ms
[2026-09-06 22:16:55] [INFO] [EasyAIStudio] GET /api/videos/ 200 1.26ms
[2026-09-06 22:18:10] [INFO] [EasyAIStudio] POST /api/files/upload 200 13.23ms
[2026-09-06 22:18:10] [INFO] [EasyAIStudio] POST /api/files/upload 200 21.72ms
[2026-09-06 22:18:10] [INFO] [EasyAIStudio] OPTIONS /api/videos/export 200 0.13ms
[2026-09-06 22:18:10] [INFO] [EasyAIStudio] POST /api/videos/export 200 254.03ms
[2026-09-06 22:18:10] [INFO] [EasyAIStudio] GET /api/videos/export/status 200 0.92ms
[2026-09-06 22:18:20] [INFO] [EasyAIStudio] OPTIONS /api/videos/export 200 0.12ms
[2026-09-06 22:18:20] [INFO] [EasyAIStudio] POST /api/videos/export 200 234.58ms
[2026-09-06 22:18:21] [INFO] [EasyAIStudio] GET /api/videos/export/status 200 0.54ms
[2026-09-06 22:43:41] [INFO] [EasyAIStudio] GET /api/videos 307 0.56ms
[2026-09-06 22:43:41] [INFO] [EasyAIStudio] GET /api/videos/ 200 0.56ms
[2026-09-06 22:43:45] [INFO] [EasyAIStudio] GET /api/videos 307 0.48ms
[2026-09-06 22:43:45] [INFO] [EasyAIStudio] GET /api/videos/ 200 0.84ms
[2026-09-06 22:43:46] [INFO] [EasyAIStudio] GET /api/videos 307 0.53ms
[2026-09-06 22:43:46] [INFO] [EasyAIStudio] GET /api/videos/ 200 0.48ms
[2026-09-06 22:43:46] [INFO] [EasyAIStudio] GET /api/videos 307 0.44ms
[2026-09-06 22:43:46] [INFO] [EasyAIStudio] GET /api/videos/ 200 0.64ms
[2026-09-06 22:43:47] [INFO] [EasyAIStudio] GET /api/videos 307 0.52ms
[2026-09-06 22:43:47] [INFO] [EasyAIStudio] GET /api/videos/ 200 0.68ms
[2026-09-06 22:43:55] [INFO] [EasyAIStudio] GET /api/videos 307 0.58ms
[2026-09-06 22:43:55] [INFO] [EasyAIStudio] GET /api/videos/ 200 0.63ms
[2026-09-06 22:45:50] [INFO] [EasyAIStudio] POST /api/files/upload 200 14.87ms
[2026-09-06 22:45:50] [INFO] [EasyAIStudio] POST /api/files/upload 200 21.40ms
[2026-09-06 22:45:50] [INFO] [EasyAIStudio] OPTIONS /api/videos/export 200 0.11ms
[2026-09-06 22:45:50] [INFO] [EasyAIStudio] POST /api/videos/export 200 257.48ms
[2026-09-06 22:45:50] [INFO] [EasyAIStudio] GET /api/videos/export/status 200 0.61ms
[2026-09-06 22:55:31] [INFO] [EasyAIStudio] Logger initialized.
[2026-09-06 22:55:31] [INFO] [EasyAIStudio] Bootstrap completed.
[2026-09-06 22:55:31] [INFO] [EasyAIStudio] Providers : 4
[2026-09-06 22:55:31] [INFO] [EasyAIStudio] Models    : 2
[2026-09-06 22:55:31] [INFO] [EasyAIStudio] Services  : 10
[2026-09-06 22:56:00] [INFO] [EasyAIStudio] Logger initialized.
[2026-09-06 22:56:00] [INFO] [EasyAIStudio] Bootstrap completed.
[2026-09-06 22:56:00] [INFO] [EasyAIStudio] Providers : 4
[2026-09-06 22:56:00] [INFO] [EasyAIStudio] Models    : 2
[2026-09-06 22:56:00] [INFO] [EasyAIStudio] Services  : 10
[2026-09-06 22:56:22] [INFO] [EasyAIStudio] GET /api/videos 307 14.97ms
[2026-09-06 22:56:22] [INFO] [EasyAIStudio] GET /api/videos/ 200 1.45ms
[2026-09-06 22:56:24] [INFO] [EasyAIStudio] GET /api/videos 307 0.44ms
[2026-09-06 22:56:24] [INFO] [EasyAIStudio] GET /api/videos/ 200 0.69ms
[2026-09-06 22:56:25] [INFO] [EasyAIStudio] GET /api/videos 307 0.50ms
[2026-09-06 22:56:25] [INFO] [EasyAIStudio] GET /api/videos/ 200 0.86ms
[2026-09-06 22:56:25] [INFO] [EasyAIStudio] GET /api/videos 307 0.35ms
[2026-09-06 22:56:25] [INFO] [EasyAIStudio] GET /api/videos/ 200 0.62ms
[2026-09-06 22:57:47] [INFO] [EasyAIStudio] POST /api/files/upload 200 15.31ms
[2026-09-06 22:57:47] [INFO] [EasyAIStudio] POST /api/files/upload 200 13.61ms
[2026-09-06 22:57:47] [INFO] [EasyAIStudio] OPTIONS /api/videos/export 200 0.11ms
[2026-09-06 22:57:47] [INFO] [EasyAIStudio] POST /api/videos/export 200 259.68ms
[2026-09-06 22:57:47] [INFO] [EasyAIStudio] GET /api/videos/export/status 200 1.87ms
[2026-09-06 23:13:14] [INFO] [EasyAIStudio] Logger initialized.
[2026-09-06 23:13:14] [INFO] [EasyAIStudio] Bootstrap completed.
[2026-09-06 23:13:14] [INFO] [EasyAIStudio] Providers : 4
[2026-09-06 23:13:14] [INFO] [EasyAIStudio] Models    : 2
[2026-09-06 23:13:14] [INFO] [EasyAIStudio] Services  : 10
[2026-09-06 23:13:32] [INFO] [EasyAIStudio] GET /api/videos 307 50.67ms
[2026-09-06 23:13:32] [INFO] [EasyAIStudio] GET /api/videos/ 200 1.68ms
[2026-09-06 23:13:34] [INFO] [EasyAIStudio] GET /api/videos 307 0.52ms
[2026-09-06 23:13:34] [INFO] [EasyAIStudio] GET /api/videos/ 200 0.64ms
[2026-09-06 23:13:35] [INFO] [EasyAIStudio] GET /api/videos 307 0.55ms
[2026-09-06 23:13:35] [INFO] [EasyAIStudio] GET /api/videos/ 200 0.79ms
[2026-09-06 23:13:36] [INFO] [EasyAIStudio] GET /api/videos 307 0.35ms
[2026-09-06 23:13:36] [INFO] [EasyAIStudio] GET /api/videos/ 200 0.95ms
[2026-09-06 23:14:34] [INFO] [EasyAIStudio] POST /api/files/upload 200 20.77ms
[2026-09-06 23:14:34] [INFO] [EasyAIStudio] POST /api/files/upload 200 18.10ms
[2026-09-06 23:14:34] [INFO] [EasyAIStudio] OPTIONS /api/videos/export 200 0.14ms
[2026-09-06 23:14:34] [INFO] [EasyAIStudio] POST /api/videos/export 200 209.05ms
[2026-09-06 23:14:34] [INFO] [EasyAIStudio] GET /api/videos/export/status 200 1.74ms
[2026-09-06 23:16:46] [INFO] [EasyAIStudio] OPTIONS /api/videos/export 200 0.10ms
[2026-09-06 23:16:46] [INFO] [EasyAIStudio] POST /api/videos/export 200 189.91ms
[2026-09-06 23:16:47] [INFO] [EasyAIStudio] GET /api/videos/export/status 200 0.79ms
[2026-09-06 23:17:47] [INFO] [EasyAIStudio] OPTIONS /api/videos/export 200 0.12ms
[2026-09-06 23:17:47] [INFO] [EasyAIStudio] POST /api/videos/export 200 185.48ms
[2026-09-06 23:17:47] [INFO] [EasyAIStudio] GET /api/videos/export/status 200 0.59ms
[2026-09-06 23:17:50] [INFO] [EasyAIStudio] GET /api/videos 307 0.40ms
[2026-09-06 23:17:50] [INFO] [EasyAIStudio] GET /api/videos/ 200 0.51ms
[2026-09-06 23:17:51] [INFO] [EasyAIStudio] GET /api/videos 307 0.55ms
[2026-09-06 23:17:51] [INFO] [EasyAIStudio] GET /api/videos/ 200 0.90ms
[2026-09-06 23:17:52] [INFO] [EasyAIStudio] GET /api/videos 307 0.39ms
[2026-09-06 23:17:52] [INFO] [EasyAIStudio] GET /api/videos/ 200 0.76ms
[2026-09-06 23:18:07] [INFO] [EasyAIStudio] POST /api/files/upload 200 13.83ms
[2026-09-06 23:18:07] [INFO] [EasyAIStudio] POST /api/files/upload 200 13.62ms
[2026-09-06 23:18:07] [INFO] [EasyAIStudio] OPTIONS /api/videos/export 200 0.10ms
[2026-09-06 23:18:08] [INFO] [EasyAIStudio] POST /api/videos/export 200 199.34ms
[2026-09-06 23:18:08] [INFO] [EasyAIStudio] GET /api/videos/export/status 200 0.63ms
[2026-09-06 23:21:06] [INFO] [EasyAIStudio] OPTIONS /api/videos/export 200 0.10ms
[2026-09-06 23:21:07] [INFO] [EasyAIStudio] POST /api/videos/export 200 188.05ms
[2026-09-06 23:21:07] [INFO] [EasyAIStudio] GET /api/videos/export/status 200 0.57ms
[2026-09-07 23:32:05] [INFO] [EasyAIStudio] Logger initialized.
[2026-09-07 23:32:05] [INFO] [EasyAIStudio] Bootstrap completed.
[2026-09-07 23:32:05] [INFO] [EasyAIStudio] Providers : 4
[2026-09-07 23:32:05] [INFO] [EasyAIStudio] Models    : 2
[2026-09-07 23:32:05] [INFO] [EasyAIStudio] Services  : 10
[2026-09-07 23:32:41] [INFO] [EasyAIStudio] GET /api/videos 307 23.68ms
[2026-09-07 23:32:41] [INFO] [EasyAIStudio] GET /api/videos/ 200 11.37ms
[2026-09-07 23:32:42] [INFO] [EasyAIStudio] GET /api/videos 307 0.42ms
[2026-09-07 23:32:42] [INFO] [EasyAIStudio] GET /api/videos/ 200 0.55ms
[2026-09-07 23:33:40] [INFO] [EasyAIStudio] POST /api/files/upload 200 20.81ms
[2026-09-07 23:33:40] [INFO] [EasyAIStudio] POST /api/files/upload 200 11.40ms
[2026-09-07 23:33:40] [INFO] [EasyAIStudio] OPTIONS /api/videos/export 200 0.09ms
[2026-09-07 23:33:40] [INFO] [EasyAIStudio] POST /api/videos/export 200 214.98ms
[2026-09-07 23:33:40] [INFO] [EasyAIStudio] GET /api/videos/export/status 200 1.08ms
[2026-09-07 23:33:56] [INFO] [EasyAIStudio] POST /api/videos/export 200 175.54ms
[2026-09-07 23:33:56] [INFO] [EasyAIStudio] GET /api/videos/export/status 200 0.55ms
[2026-09-07 23:37:42] [INFO] [EasyAIStudio] Logger initialized.
[2026-09-07 23:37:42] [INFO] [EasyAIStudio] Bootstrap completed.
[2026-09-07 23:37:42] [INFO] [EasyAIStudio] Providers : 4
[2026-09-07 23:37:42] [INFO] [EasyAIStudio] Models    : 2
[2026-09-07 23:37:42] [INFO] [EasyAIStudio] Services  : 10
[2026-09-07 23:37:51] [INFO] [EasyAIStudio] GET /api/videos 307 20.95ms
[2026-09-07 23:37:51] [INFO] [EasyAIStudio] GET /api/videos/ 200 1.35ms
[2026-09-07 23:37:52] [INFO] [EasyAIStudio] GET /api/videos 307 0.40ms
[2026-09-07 23:37:52] [INFO] [EasyAIStudio] GET /api/videos/ 200 0.38ms
[2026-09-07 23:37:52] [INFO] [EasyAIStudio] GET /api/videos 307 0.37ms
[2026-09-07 23:37:53] [INFO] [EasyAIStudio] GET /api/videos/ 200 0.63ms
[2026-09-07 23:37:53] [INFO] [EasyAIStudio] GET /api/videos 307 0.48ms
[2026-09-07 23:37:53] [INFO] [EasyAIStudio] GET /api/videos/ 200 0.88ms
[2026-09-07 23:37:53] [INFO] [EasyAIStudio] GET /api/videos 307 0.36ms
[2026-09-07 23:37:53] [INFO] [EasyAIStudio] GET /api/videos/ 200 0.38ms
[2026-09-07 23:37:53] [INFO] [EasyAIStudio] GET /api/videos 307 0.36ms
[2026-09-07 23:37:53] [INFO] [EasyAIStudio] GET /api/videos/ 200 0.46ms
[2026-09-07 23:37:53] [INFO] [EasyAIStudio] GET /api/videos 307 0.40ms
[2026-09-07 23:37:53] [INFO] [EasyAIStudio] GET /api/videos/ 200 0.43ms
[2026-09-07 23:38:48] [INFO] [EasyAIStudio] POST /api/files/upload 200 11.44ms
[2026-09-07 23:38:48] [INFO] [EasyAIStudio] POST /api/files/upload 200 10.40ms
[2026-09-07 23:38:48] [INFO] [EasyAIStudio] POST /api/videos/export 200 190.35ms
[2026-09-07 23:38:48] [INFO] [EasyAIStudio] GET /api/videos/export/status 200 1.25ms
[2026-09-07 23:38:49] [INFO] [EasyAIStudio] GET /api/videos/export/status 200 1.03ms
[2026-09-07 23:38:50] [INFO] [EasyAIStudio] GET /api/videos/export/status 200 0.56ms
[2026-09-07 23:38:50] [INFO] [EasyAIStudio] GET /api/videos/export/status 200 0.58ms
[2026-09-07 23:38:51] [INFO] [EasyAIStudio] GET /api/videos/export/status 200 0.85ms
[2026-09-07 23:38:51] [INFO] [EasyAIStudio] GET /api/videos/export/status 200 0.56ms
[2026-09-07 23:38:52] [INFO] [EasyAIStudio] GET /api/videos/export/status 200 0.75ms
[2026-09-07 23:38:52] [INFO] [EasyAIStudio] GET /api/videos/export/status 200 0.58ms
[2026-09-07 23:38:53] [INFO] [EasyAIStudio] GET /api/videos/export/status 200 0.65ms
[2026-09-07 23:38:53] [INFO] [EasyAIStudio] GET /api/videos/export/status 200 0.70ms
[2026-09-07 23:38:53] [INFO] [EasyAIStudio] GET /exports/EasyAIStudio_Render_20260907_233848.mp4 200 26.48ms
[2026-09-07 23:40:10] [INFO] [EasyAIStudio] POST /api/videos/export 200 178.86ms
[2026-09-07 23:40:10] [INFO] [EasyAIStudio] GET /api/videos/export/status 200 0.58ms
[2026-09-07 23:40:10] [INFO] [EasyAIStudio] GET /api/videos/export/status 200 0.63ms
[2026-09-07 23:40:11] [INFO] [EasyAIStudio] GET /api/videos/export/status 200 0.56ms
[2026-09-07 23:40:11] [INFO] [EasyAIStudio] GET /api/videos/export/status 200 0.66ms
[2026-09-07 23:40:12] [INFO] [EasyAIStudio] GET /api/videos/export/status 200 0.56ms
[2026-09-07 23:40:12] [INFO] [EasyAIStudio] GET /api/videos/export/status 200 0.56ms
[2026-09-07 23:40:13] [INFO] [EasyAIStudio] GET /api/videos/export/status 200 0.74ms
[2026-09-07 23:40:14] [INFO] [EasyAIStudio] GET /api/videos/export/status 200 0.67ms
[2026-09-07 23:40:14] [INFO] [EasyAIStudio] GET /api/videos/export/status 200 0.78ms
[2026-09-07 23:40:14] [INFO] [EasyAIStudio] GET /exports/EasyAIStudio_Render_20260907_234009.mp4 200 0.77ms
[2026-09-07 23:49:29] [INFO] [EasyAIStudio] Logger initialized.
[2026-09-07 23:49:29] [INFO] [EasyAIStudio] Bootstrap completed.
[2026-09-07 23:49:29] [INFO] [EasyAIStudio] Providers : 4
[2026-09-07 23:49:29] [INFO] [EasyAIStudio] Models    : 2
[2026-09-07 23:49:29] [INFO] [EasyAIStudio] Services  : 10
[2026-09-07 23:49:52] [INFO] [EasyAIStudio] GET /api/videos 307 27.42ms
[2026-09-07 23:49:52] [INFO] [EasyAIStudio] GET /api/videos/ 200 1.34ms
[2026-09-07 23:49:52] [INFO] [EasyAIStudio] GET /api/videos 307 0.50ms
[2026-09-07 23:49:52] [INFO] [EasyAIStudio] GET /api/videos/ 200 0.67ms
[2026-09-07 23:49:53] [INFO] [EasyAIStudio] GET /api/videos 307 0.38ms
[2026-09-07 23:49:53] [INFO] [EasyAIStudio] GET /api/videos/ 200 0.38ms
[2026-09-07 23:49:53] [INFO] [EasyAIStudio] GET /api/videos 307 0.45ms
[2026-09-07 23:49:53] [INFO] [EasyAIStudio] GET /api/videos/ 200 0.51ms
[2026-09-07 23:50:14] [INFO] [EasyAIStudio] GET /api/videos 307 0.42ms
[2026-09-07 23:50:14] [INFO] [EasyAIStudio] GET /api/videos/ 200 1.65ms
[2026-09-07 23:51:08] [INFO] [EasyAIStudio] POST /api/files/upload 200 12.15ms
[2026-09-07 23:51:08] [INFO] [EasyAIStudio] POST /api/files/upload 200 10.74ms
[2026-09-07 23:51:08] [INFO] [EasyAIStudio] OPTIONS /api/videos/export 200 0.08ms
[2026-09-07 23:51:08] [INFO] [EasyAIStudio] POST /api/videos/export 200 194.93ms
[2026-09-07 23:51:09] [INFO] [EasyAIStudio] GET /api/videos/export/status 200 1.35ms
[2026-09-07 23:51:09] [INFO] [EasyAIStudio] GET /api/videos/export/status 200 0.60ms
[2026-09-07 23:51:10] [INFO] [EasyAIStudio] GET /api/videos/export/status 200 0.58ms
[2026-09-07 23:51:10] [INFO] [EasyAIStudio] GET /api/videos/export/status 200 0.59ms
[2026-09-07 23:51:11] [INFO] [EasyAIStudio] GET /api/videos/export/status 200 0.97ms
[2026-09-07 23:51:11] [INFO] [EasyAIStudio] GET /api/videos/export/status 200 0.62ms
[2026-09-07 23:51:12] [INFO] [EasyAIStudio] GET /api/videos/export/status 200 0.81ms
[2026-09-07 23:51:12] [INFO] [EasyAIStudio] GET /api/videos/export/status 200 0.68ms
[2026-09-07 23:51:13] [INFO] [EasyAIStudio] GET /api/videos/export/status 200 0.82ms
[2026-09-07 23:51:13] [INFO] [EasyAIStudio] GET /api/videos/export/status 200 0.72ms
[2026-09-07 23:51:13] [INFO] [EasyAIStudio] GET /exports/EasyAIStudio_Render_20260907_235108.mp4 200 26.79ms
[2026-09-07 23:53:46] [INFO] [EasyAIStudio] GET /api/videos 307 0.36ms
[2026-09-07 23:53:46] [INFO] [EasyAIStudio] GET /api/videos/ 200 0.37ms
[2026-09-07 23:54:23] [INFO] [EasyAIStudio] POST /api/files/upload 200 13.33ms
[2026-09-07 23:54:23] [INFO] [EasyAIStudio] POST /api/files/upload 200 9.88ms
[2026-09-07 23:54:23] [INFO] [EasyAIStudio] POST /api/videos/export 200 191.15ms
[2026-09-07 23:54:23] [INFO] [EasyAIStudio] GET /api/videos/export/status 200 0.63ms
[2026-09-07 23:54:24] [INFO] [EasyAIStudio] GET /api/videos/export/status 200 1.34ms
[2026-09-07 23:54:25] [INFO] [EasyAIStudio] GET /api/videos/export/status 200 0.54ms
[2026-09-07 23:54:25] [INFO] [EasyAIStudio] GET /api/videos/export/status 200 1.10ms
[2026-09-07 23:54:26] [INFO] [EasyAIStudio] GET /api/videos/export/status 200 0.75ms
[2026-09-07 23:54:26] [INFO] [EasyAIStudio] GET /api/videos/export/status 200 0.66ms
[2026-09-07 23:54:27] [INFO] [EasyAIStudio] GET /api/videos/export/status 200 0.91ms
[2026-09-07 23:54:27] [INFO] [EasyAIStudio] GET /api/videos/export/status 200 0.93ms
[2026-09-07 23:54:28] [INFO] [EasyAIStudio] GET /api/videos/export/status 200 0.69ms
[2026-09-07 23:54:28] [INFO] [EasyAIStudio] GET /api/videos/export/status 200 0.76ms
[2026-09-07 23:54:28] [INFO] [EasyAIStudio] GET /exports/EasyAIStudio_Render_20260907_235423.mp4 200 1.10ms
[2026-09-08 00:04:58] [INFO] [EasyAIStudio] Logger initialized.
[2026-09-08 00:04:58] [INFO] [EasyAIStudio] Bootstrap completed.
[2026-09-08 00:04:58] [INFO] [EasyAIStudio] Providers : 4
[2026-09-08 00:04:58] [INFO] [EasyAIStudio] Models    : 2
[2026-09-08 00:04:58] [INFO] [EasyAIStudio] Services  : 10
[2026-09-08 00:08:08] [INFO] [EasyAIStudio] Logger initialized.
[2026-09-08 00:08:08] [INFO] [EasyAIStudio] Bootstrap completed.
[2026-09-08 00:08:08] [INFO] [EasyAIStudio] Providers : 4
[2026-09-08 00:08:08] [INFO] [EasyAIStudio] Models    : 2
[2026-09-08 00:08:08] [INFO] [EasyAIStudio] Services  : 10
[2026-09-08 00:17:35] [INFO] [EasyAIStudio] GET /api/videos 307 9.86ms
[2026-09-08 00:17:35] [INFO] [EasyAIStudio] GET /api/videos/ 200 3.14ms
[2026-09-08 00:17:44] [INFO] [EasyAIStudio] GET /api/videos 307 0.32ms
[2026-09-08 00:17:44] [INFO] [EasyAIStudio] GET /api/videos/ 200 0.92ms
[2026-09-08 00:19:49] [INFO] [EasyAIStudio] POST /api/files/upload 200 12.53ms
[2026-09-08 00:19:49] [INFO] [EasyAIStudio] POST /api/files/upload 200 11.94ms
[2026-09-08 00:19:49] [INFO] [EasyAIStudio] OPTIONS /api/videos/export 200 0.09ms
[2026-09-08 00:19:49] [INFO] [EasyAIStudio] POST /api/videos/export 200 198.14ms
[2026-09-08 00:19:49] [INFO] [EasyAIStudio] GET /api/videos/export/status 200 1.28ms
[2026-09-08 00:19:50] [INFO] [EasyAIStudio] GET /api/videos/export/status 200 0.89ms
[2026-09-08 00:19:50] [INFO] [EasyAIStudio] GET /api/videos/export/status 200 0.56ms
[2026-09-08 00:19:51] [INFO] [EasyAIStudio] GET /api/videos/export/status 200 0.57ms
[2026-09-08 00:19:51] [INFO] [EasyAIStudio] GET /api/videos/export/status 200 0.59ms
[2026-09-08 00:19:52] [INFO] [EasyAIStudio] GET /api/videos/export/status 200 0.55ms
[2026-09-08 00:19:52] [INFO] [EasyAIStudio] GET /api/videos/export/status 200 0.58ms
[2026-09-08 00:19:53] [INFO] [EasyAIStudio] GET /api/videos/export/status 200 0.91ms
[2026-09-08 00:19:53] [INFO] [EasyAIStudio] GET /api/videos/export/status 200 0.71ms
[2026-09-08 00:19:54] [INFO] [EasyAIStudio] GET /api/videos/export/status 200 0.68ms
[2026-09-08 00:19:54] [INFO] [EasyAIStudio] GET /exports/EasyAIStudio_Render_20260908_001949.mp4 200 25.69ms
[2026-09-08 00:20:39] [INFO] [EasyAIStudio] POST /api/videos/export 200 178.99ms
[2026-09-08 00:20:39] [INFO] [EasyAIStudio] GET /api/videos/export/status 200 0.76ms
[2026-09-08 00:20:40] [INFO] [EasyAIStudio] GET /api/videos/export/status 200 0.90ms
[2026-09-08 00:20:40] [INFO] [EasyAIStudio] GET /api/videos/export/status 200 0.56ms
[2026-09-08 00:20:41] [INFO] [EasyAIStudio] GET /api/videos/export/status 200 0.59ms
[2026-09-08 00:20:41] [INFO] [EasyAIStudio] GET /api/videos/export/status 200 0.59ms
[2026-09-08 00:20:42] [INFO] [EasyAIStudio] GET /api/videos/export/status 200 0.61ms
[2026-09-08 00:20:42] [INFO] [EasyAIStudio] GET /api/videos/export/status 200 0.71ms
[2026-09-08 00:20:43] [INFO] [EasyAIStudio] GET /api/videos/export/status 200 0.76ms
[2026-09-08 00:20:43] [INFO] [EasyAIStudio] GET /api/videos/export/status 200 0.68ms
[2026-09-08 00:20:44] [INFO] [EasyAIStudio] GET /api/videos/export/status 200 0.69ms
[2026-09-08 00:20:44] [INFO] [EasyAIStudio] GET /exports/EasyAIStudio_Render_20260908_002039.mp4 200 0.86ms
[2026-09-08 00:21:45] [INFO] [EasyAIStudio] POST /api/videos/export 200 175.45ms
[2026-09-08 00:21:45] [INFO] [EasyAIStudio] GET /api/videos/export/status 200 0.72ms
[2026-09-08 00:21:46] [INFO] [EasyAIStudio] GET /api/videos/export/status 200 0.65ms
[2026-09-08 00:21:46] [INFO] [EasyAIStudio] GET /api/videos/export/status 200 0.55ms
[2026-09-08 00:21:47] [INFO] [EasyAIStudio] GET /api/videos/export/status 200 0.63ms
[2026-09-08 00:21:47] [INFO] [EasyAIStudio] GET /api/videos/export/status 200 0.56ms
[2026-09-08 00:21:48] [INFO] [EasyAIStudio] GET /api/videos/export/status 200 0.57ms
[2026-09-08 00:21:48] [INFO] [EasyAIStudio] GET /api/videos/export/status 200 0.58ms
[2026-09-08 00:21:49] [INFO] [EasyAIStudio] GET /api/videos/export/status 200 0.90ms
[2026-09-08 00:21:49] [INFO] [EasyAIStudio] GET /api/videos/export/status 200 0.69ms
[2026-09-08 00:21:50] [INFO] [EasyAIStudio] GET /api/videos/export/status 200 0.67ms
[2026-09-08 00:21:50] [INFO] [EasyAIStudio] GET /exports/EasyAIStudio_Render_20260908_002145.mp4 200 0.90ms
[2026-09-10 12:23:14] [INFO] [EasyAIStudio] Logger initialized.
[2026-09-10 12:23:14] [INFO] [EasyAIStudio] Bootstrap completed.
[2026-09-10 12:23:14] [INFO] [EasyAIStudio] Providers : 4
[2026-09-10 12:23:14] [INFO] [EasyAIStudio] Models    : 2
[2026-09-10 12:23:14] [INFO] [EasyAIStudio] Services  : 10
[2026-09-10 12:23:43] [INFO] [EasyAIStudio] GET /api/videos 307 13.24ms
[2026-09-10 12:23:43] [INFO] [EasyAIStudio] GET /api/videos/ 200 11.68ms
[2026-09-10 12:25:08] [INFO] [EasyAIStudio] POST /api/files/upload 200 25.14ms
[2026-09-10 12:25:08] [INFO] [EasyAIStudio] POST /api/files/upload 200 14.30ms
[2026-09-10 12:25:08] [INFO] [EasyAIStudio] OPTIONS /api/videos/export 200 0.10ms
[2026-09-10 12:25:09] [INFO] [EasyAIStudio] POST /api/videos/export 200 282.22ms
[2026-09-10 12:25:09] [INFO] [EasyAIStudio] GET /api/videos/export/status 200 1.38ms
[2026-09-10 12:25:09] [INFO] [EasyAIStudio] GET /api/videos/export/status 200 0.88ms
[2026-09-10 12:25:10] [INFO] [EasyAIStudio] GET /api/videos/export/status 200 0.70ms
[2026-09-10 12:25:10] [INFO] [EasyAIStudio] GET /api/videos/export/status 200 1.04ms
[2026-09-10 12:25:11] [INFO] [EasyAIStudio] GET /api/videos/export/status 200 0.89ms
[2026-09-10 12:25:11] [INFO] [EasyAIStudio] GET /api/videos/export/status 200 0.63ms
[2026-09-10 12:25:12] [INFO] [EasyAIStudio] GET /api/videos/export/status 200 0.78ms
[2026-09-10 12:25:12] [INFO] [EasyAIStudio] GET /api/videos/export/status 200 0.80ms
[2026-09-10 12:25:13] [INFO] [EasyAIStudio] GET /api/videos/export/status 200 0.67ms
[2026-09-10 12:25:13] [INFO] [EasyAIStudio] GET /api/videos/export/status 200 1.00ms
[2026-09-10 12:25:13] [INFO] [EasyAIStudio] GET /exports/EasyAIStudio_Render_20260910_122508.mp4 200 29.58ms
[2026-09-10 12:25:23] [INFO] [EasyAIStudio] POST /api/videos/export 200 190.70ms
[2026-09-10 12:25:23] [INFO] [EasyAIStudio] GET /api/videos/export/status 200 0.80ms
[2026-09-10 12:25:24] [INFO] [EasyAIStudio] GET /api/videos/export/status 200 0.67ms
[2026-09-10 12:25:24] [INFO] [EasyAIStudio] GET /api/videos/export/status 200 1.65ms
[2026-09-10 12:25:25] [INFO] [EasyAIStudio] GET /api/videos/export/status 200 0.92ms
[2026-09-10 12:25:25] [INFO] [EasyAIStudio] GET /api/videos/export/status 200 0.81ms
[2026-09-10 12:25:26] [INFO] [EasyAIStudio] GET /api/videos/export/status 200 0.63ms
[2026-09-10 12:25:26] [INFO] [EasyAIStudio] GET /api/videos/export/status 200 0.80ms
[2026-09-10 12:25:27] [INFO] [EasyAIStudio] GET /api/videos/export/status 200 1.47ms
[2026-09-10 12:25:27] [INFO] [EasyAIStudio] GET /api/videos/export/status 200 0.88ms
[2026-09-10 12:25:28] [INFO] [EasyAIStudio] GET /api/videos/export/status 200 0.85ms
[2026-09-10 12:25:28] [INFO] [EasyAIStudio] GET /exports/EasyAIStudio_Render_20260910_122523.mp4 200 0.81ms
